[강제동],110724,1,제천강저롯데캐슬프리미어,2017.08.,863.0,27.13,89.69,20.23,66.9,120,,,,,,,,,3,2,계단식,89,20.0,16.0,https://new.land.naver.com/complexes/110724?tab=detail&rf=Y,충청북도 제천시 강제동 844,충청북도,제천시,강제동,,,충청북도 제천시 청풍호로10길 53,0.0,172,15,1053.0,1.22
[강제동],110724,2,제천강저롯데캐슬프리미어,2017.08.,863.0,30.31,100.22,22.72,75.14,301,,,,,,,,,3,2,계단식,100C,20.0,16.0,https://new.land.naver.com/complexes/110724?tab=detail&rf=Y,충청북도 제천시 강제동 844,충청북도,제천시,강제동,,,충청북도 제천시 청풍호로10길 53,0.0,172,15,1053.0,1.22
[강제동],110724,3,제천강저롯데캐슬프리미어,2017.08.,863.0,30.25,100.0,22.72,75.12,258,,,,,,,,,3,2,계단식,100A,20.0,16.0,https://new.land.naver.com/complexes/110724?tab=detail&rf=Y,충청북도 제천시 강제동 844,충청북도,제천시,강제동,,,충청북도 제천시 청풍호로10길 53,0.0,172,15,1053.0,1.22
[강제동],110724,4,제천강저롯데캐슬프리미어,2017.08.,863.0,30.46,100.72,22.72,75.14,32,,,,,,,,,3,2,계단식,100E,20.0,16.0,https://new.land.naver.com/complexes/110724?tab=detail&rf=Y,충청북도 제천시 강제동 844,충청북도,제천시,강제동,,,충청북도 제천시 청풍호로10길 53,0.0,172,15,1053.0,1.22
[강제동],110724,5,제천강저롯데캐슬프리미어,2017.08.,863.0,30.31,100.22,22.72,75.14,13,,,,,,,,,3,2,계단식,100D,20.0,16.0,https://new.land.naver.com/complexes/110724?tab=detail&rf=Y,충청북도 제천시 강제동 844,충청북도,제천시,강제동,,,충청북도 제천시 청풍호로10길 53,0.0,172,15,1053.0,1.22
[강제동],110724,6,제천강저롯데캐슬프리미어,2017.08.,863.0,30.25,100.0,22.72,75.12,9,,,,,,,,,3,2,계단식,100B,20.0,16.0,https://new.land.naver.com/complexes/110724?tab=detail&rf=Y,충청북도 제천시 강제동 844,충청북도,제천시,강제동,,,충청북도 제천시 청풍호로10길 53,0.0,172,15,1053.0,1.22
[강제동],110724,7,제천강저롯데캐슬프리미어,2017.08.,863.0,33.22,109.85,25.03,82.77,9,,,,,,,,,3,2,계단식,109A,20.0,16.0,https://new.land.naver.com/complexes/110724?tab=detail&rf=Y,충청북도 제천시 강제동 844,충청북도,제천시,강제동,,,충청북도 제천시 청풍호로10길 53,0.0,172,15,1053.0,1.22
[강제동],110724,8,제천강저롯데캐슬프리미어,2017.08.,863.0,33.29,110.07,25.04,82.79,13,,,,,,,,,3,2,계단식,110B,20.0,16.0,https://new.land.naver.com/complexes/110724?tab=detail&rf=Y,충청북도 제천시 강제동 844,충청북도,제천시,강제동,,,충청북도 제천시 청풍호로10길 53,0.0,172,15,1053.0,1.22
[강제동],110724,9,제천강저롯데캐슬프리미어,2017.08.,863.0,34.11,112.79,25.7,84.99,88,,,,,,,,,3,2,계단식,112A,20.0,16.0,https://new.land.naver.com/complexes/110724?tab=detail&rf=Y,충청북도 제천시 강제동 844,충청북도,제천시,강제동,,,충청북도 제천시 청풍호로10길 53,0.0,172,15,1053.0,1.22
[강제동],110724,10,제천강저롯데캐슬프리미어,2017.08.,863.0,34.27,113.31,25.7,84.99,20,,,,,,,,,3,2,계단식,113B,20.0,16.0,https://new.land.naver.com/complexes/110724?tab=detail&rf=Y,충청북도 제천시 강제동 844,충청북도,제천시,강제동,,,충청북도 제천시 청풍호로10길 53,0.0,172,15,1053.0,1.22
[강제동],107118,1,제천강저코아루파크(강저지구 B-4BL),2015.05.,422.0,25.12,83.05,19.15,63.31,54,,,,,,,,,3,2,계단식,83,19.0,17.0,https://new.land.naver.com/complexes/107118?tab=detail&rf=Y,충청북도 제천시 강제동 903,충청북도,제천시,강제동,,,충청북도 제천시 청풍호로10길 31,0.0,176,16,533.0,1.26
[강제동],107118,2,제천강저코아루파크(강저지구 B-4BL),2015.05.,422.0,28.14,93.03,21.5,71.08,54,,,,,,,,,3,2,계단식,93,19.0,17.0,https://new.land.naver.com/complexes/107118?tab=detail&rf=Y,충청북도 제천시 강제동 903,충청북도,제천시,강제동,,,충청북도 제천시 청풍호로10길 31,0.0,176,16,533.0,1.26
[강제동],107118,3,제천강저코아루파크(강저지구 B-4BL),2015.05.,422.0,33.16,109.63,25.53,84.4,314,,,,,,,,,4,2,계단식,109,19.0,17.0,https://new.land.naver.com/complexes/107118?tab=detail&rf=Y,충청북도 제천시 강제동 903,충청북도,제천시,강제동,,,충청북도 제천시 청풍호로10길 31,0.0,176,16,533.0,1.26
[강제동],108764,1,센트럴코아루,2016.06.,493.0,28.3,93.57,21.76,71.95,113,,,,,,,,,3,2,계단식,93,20.0,16.0,https://new.land.naver.com/complexes/108764?tab=detail&rf=Y,충청북도 제천시 강제동 805,충청북도,제천시,강제동,,,충청북도 제천시 강저로11나길 13,0.0,163,15,589.0,1.19
[강제동],108764,2,센트럴코아루,2016.06.,493.0,30.35,100.35,23.12,76.46,370,,,,,,,,,4,2,계단식,100,20.0,16.0,https://new.land.naver.com/complexes/108764?tab=detail&rf=Y,충청북도 제천시 강제동 805,충청북도,제천시,강제동,,,충청북도 제천시 강저로11나길 13,0.0,163,15,589.0,1.19
[강제동],108764,3,센트럴코아루,2016.06.,493.0,35.23,116.48,25.7,84.99,10,,,,,,,,,4,2,계단식,116,20.0,16.0,https://new.land.naver.com/complexes/108764?tab=detail&rf=Y,충청북도 제천시 강제동 805,충청북도,제천시,강제동,,,충청북도 제천시 강저로11나길 13,0.0,163,15,589.0,1.19
[고암동],109066,1,고암두진4차,2000.05.,237.0,15.4,50.92,9.98,33.0,237,,,,,,,,,1,1,계단식,50,14.0,11.0,https://new.land.naver.com/complexes/109066?tab=detail&rf=Y,충청북도 제천시 고암동 1142,충청북도,제천시,고암동,,,충청북도 제천시 용두천로 378,0.0,346,41,149.0,0.63
[고암동],113145,1,제천고암오네뜨프라임,2017.12.,596.0,22.86,75.58,15.04,49.75,71,,,,,,,,,2,1,계단식,75,20.0,14.0,https://new.land.naver.com/complexes/113145?tab=detail&rf=Y,충청북도 제천시 고암동 1268,충청북도,제천시,고암동,,,충청북도 제천시 신죽하로 83-20,0.0,161,15,714.0,1.2
[고암동],113145,2,제천고암오네뜨프라임,2017.12.,596.0,25.58,84.59,18.13,59.96,447,,,,,,,,,3,2,계단식,84,20.0,14.0,https://new.land.naver.com/complexes/113145?tab=detail&rf=Y,충청북도 제천시 고암동 1268,충청북도,제천시,고암동,,,충청북도 제천시 신죽하로 83-20,0.0,161,15,714.0,1.2
[고암동],113145,3,제천고암오네뜨프라임,2017.12.,596.0,33.36,110.3,25.7,84.97,78,,,,,,,,,4,2,계단식,110,20.0,14.0,https://new.land.naver.com/complexes/113145?tab=detail&rf=Y,충청북도 제천시 고암동 1268,충청북도,제천시,고암동,,,충청북도 제천시 신죽하로 83-20,0.0,161,15,714.0,1.2
[고암동],15338,1,금용,1993.07.,370.0,22.64,74.86,18.1,59.85,14,,,,,,,,,3,1,계단식,74,15.0,13.0,https://new.land.naver.com/complexes/15338?tab=detail&rf=Y,충청북도 제천시 고암동 1129-1,충청북도,제천시,고암동,,,충청북도 제천시 용두천로44길 5,0.0,276,22,128.0,0.35
[고암동],15338,2,금용,1993.07.,370.0,25.33,83.76,18.12,59.91,120,,,,,,,,,3,1,계단식,83,15.0,13.0,https://new.land.naver.com/complexes/15338?tab=detail&rf=Y,충청북도 제천시 고암동 1129-1,충청북도,제천시,고암동,,,충청북도 제천시 용두천로44길 5,0.0,276,22,128.0,0.35
[고암동],15338,3,금용,1993.07.,370.0,27.21,89.96,21.81,72.12,42,,,,,,,,,3,1,계단식,89A,15.0,13.0,https://new.land.naver.com/complexes/15338?tab=detail&rf=Y,충청북도 제천시 고암동 1129-1,충청북도,제천시,고암동,,,충청북도 제천시 용두천로44길 5,0.0,276,22,128.0,0.35
[고암동],15338,4,금용,1993.07.,370.0,27.21,89.96,21.81,72.12,39,,,,,,,,,3,1,계단식,89B,15.0,13.0,https://new.land.naver.com/complexes/15338?tab=detail&rf=Y,충청북도 제천시 고암동 1129-1,충청북도,제천시,고암동,,,충청북도 제천시 용두천로44길 5,0.0,276,22,128.0,0.35
[고암동],15338,5,금용,1993.07.,370.0,28.56,94.42,22.89,75.69,13,,,,,,,,,3,1,계단식,94,15.0,13.0,https://new.land.naver.com/complexes/15338?tab=detail&rf=Y,충청북도 제천시 고암동 1129-1,충청북도,제천시,고암동,,,충청북도 제천시 용두천로44길 5,0.0,276,22,128.0,0.35
[고암동],15338,6,금용,1993.07.,370.0,30.83,101.95,25.3,83.64,90,,,,,,,,,3,2,계단식,101,15.0,13.0,https://new.land.naver.com/complexes/15338?tab=detail&rf=Y,충청북도 제천시 고암동 1129-1,충청북도,제천시,고암동,,,충청북도 제천시 용두천로44길 5,0.0,276,22,128.0,0.35
[고암동],15338,7,금용,1993.07.,370.0,49.49,163.61,42.54,140.64,52,,,,,,,,,4,2,계단식,163,15.0,13.0,https://new.land.naver.com/complexes/15338?tab=detail&rf=Y,충청북도 제천시 고암동 1129-1,충청북도,제천시,고암동,,,충청북도 제천시 용두천로44길 5,0.0,276,22,128.0,0.35
[고암동],15339,1,고암두진백로,1997.10.,866.0,19.33,63.92,13.79,45.6,198,,,,,,,,,2,1,복도식,63,15.0,10.0,https://new.land.naver.com/complexes/15339?tab=detail&rf=Y,충청북도 제천시 고암동 1101,충청북도,제천시,고암동,,,충청북도 제천시 용두천로 384,0.0,205,22,761.0,0.88
[고암동],15339,2,고암두진백로,1997.10.,866.0,22.75,75.22,18.15,60.0,354,,,,,,,,,3,1,계단식,75S,15.0,10.0,https://new.land.naver.com/complexes/15339?tab=detail&rf=Y,충청북도 제천시 고암동 1101,충청북도,제천시,고암동,,,충청북도 제천시 용두천로 384,0.0,205,22,761.0,0.88
[고암동],15339,3,고암두진백로,1997.10.,866.0,22.76,75.24,18.1,59.84,140,,,,,,,,,2,2,계단식,75N,15.0,10.0,https://new.land.naver.com/complexes/15339?tab=detail&rf=Y,충청북도 제천시 고암동 1101,충청북도,제천시,고암동,,,충청북도 제천시 용두천로 384,0.0,205,22,761.0,0.88
[고암동],15339,4,고암두진백로,1997.10.,866.0,28.49,94.21,23.14,76.52,114,,,,,,,,,3,1,계단식,94,15.0,10.0,https://new.land.naver.com/complexes/15339?tab=detail&rf=Y,충청북도 제천시 고암동 1101,충청북도,제천시,고암동,,,충청북도 제천시 용두천로 384,0.0,205,22,761.0,0.88
[고암동],15339,5,고암두진백로,1997.10.,866.0,31.14,102.96,25.68,84.9,60,,,,,,,,,3,1,계단식,102,15.0,10.0,https://new.land.naver.com/complexes/15339?tab=detail&rf=Y,충청북도 제천시 고암동 1101,충청북도,제천시,고암동,,,충청북도 제천시 용두천로 384,0.0,205,22,761.0,0.88
[고암동],15340,1,부강,1988.11.,305.0,20.99,69.4,17.82,58.92,224,,,,,,,,,3,1,계단식,69B,5.0,5.0,https://new.land.naver.com/complexes/15340?tab=detail&rf=Y,충청북도 제천시 고암동 1163-1,충청북도,제천시,고암동,,,충청북도 제천시 고암로 88,0.0,155,33,0.0,0.0
[고암동],15340,2,부강,1988.11.,305.0,20.99,69.39,17.82,58.92,1,,,,,,,,,2,1,계단식,69A,5.0,5.0,https://new.land.naver.com/complexes/15340?tab=detail&rf=Y,충청북도 제천시 고암동 1163-1,충청북도,제천시,고암동,,,충청북도 제천시 고암로 88,0.0,155,33,0.0,0.0
[고암동],15340,3,부강,1988.11.,305.0,21.22,70.15,18.05,59.67,80,,,,,,,,,3,1,계단식,70C,5.0,5.0,https://new.land.naver.com/complexes/15340?tab=detail&rf=Y,충청북도 제천시 고암동 1163-1,충청북도,제천시,고암동,,,충청북도 제천시 고암로 88,0.0,155,33,0.0,0.0
[고암동],15341,1,홍인,1992.04.,115.0,21.63,71.53,17.79,58.83,40,,,,,,,,,2,1,계단식,71,5.0,5.0,https://new.land.naver.com/complexes/15341?tab=detail&rf=Y,충청북도 제천시 고암동 1169-7,충청북도,제천시,고암동,,,충청북도 제천시 용두천로 394,0.0,163,32,0.0,0.0
[고암동],15341,2,홍인,1992.04.,115.0,27.47,90.83,22.59,74.7,20,,,,,,,,,3,1,계단식,90,5.0,5.0,https://new.land.naver.com/complexes/15341?tab=detail&rf=Y,충청북도 제천시 고암동 1169-7,충청북도,제천시,고암동,,,충청북도 제천시 용두천로 394,0.0,163,32,0.0,0.0
[고암동],15341,3,홍인,1992.04.,115.0,28.51,94.25,23.44,77.52,50,,,,,,,,,3,1,계단식,94,5.0,5.0,https://new.land.naver.com/complexes/15341?tab=detail&rf=Y,충청북도 제천시 고암동 1169-7,충청북도,제천시,고암동,,,충청북도 제천시 용두천로 394,0.0,163,32,0.0,0.0
[고암동],15341,4,홍인,1992.04.,115.0,30.45,100.67,25.04,82.8,5,,,,,,,,,3,1,계단식,100,5.0,5.0,https://new.land.naver.com/complexes/15341?tab=detail&rf=Y,충청북도 제천시 고암동 1169-7,충청북도,제천시,고암동,,,충청북도 제천시 용두천로 394,0.0,163,32,0.0,0.0
[고암동],15337,1,고암주공,1986.02.,500.0,13.28,43.92,11.65,38.52,130,,,,,,,,,2,1,계단식,43,5.0,5.0,https://new.land.naver.com/complexes/15337?tab=detail&rf=Y,충청북도 제천시 고암동 1250,충청북도,제천시,고암동,,,충청북도 제천시 고암로14길 13,0.0,74,17,0.0,0.0
[고암동],15337,2,고암주공,1986.02.,500.0,13.64,45.12,12.01,39.72,140,,,,,,,,,2,1,계단식,45,5.0,5.0,https://new.land.naver.com/complexes/15337?tab=detail&rf=Y,충청북도 제천시 고암동 1250,충청북도,제천시,고암동,,,충청북도 제천시 고암로14길 13,0.0,74,17,0.0,0.0
[고암동],15337,3,고암주공,1986.02.,500.0,15.92,52.65,14.29,47.25,160,,,,,,,,,2,1,계단식,52C,5.0,5.0,https://new.land.naver.com/complexes/15337?tab=detail&rf=Y,충청북도 제천시 고암동 1250,충청북도,제천시,고암동,,,충청북도 제천시 고암로14길 13,0.0,74,17,0.0,0.0
[고암동],15337,4,고암주공,1986.02.,500.0,15.88,52.5,14.24,47.1,40,,,,,,,,,2,1,계단식,52B,5.0,5.0,https://new.land.naver.com/complexes/15337?tab=detail&rf=Y,충청북도 제천시 고암동 1250,충청북도,제천시,고암동,,,충청북도 제천시 고암로14길 13,0.0,74,17,0.0,0.0
[고암동],15337,5,고암주공,1986.02.,500.0,15.77,52.14,14.13,46.74,30,,,,,,,,,2,1,계단식,52A,5.0,5.0,https://new.land.naver.com/complexes/15337?tab=detail&rf=Y,충청북도 제천시 고암동 1250,충청북도,제천시,고암동,,,충청북도 제천시 고암로14길 13,0.0,74,17,0.0,0.0
[고암동],103863,1,보미파란채,2009.10.,378.0,34.46,113.92,25.7,84.97,60,,,,,,,,,3,2,계단식,113B,15.0,10.0,https://new.land.naver.com/complexes/103863?tab=detail&rf=Y,충청북도 제천시 고암동 1254,충청북도,제천시,고암동,,,충청북도 제천시 용두천로46길 12,0.0,228,21,422.0,1.12
[고암동],103863,2,보미파란채,2009.10.,378.0,34.65,114.56,25.7,84.99,239,,,,,,,,,3,2,계단식,114A,15.0,10.0,https://new.land.naver.com/complexes/103863?tab=detail&rf=Y,충청북도 제천시 고암동 1254,충청북도,제천시,고암동,,,충청북도 제천시 용두천로46길 12,0.0,228,21,422.0,1.12
[고암동],103863,3,보미파란채,2009.10.,378.0,47.12,155.77,37.79,124.94,26,,,,,,,,,4,2,계단식,155A,15.0,10.0,https://new.land.naver.com/complexes/103863?tab=detail&rf=Y,충청북도 제천시 고암동 1254,충청북도,제천시,고암동,,,충청북도 제천시 용두천로46길 12,0.0,228,21,422.0,1.12
[고암동],103863,4,보미파란채,2009.10.,378.0,47.41,156.76,37.78,124.91,23,,,,,,,,,4,2,계단식,156B,15.0,10.0,https://new.land.naver.com/complexes/103863?tab=detail&rf=Y,충청북도 제천시 고암동 1254,충청북도,제천시,고암동,,,충청북도 제천시 용두천로46길 12,0.0,228,21,422.0,1.12
[고암동],103863,5,보미파란채,2009.10.,378.0,55.21,182.54,44.84,148.26,30,,,,,,,,,4,2,계단식,182,15.0,10.0,https://new.land.naver.com/complexes/103863?tab=detail&rf=Y,충청북도 제천시 고암동 1254,충청북도,제천시,고암동,,,충청북도 제천시 용두천로46길 12,0.0,228,21,422.0,1.12
[교동],6938,1,두진,1994.11.,363.0,23.85,78.86,18.13,59.96,203,,,,,,,,,3,1,계단식,78,18.0,8.0,https://new.land.naver.com/complexes/6938?tab=detail&rf=Y,충청북도 제천시 교동 1-1,충청북도,제천시,교동,,,충청북도 제천시 독순로23길 19,0.0,264,23,193.0,0.53
[교동],6938,2,두진,1994.11.,363.0,31.32,103.54,25.41,84.0,160,,,,,,,,,3,2,계단식,103,18.0,8.0,https://new.land.naver.com/complexes/6938?tab=detail&rf=Y,충청북도 제천시 교동 1-1,충청북도,제천시,교동,,,충청북도 제천시 독순로23길 19,0.0,264,23,193.0,0.53
[동현동],15343,1,동현현대,1992.10.,276.0,26.4,87.28,21.58,71.37,86,,,,,,,,,3,1,계단식,87,15.0,11.0,https://new.land.naver.com/complexes/15343?tab=detail&rf=Y,충청북도 제천시 동현동 29-2,충청북도,제천시,동현동,,,충청북도 제천시 독순로 140,0.0,209,19,189.0,0.68
[동현동],15343,2,동현현대,1992.10.,276.0,31.41,103.86,25.69,84.93,190,,,,,,,,,3,2,계단식,103,15.0,11.0,https://new.land.naver.com/complexes/15343?tab=detail&rf=Y,충청북도 제천시 동현동 29-2,충청북도,제천시,동현동,,,충청북도 제천시 독순로 140,0.0,209,19,189.0,0.68
[동현동],115014,1,동현,1986.02.,88.0,21.48,71.02,19.59,64.78,88,,,,,,,,,3,1,계단식,71,6.0,3.0,https://new.land.naver.com/complexes/115014?tab=detail&rf=Y,충청북도 제천시 동현동 239,충청북도,제천시,동현동,,,충청북도 제천시 의병대로26길 15,0.0,134,34,27.0,0.31
[동현동],17216,1,세경,1989.12.,390.0,14.48,47.89,11.57,38.25,72,,,,,,,,,1,1,복도식,47,6.0,5.0,https://new.land.naver.com/complexes/17216?tab=detail&rf=Y,충청북도 제천시 동현동 63-1,충청북도,제천시,동현동,,,충청북도 제천시 의병대로30길 10,0.0,184,34,0.0,0.0
[동현동],17216,2,세경,1989.12.,390.0,14.73,48.7,11.76,38.88,114,,,,,,,,,1,1,계단식,48,6.0,5.0,https://new.land.naver.com/complexes/17216?tab=detail&rf=Y,충청북도 제천시 동현동 63-1,충청북도,제천시,동현동,,,충청북도 제천시 의병대로30길 10,0.0,184,34,0.0,0.0
[동현동],17216,3,세경,1989.12.,390.0,19.84,65.59,17.2,56.88,204,,,,,,,,,2,1,계단식,65,6.0,5.0,https://new.land.naver.com/complexes/17216?tab=detail&rf=Y,충청북도 제천시 동현동 63-1,충청북도,제천시,동현동,,,충청북도 제천시 의병대로30길 10,0.0,184,34,0.0,0.0
[동현동],10076,1,일동,1997.09.,120.0,24.48,80.93,18.14,59.97,120,,,,,,,,,3,1,계단식,80,15.0,15.0,https://new.land.naver.com/complexes/10076?tab=detail&rf=Y,충청북도 제천시 동현동 109,충청북도,제천시,동현동,,,충청북도 제천시 의병대로 182,0.0,0,0,78.0,0.65
[명동],120368,1,진보하이스트,2013.11.,63.0,26.89,88.9,18.13,59.96,47,,,,,,,,,3,2,계단식,88,20.0,17.0,https://new.land.naver.com/complexes/120368?tab=detail&rf=Y,충청북도 제천시 명동 174-2,충청북도,제천시,명동,,,충청북도 제천시 의병대로14길 24,0.0,333,40,51.0,0.81
[명동],120368,2,진보하이스트,2013.11.,63.0,37.84,125.11,25.7,84.96,16,,,,,,,,,3,2,계단식,125,20.0,17.0,https://new.land.naver.com/complexes/120368?tab=detail&rf=Y,충청북도 제천시 명동 174-2,충청북도,제천시,명동,,,충청북도 제천시 의병대로14길 24,0.0,333,40,51.0,0.81
[명동],141368,1,명동인터빌2차,2005.03.,18.0,31.5,104.16,25.68,84.91,18,,,,,,,,,3,2,계단식,104,11.0,11.0,https://new.land.naver.com/complexes/141368?tab=detail&rf=Y,충청북도 제천시 명동 148-6,충청북도,제천시,명동,,,충청북도 제천시 의병대로12길 19,0.0,303,38,9.0,0.5
[모산동],101022,1,로즈웰모산힐,2003.05.,180.0,26.03,86.08,25.68,84.9,60,,,,,,,,,3,2,계단식,86,15.0,15.0,https://new.land.naver.com/complexes/101022?tab=detail&rf=Y,충청북도 제천시 모산동 543-9,충청북도,제천시,모산동,,,충청북도 제천시 신죽하로 165,0.0,209,19,180.0,1.0
[모산동],101022,2,로즈웰모산힐,2003.05.,180.0,34.04,112.53,25.7,84.97,120,,,,,,,,,3,2,계단식,112,15.0,15.0,https://new.land.naver.com/complexes/101022?tab=detail&rf=Y,충청북도 제천시 모산동 543-9,충청북도,제천시,모산동,,,충청북도 제천시 신죽하로 165,0.0,209,19,180.0,1.0
[봉양읍],102459,1,미당한마음,2004.12.,495.0,22.87,75.63,18.01,59.54,495,,,,,,,,,2,1,계단식,75,15.0,14.0,https://new.land.naver.com/complexes/102459?tab=detail&rf=Y,충청북도 제천시 봉양읍 미당리 820,충청북도,제천시,봉양읍,,,충청북도 제천시 용두대로36길 5-12,0.0,136,15,426.0,0.86
[봉양읍],12044,1,중앙,1994.02.,447.0,20.12,66.54,14.97,49.5,63,,,,,,,,,2,1,복도식,66,15.0,8.0,https://new.land.naver.com/complexes/12044?tab=detail&rf=Y,충청북도 제천시 봉양읍 주포리 235,충청북도,제천시,봉양읍,,,충청북도 제천시 제원로2길 7,0.0,226,18,207.0,0.46
[봉양읍],12044,2,중앙,1994.02.,447.0,22.37,73.97,16.64,55.02,76,,,,,,,,,2,1,복도식,73,15.0,8.0,https://new.land.naver.com/complexes/12044?tab=detail&rf=Y,충청북도 제천시 봉양읍 주포리 235,충청북도,제천시,봉양읍,,,충청북도 제천시 제원로2길 7,0.0,226,18,207.0,0.46
[봉양읍],12044,3,중앙,1994.02.,447.0,23.07,76.27,18.06,59.71,74,,,,,,,,,3,1,계단식,76,15.0,8.0,https://new.land.naver.com/complexes/12044?tab=detail&rf=Y,충청북도 제천시 봉양읍 주포리 235,충청북도,제천시,봉양읍,,,충청북도 제천시 제원로2길 7,0.0,226,18,207.0,0.46
[봉양읍],12044,4,중앙,1994.02.,447.0,30.97,102.41,25.56,84.5,234,,,,,,,,,3,2,계단식,102,15.0,8.0,https://new.land.naver.com/complexes/12044?tab=detail&rf=Y,충청북도 제천시 봉양읍 주포리 235,충청북도,제천시,봉양읍,,,충청북도 제천시 제원로2길 7,0.0,226,18,207.0,0.46
[신백동],6943,1,극동,1993.09.,653.0,23.23,76.8,18.14,59.98,113,,,,,,,,,3,1,계단식,76,15.0,5.0,https://new.land.naver.com/complexes/6943?tab=detail&rf=Y,충청북도 제천시 신백동 208-5,충청북도,제천시,신백동,,,충청북도 제천시 관전로1길 35,0.0,221,23,393.0,0.6
[신백동],6943,2,극동,1993.09.,653.0,28.34,93.7,22.77,75.3,151,,,,,,,,,3,1,계단식,93,15.0,5.0,https://new.land.naver.com/complexes/6943?tab=detail&rf=Y,충청북도 제천시 신백동 208-5,충청북도,제천시,신백동,,,충청북도 제천시 관전로1길 35,0.0,221,23,393.0,0.6
[신백동],6943,3,극동,1993.09.,653.0,31.49,104.11,25.7,84.99,311,,,,,,,,,3,2,계단식,104,15.0,5.0,https://new.land.naver.com/complexes/6943?tab=detail&rf=Y,충청북도 제천시 신백동 208-5,충청북도,제천시,신백동,,,충청북도 제천시 관전로1길 35,0.0,221,23,393.0,0.6
[신백동],6943,4,극동,1993.09.,653.0,31.58,104.41,25.68,84.9,78,,,,,,,,,3,2,복도식,104,15.0,5.0,https://new.land.naver.com/complexes/6943?tab=detail&rf=Y,충청북도 제천시 신백동 208-5,충청북도,제천시,신백동,,,충청북도 제천시 관전로1길 35,0.0,221,23,393.0,0.6
[신백동],15346,1,장미,1994.08.,330.0,25.19,83.28,18.07,59.74,330,,,,,,,,,3,1,복도식,83,15.0,8.0,https://new.land.naver.com/complexes/15346?tab=detail&rf=Y,충청북도 제천시 신백동 205-5,충청북도,제천시,신백동,,,충청북도 제천시 의병대로36길 28,0.0,303,29,151.0,0.46
[신백동],15348,1,화성1차,1988.08.,226.0,14.15,46.8,12.41,41.04,16,,,,,,,,,3,1,계단식,46,5.0,3.0,https://new.land.naver.com/complexes/15348?tab=detail&rf=Y,충청북도 제천시 신백동 201-1,충청북도,제천시,신백동,,,충청북도 제천시 신백로12길 20,0.0,86,21,0.0,0.0
[신백동],15348,2,화성1차,1988.08.,226.0,15.24,50.4,13.5,44.64,210,,,,,,,,,3,1,계단식,50,5.0,3.0,https://new.land.naver.com/complexes/15348?tab=detail&rf=Y,충청북도 제천시 신백동 201-1,충청북도,제천시,신백동,,,충청북도 제천시 신백로12길 20,0.0,86,21,0.0,0.0
[신백동],15345,1,신백덕일한마음,1996.09.,805.0,21.85,72.24,15.43,51.03,166,,,,,,,,,2,1,복도식,72,14.0,11.0,https://new.land.naver.com/complexes/15345?tab=detail&rf=Y,충청북도 제천시 신백동 110,충청북도,제천시,신백동,,,충청북도 제천시 탑안로4길 11,0.0,204,22,599.0,0.74
[신백동],15345,2,신백덕일한마음,1996.09.,805.0,22.71,75.08,18.13,59.94,520,,,,,,,,,3,1,계단식,75A,14.0,11.0,https://new.land.naver.com/complexes/15345?tab=detail&rf=Y,충청북도 제천시 신백동 110,충청북도,제천시,신백동,,,충청북도 제천시 탑안로4길 11,0.0,204,22,599.0,0.74
[신백동],15345,3,신백덕일한마음,1996.09.,805.0,22.72,75.14,18.13,59.95,119,,,,,,,,,3,1,계단식,75B,14.0,11.0,https://new.land.naver.com/complexes/15345?tab=detail&rf=Y,충청북도 제천시 신백동 110,충청북도,제천시,신백동,,,충청북도 제천시 탑안로4길 11,0.0,204,22,599.0,0.74
[신백동],15350,1,화성2차,1992.02.,420.0,17.87,59.09,13.14,43.44,124,,,,,,,,,2,1,계단식,59,5.0,4.0,https://new.land.naver.com/complexes/15350?tab=detail&rf=Y,충청북도 제천시 신백동 198-3,충청북도,제천시,신백동,,,충청북도 제천시 신백로14길 21,0.0,144,33,0.0,0.0
[신백동],15350,2,화성2차,1992.02.,420.0,18.67,61.75,13.79,45.6,287,,,,,,,,,2,1,계단식,61,5.0,4.0,https://new.land.naver.com/complexes/15350?tab=detail&rf=Y,충청북도 제천시 신백동 198-3,충청북도,제천시,신백동,,,충청북도 제천시 신백로14길 21,0.0,144,33,0.0,0.0
[신백동],15350,3,화성2차,1992.02.,420.0,24.07,79.59,18.15,60.0,9,,,,,,,,,3,1,계단식,79,5.0,4.0,https://new.land.naver.com/complexes/15350?tab=detail&rf=Y,충청북도 제천시 신백동 198-3,충청북도,제천시,신백동,,,충청북도 제천시 신백로14길 21,0.0,144,33,0.0,0.0
[신백동],17218,1,신백덕일한마음2차,2000.07.,308.0,22.63,74.84,17.99,59.49,142,,,,,,,,,3,1,계단식,74B,15.0,7.0,https://new.land.naver.com/complexes/17218?tab=detail&rf=Y,충청북도 제천시 신백동 134,충청북도,제천시,신백동,,,충청북도 제천시 의병대로35길 28,0.0,190,21,248.0,0.81
[신백동],17218,2,신백덕일한마음2차,2000.07.,308.0,22.8,75.38,17.98,59.46,166,,,,,,,,,3,1,계단식,75A,15.0,7.0,https://new.land.naver.com/complexes/17218?tab=detail&rf=Y,충청북도 제천시 신백동 134,충청북도,제천시,신백동,,,충청북도 제천시 의병대로35길 28,0.0,190,21,248.0,0.81
[신백동],6948,1,선광로즈웰,2000.06.,698.0,23.68,78.29,18.13,59.96,98,,,,,,,,,3,2,계단식,78,15.0,11.0,https://new.land.naver.com/complexes/6948?tab=detail&rf=Y,충청북도 제천시 신백동 209-8,충청북도,제천시,신백동,,,충청북도 제천시 신백로 30,600.0,217,24,505.0,0.72
[신월동],122286,1,부영사랑으로,2006.11.,401.0,35.65,117.86,25.67,84.89,202,,,,,,,,,3,2,계단식,117A,15.0,11.0,https://new.land.naver.com/complexes/122286?tab=detail&rf=Y,충청북도 제천시 신월동 1414,충청북도,제천시,신월동,,,충청북도 제천시 대학로12길 8,157.0,222,20,422.0,1.05
[신월동],122286,2,부영사랑으로,2006.11.,401.0,35.65,117.86,25.67,84.89,42,,,,,,,,,3,2,계단식,117B,15.0,11.0,https://new.land.naver.com/complexes/122286?tab=detail&rf=Y,충청북도 제천시 신월동 1414,충청북도,제천시,신월동,,,충청북도 제천시 대학로12길 8,157.0,222,20,422.0,1.05
[영천동],124808,1,하늘미소,2014.12.,19.0,27.47,90.83,22.43,74.17,5,,,,,,,,,3,2,계단식,90,8.0,7.0,https://new.land.naver.com/complexes/124808?tab=detail&rf=Y,충청북도 제천시 영천동 458,충청북도,제천시,영천동,,,충청북도 제천시 내제로 16-1,0.0,274,50,19.0,1.0
[영천동],124808,2,하늘미소,2014.12.,19.0,27.76,91.79,22.68,74.98,5,,,,,,,,,3,2,계단식,91,8.0,7.0,https://new.land.naver.com/complexes/124808?tab=detail&rf=Y,충청북도 제천시 영천동 458,충청북도,제천시,영천동,,,충청북도 제천시 내제로 16-1,0.0,274,50,19.0,1.0
[영천동],124808,3,하늘미소,2014.12.,19.0,28.84,95.35,23.54,77.85,9,,,,,,,,,3,2,계단식,95,8.0,7.0,https://new.land.naver.com/complexes/124808?tab=detail&rf=Y,충청북도 제천시 영천동 458,충청북도,제천시,영천동,,,충청북도 제천시 내제로 16-1,0.0,274,50,19.0,1.0
[왕암동],23601,1,현진에버빌1차,2007.07.,377.0,26.83,88.71,19.48,64.42,88,,,,,,,,,3,2,계단식,88,15.0,12.0,https://new.land.naver.com/complexes/23601?tab=detail&rf=Y,충청북도 제천시 왕암동 905,충청북도,제천시,왕암동,,,충청북도 제천시 바이오밸리로 202,0.0,198,18,409.0,1.08
[왕암동],23601,2,현진에버빌1차,2007.07.,377.0,31.94,105.6,22.33,73.84,59,,,,,,,,,3,2,계단식,105,15.0,12.0,https://new.land.naver.com/complexes/23601?tab=detail&rf=Y,충청북도 제천시 왕암동 905,충청북도,제천시,왕암동,,,충청북도 제천시 바이오밸리로 202,0.0,198,18,409.0,1.08
[왕암동],23601,3,현진에버빌1차,2007.07.,377.0,36.48,120.61,25.61,84.68,200,,,,,,,,,3,2,계단식,120,15.0,12.0,https://new.land.naver.com/complexes/23601?tab=detail&rf=Y,충청북도 제천시 왕암동 905,충청북도,제천시,왕암동,,,충청북도 제천시 바이오밸리로 202,0.0,198,18,409.0,1.08
[왕암동],23601,4,현진에버빌1차,2007.07.,377.0,46.73,154.51,37.98,125.58,30,,,,,,,,,4,2,계단식,154,15.0,12.0,https://new.land.naver.com/complexes/23601?tab=detail&rf=Y,충청북도 제천시 왕암동 905,충청북도,제천시,왕암동,,,충청북도 제천시 바이오밸리로 202,0.0,198,18,409.0,1.08
[왕암동],115011,1,왕암코아루드림,2018.04.,749.0,25.13,83.1,18.22,60.26,356,,,,,,,,,3,2,계단식,83A,15.0,10.0,https://new.land.naver.com/complexes/115011?tab=detail&rf=Y,충청북도 제천시 왕암동 779,충청북도,제천시,왕암동,,,충청북도 제천시 바이오밸리로 171,0.0,142,16,928.0,1.24
[왕암동],115011,2,왕암코아루드림,2018.04.,749.0,25.13,83.1,18.22,60.26,231,,,,,,,,,3,2,계단식,83C,15.0,10.0,https://new.land.naver.com/complexes/115011?tab=detail&rf=Y,충청북도 제천시 왕암동 779,충청북도,제천시,왕암동,,,충청북도 제천시 바이오밸리로 171,0.0,142,16,928.0,1.24
[왕암동],115011,3,왕암코아루드림,2018.04.,749.0,25.27,83.56,18.27,60.42,64,,,,,,,,,3,2,계단식,83B,15.0,10.0,https://new.land.naver.com/complexes/115011?tab=detail&rf=Y,충청북도 제천시 왕암동 779,충청북도,제천시,왕암동,,,충청북도 제천시 바이오밸리로 171,0.0,142,16,928.0,1.24
[왕암동],115011,4,왕암코아루드림,2018.04.,749.0,27.42,90.65,20.01,66.18,53,,,,,,,,,3,2,계단식,90A,15.0,10.0,https://new.land.naver.com/complexes/115011?tab=detail&rf=Y,충청북도 제천시 왕암동 779,충청북도,제천시,왕암동,,,충청북도 제천시 바이오밸리로 171,0.0,142,16,928.0,1.24
[왕암동],115011,5,왕암코아루드림,2018.04.,749.0,27.79,91.88,20.18,66.72,45,,,,,,,,,3,2,계단식,91B,15.0,10.0,https://new.land.naver.com/complexes/115011?tab=detail&rf=Y,충청북도 제천시 왕암동 779,충청북도,제천시,왕암동,,,충청북도 제천시 바이오밸리로 171,0.0,142,16,928.0,1.24
[의림동],115027,1,광진샤인빌,2004.04.,40.0,34.42,113.81,25.11,83.01,40,,,,,,,,,3,2,계단식,113,6.0,6.0,https://new.land.naver.com/complexes/115027?tab=detail&rf=Y,충청북도 제천시 의림동 226,충청북도,제천시,의림동,,,충청북도 제천시 내제로15길 4,0.0,195,41,40.0,1.0
[장락동],15355,1,장락주공2단지,1999.05.,714.0,16.48,54.51,12.09,39.99,89,,,,,,,,,2,1,복도식,54,15.0,15.0,https://new.land.naver.com/complexes/15355?tab=detail&rf=Y,충청북도 제천시 장락동 1026,충청북도,제천시,장락동,,,충청북도 제천시 죽하로 48,0.0,181,15,518.0,0.73
[장락동],15355,2,장락주공2단지,1999.05.,714.0,20.41,67.48,15.11,49.96,445,,,,,,,,,2,1,복도식,67,15.0,15.0,https://new.land.naver.com/complexes/15355?tab=detail&rf=Y,충청북도 제천시 장락동 1026,충청북도,제천시,장락동,,,충청북도 제천시 죽하로 48,0.0,181,15,518.0,0.73
[장락동],15355,3,장락주공2단지,1999.05.,714.0,23.52,77.77,18.08,59.8,180,,,,,,,,,3,1,계단식,77,15.0,15.0,https://new.land.naver.com/complexes/15355?tab=detail&rf=Y,충청북도 제천시 장락동 1026,충청북도,제천시,장락동,,,충청북도 제천시 죽하로 48,0.0,181,15,518.0,0.73
[장락동],15353,1,제천미림청솔,1995.11.,449.0,20.47,67.69,15.05,49.77,449,,,,,,,,,2,1,계단식,67,15.0,7.0,https://new.land.naver.com/complexes/15353?tab=detail&rf=Y,충청북도 제천시 장락동 637-7,충청북도,제천시,장락동,,,충청북도 제천시 청전대로 211,0.0,238,23,322.0,0.72
[장락동],107718,1,신안실크밸리스카이시티,2017.07.,542.0,26.34,87.1,18.35,60.69,258,,,,,,,,,3,2,계단식,87,36.0,24.0,https://new.land.naver.com/complexes/107718?tab=detail&rf=Y,충청북도 제천시 장락동 1050,충청북도,제천시,장락동,,,충청북도 제천시 내토로59길 31,248.0,574,75,1049.0,1.94
[장락동],107718,2,신안실크밸리스카이시티,2017.07.,542.0,27.79,91.88,19.24,63.61,101,,,,,,,,,3,2,계단식,91,36.0,24.0,https://new.land.naver.com/complexes/107718?tab=detail&rf=Y,충청북도 제천시 장락동 1050,충청북도,제천시,장락동,,,충청북도 제천시 내토로59길 31,248.0,574,75,1049.0,1.94
[장락동],107718,3,신안실크밸리스카이시티,2017.07.,542.0,28.05,92.75,19.53,64.57,59,,,,,,,,,3,2,계단식,92A,36.0,24.0,https://new.land.naver.com/complexes/107718?tab=detail&rf=Y,충청북도 제천시 장락동 1050,충청북도,제천시,장락동,,,충청북도 제천시 내토로59길 31,248.0,574,75,1049.0,1.94
[장락동],107718,4,신안실크밸리스카이시티,2017.07.,542.0,28.1,92.91,19.58,64.75,21,,,,,,,,,3,2,계단식,92B,36.0,24.0,https://new.land.naver.com/complexes/107718?tab=detail&rf=Y,충청북도 제천시 장락동 1050,충청북도,제천시,장락동,,,충청북도 제천시 내토로59길 31,248.0,574,75,1049.0,1.94
[장락동],107718,5,신안실크밸리스카이시티,2017.07.,542.0,33.84,111.89,23.71,78.4,35,,,,,,,,,3,2,계단식,111,36.0,24.0,https://new.land.naver.com/complexes/107718?tab=detail&rf=Y,충청북도 제천시 장락동 1050,충청북도,제천시,장락동,,,충청북도 제천시 내토로59길 31,248.0,574,75,1049.0,1.94
[장락동],107718,6,신안실크밸리스카이시티,2017.07.,542.0,36.57,120.9,25.68,84.9,68,,,,,,,,,3,2,계단식,120,36.0,24.0,https://new.land.naver.com/complexes/107718?tab=detail&rf=Y,충청북도 제천시 장락동 1050,충청북도,제천시,장락동,,,충청북도 제천시 내토로59길 31,248.0,574,75,1049.0,1.94
[장락동],101182,1,장락파라디아,2008.06.,213.0,34.27,113.32,25.69,84.93,50,,,,,,,,,3,2,계단식,113,20.0,9.0,https://new.land.naver.com/complexes/101182?tab=detail&rf=Y,충청북도 제천시 장락동 325,충청북도,제천시,장락동,,,충청북도 제천시 내토로57길 19,0.0,230,19,322.0,1.51
[장락동],101182,2,장락파라디아,2008.06.,213.0,36.39,120.32,25.7,84.98,36,,,,,,,,,3,2,계단식,120,20.0,9.0,https://new.land.naver.com/complexes/101182?tab=detail&rf=Y,충청북도 제천시 장락동 325,충청북도,제천시,장락동,,,충청북도 제천시 내토로57길 19,0.0,230,19,322.0,1.51
[장락동],101182,3,장락파라디아,2008.06.,213.0,48.38,159.95,38.03,125.74,49,,,,,,,,,4,2,계단식,159,20.0,9.0,https://new.land.naver.com/complexes/101182?tab=detail&rf=Y,충청북도 제천시 장락동 325,충청북도,제천시,장락동,,,충청북도 제천시 내토로57길 19,0.0,230,19,322.0,1.51
[장락동],101182,4,장락파라디아,2008.06.,213.0,50.28,166.24,39.66,131.11,4,,,,,,,,,4,2,계단식,166,20.0,9.0,https://new.land.naver.com/complexes/101182?tab=detail&rf=Y,충청북도 제천시 장락동 325,충청북도,제천시,장락동,,,충청북도 제천시 내토로57길 19,0.0,230,19,322.0,1.51
[장락동],101182,5,장락파라디아,2008.06.,213.0,53.61,177.24,42.64,140.96,74,,,,,,,,,4,2,계단식,177,20.0,9.0,https://new.land.naver.com/complexes/101182?tab=detail&rf=Y,충청북도 제천시 장락동 325,충청북도,제천시,장락동,,,충청북도 제천시 내토로57길 19,0.0,230,19,322.0,1.51
[장락동],23598,1,장락e-편한세상,2007.07.,378.0,33.52,110.84,25.69,84.94,135,,,,,,,,,3,2,계단식,110A,15.0,11.0,https://new.land.naver.com/complexes/23598?tab=detail&rf=Y,충청북도 제천시 장락동 678,충청북도,제천시,장락동,,,충청북도 제천시 장락로 62,0.0,209,21,503.0,1.33
[장락동],23598,2,장락e-편한세상,2007.07.,378.0,33.72,111.5,25.7,84.97,24,,,,,,,,,3,2,계단식,111B,15.0,11.0,https://new.land.naver.com/complexes/23598?tab=detail&rf=Y,충청북도 제천시 장락동 678,충청북도,제천시,장락동,,,충청북도 제천시 장락로 62,0.0,209,21,503.0,1.33
[장락동],23598,3,장락e-편한세상,2007.07.,378.0,45.7,151.09,36.25,119.84,195,,,,,,,,,4,2,계단식,151,15.0,11.0,https://new.land.naver.com/complexes/23598?tab=detail&rf=Y,충청북도 제천시 장락동 678,충청북도,제천시,장락동,,,충청북도 제천시 장락로 62,0.0,209,21,503.0,1.33
[장락동],23598,4,장락e-편한세상,2007.07.,378.0,54.2,179.18,44.41,146.83,24,,,,,,,,,4,2,계단식,179,15.0,11.0,https://new.land.naver.com/complexes/23598?tab=detail&rf=Y,충청북도 제천시 장락동 678,충청북도,제천시,장락동,,,충청북도 제천시 장락로 62,0.0,209,21,503.0,1.33
[장락동],15352,1,장락로즈웰,2001.07.,253.0,32.37,107.03,24.04,79.49,81,,,,,,,,,3,2,계단식,107,15.0,9.0,https://new.land.naver.com/complexes/15352?tab=detail&rf=Y,충청북도 제천시 장락동 536-4,충청북도,제천시,장락동,,,충청북도 제천시 장락로 169,0.0,240,21,266.0,1.05
[장락동],15352,2,장락로즈웰,2001.07.,253.0,34.76,114.92,25.69,84.95,112,,,,,,,,,3,2,계단식,114,15.0,9.0,https://new.land.naver.com/complexes/15352?tab=detail&rf=Y,충청북도 제천시 장락동 536-4,충청북도,제천시,장락동,,,충청북도 제천시 장락로 169,0.0,240,21,266.0,1.05
[장락동],15352,3,장락로즈웰,2001.07.,253.0,43.4,143.49,32.01,105.82,30,,,,,,,,,3,2,계단식,143,15.0,9.0,https://new.land.naver.com/complexes/15352?tab=detail&rf=Y,충청북도 제천시 장락동 536-4,충청북도,제천시,장락동,,,충청북도 제천시 장락로 169,0.0,240,21,266.0,1.05
[장락동],15352,4,장락로즈웰,2001.07.,253.0,52.79,174.52,39.63,131.02,30,,,,,,,,,4,2,계단식,174,15.0,9.0,https://new.land.naver.com/complexes/15352?tab=detail&rf=Y,충청북도 제천시 장락동 536-4,충청북도,제천시,장락동,,,충청북도 제천시 장락로 169,0.0,240,21,266.0,1.05
[장락동],100980,1,천일베리굿,2003.07.,266.0,22.68,74.99,18.13,59.95,60,,,,,,,,,3,2,계단식,74,15.0,14.0,https://new.land.naver.com/complexes/100980?tab=detail&rf=Y,충청북도 제천시 장락동 460,충청북도,제천시,장락동,,,충청북도 제천시 내토로65길 17,0.0,200,17,271.0,1.02
[장락동],100980,2,천일베리굿,2003.07.,266.0,33.68,111.36,25.68,84.91,206,,,,,,,,,3,2,계단식,111,15.0,14.0,https://new.land.naver.com/complexes/100980?tab=detail&rf=Y,충청북도 제천시 장락동 460,충청북도,제천시,장락동,,,충청북도 제천시 내토로65길 17,0.0,200,17,271.0,1.02
[장락동],27252,1,장락롯데캐슬,2008.11.,342.0,32.87,108.69,25.67,84.88,56,,,,,,,,,3,2,계단식,108,15.0,11.0,https://new.land.naver.com/complexes/27252?tab=detail&rf=Y,충청북도 제천시 장락동 1046,충청북도,제천시,장락동,,,충청북도 제천시 신죽하로 83-24,0.0,208,17,458.0,1.34
[장락동],27252,2,장락롯데캐슬,2008.11.,342.0,33.12,109.52,25.7,84.99,60,,,,,,,,,3,2,계단식,109A,15.0,11.0,https://new.land.naver.com/complexes/27252?tab=detail&rf=Y,충청북도 제천시 장락동 1046,충청북도,제천시,장락동,,,충청북도 제천시 신죽하로 83-24,0.0,208,17,458.0,1.34
[장락동],27252,3,장락롯데캐슬,2008.11.,342.0,33.84,111.88,25.7,84.98,55,,,,,,,,,3,2,계단식,111B,15.0,11.0,https://new.land.naver.com/complexes/27252?tab=detail&rf=Y,충청북도 제천시 장락동 1046,충청북도,제천시,장락동,,,충청북도 제천시 신죽하로 83-24,0.0,208,17,458.0,1.34
[장락동],27252,4,장락롯데캐슬,2008.11.,342.0,46.19,152.7,35.75,118.19,143,,,,,,,,,4,2,계단식,152,15.0,11.0,https://new.land.naver.com/complexes/27252?tab=detail&rf=Y,충청북도 제천시 장락동 1046,충청북도,제천시,장락동,,,충청북도 제천시 신죽하로 83-24,0.0,208,17,458.0,1.34
[장락동],27252,5,장락롯데캐슬,2008.11.,342.0,52.99,175.19,41.17,136.11,28,,,,,,,,,4,2,계단식,175,15.0,11.0,https://new.land.naver.com/complexes/27252?tab=detail&rf=Y,충청북도 제천시 장락동 1046,충청북도,제천시,장락동,,,충청북도 제천시 신죽하로 83-24,0.0,208,17,458.0,1.34
[장락동],15354,1,수정타운,1991.12.,147.0,18.78,62.09,15.1,49.95,141,,,,,,,,,2,1,계단식,62,4.0,3.0,https://new.land.naver.com/complexes/15354?tab=detail&rf=Y,충청북도 제천시 장락동 852,충청북도,제천시,장락동,,,충청북도 제천시 용두천로32길 13,0.0,107,31,0.0,0.0
[장락동],15354,2,수정타운,1991.12.,147.0,20.86,68.98,15.1,49.95,6,,,,,,,,,2,1,복도식,68,4.0,3.0,https://new.land.naver.com/complexes/15354?tab=detail&rf=Y,충청북도 제천시 장락동 852,충청북도,제천시,장락동,,,충청북도 제천시 용두천로32길 13,0.0,107,31,0.0,0.0
[장락동],113091,1,장락엘크루힐즈,2018.06.,310.0,30.57,101.07,23.23,76.81,250,,,,,,,,,3,2,계단식,101A,15.0,10.0,https://new.land.naver.com/complexes/113091?tab=detail&rf=Y,충청북도 제천시 장락동 1058,충청북도,제천시,장락동,,,충청북도 제천시 내제로 339,0.0,236,27,392.0,1.26
[장락동],113091,2,장락엘크루힐즈,2018.06.,310.0,30.57,101.07,23.23,76.81,22,,,,,,,,,3,2,계단식,101B,15.0,10.0,https://new.land.naver.com/complexes/113091?tab=detail&rf=Y,충청북도 제천시 장락동 1058,충청북도,제천시,장락동,,,충청북도 제천시 내제로 339,0.0,236,27,392.0,1.26
[장락동],113091,3,장락엘크루힐즈,2018.06.,310.0,34.07,112.63,25.49,84.29,12,,,,,,,,,3,2,계단식,112B,15.0,10.0,https://new.land.naver.com/complexes/113091?tab=detail&rf=Y,충청북도 제천시 장락동 1058,충청북도,제천시,장락동,,,충청북도 제천시 내제로 339,0.0,236,27,392.0,1.26
[장락동],113091,4,장락엘크루힐즈,2018.06.,310.0,34.66,114.6,25.66,84.83,26,,,,,,,,,3,2,계단식,114A,15.0,10.0,https://new.land.naver.com/complexes/113091?tab=detail&rf=Y,충청북도 제천시 장락동 1058,충청북도,제천시,장락동,,,충청북도 제천시 내제로 339,0.0,236,27,392.0,1.26
[장락동],123242,1,부강타운,1991.12.,232.0,21.4,70.77,17.95,59.36,168,,,,,,,,,3,1,계단식,70,4.0,4.0,https://new.land.naver.com/complexes/123242?tab=detail&rf=Y,충청북도 제천시 장락동 851,충청북도,제천시,장락동,,,충청북도 제천시 청전대로 230,0.0,91,24,123.0,0.53
[장락동],123242,2,부강타운,1991.12.,232.0,29.57,97.77,25.51,84.34,64,,,,,,,,,3,2,계단식,97,4.0,4.0,https://new.land.naver.com/complexes/123242?tab=detail&rf=Y,충청북도 제천시 장락동 851,충청북도,제천시,장락동,,,충청북도 제천시 청전대로 230,0.0,91,24,123.0,0.53
[천남동],115012,1,제천신원아침도시더퍼스트,2020.01.,492.0,24.04,79.49,18.14,59.98,81,,,,,,,,,3,2,계단식,79,25.0,18.0,https://new.land.naver.com/complexes/115012?tab=detail&rf=Y,충청북도 제천시 천남동 493,충청북도,제천시,천남동,,,충청북도 제천시 원뜰로 25,0.0,286,22,607.0,1.23
[천남동],115012,2,제천신원아침도시더퍼스트,2020.01.,492.0,30.52,100.9,23.11,76.4,76,,,,,,,,,3,2,계단식,100A,25.0,18.0,https://new.land.naver.com/complexes/115012?tab=detail&rf=Y,충청북도 제천시 천남동 493,충청북도,제천시,천남동,,,충청북도 제천시 원뜰로 25,0.0,286,22,607.0,1.23
[천남동],115012,3,제천신원아침도시더퍼스트,2020.01.,492.0,30.67,101.41,23.13,76.49,143,,,,,,,,,3,2,계단식,101B,25.0,18.0,https://new.land.naver.com/complexes/115012?tab=detail&rf=Y,충청북도 제천시 천남동 493,충청북도,제천시,천남동,,,충청북도 제천시 원뜰로 25,0.0,286,22,607.0,1.23
[천남동],115012,4,제천신원아침도시더퍼스트,2020.01.,492.0,33.98,112.34,25.69,84.95,148,,,,,,,,,4,2,계단식,112A,25.0,18.0,https://new.land.naver.com/complexes/115012?tab=detail&rf=Y,충청북도 제천시 천남동 493,충청북도,제천시,천남동,,,충청북도 제천시 원뜰로 25,0.0,286,22,607.0,1.23
[천남동],115012,5,제천신원아침도시더퍼스트,2020.01.,492.0,33.97,112.31,25.68,84.92,44,,,,,,,,,4,2,계단식,112B,25.0,18.0,https://new.land.naver.com/complexes/115012?tab=detail&rf=Y,충청북도 제천시 천남동 493,충청북도,제천시,천남동,,,충청북도 제천시 원뜰로 25,0.0,286,22,607.0,1.23
[천남동],19688,1,코아루,2005.12.,318.0,34.89,115.36,25.67,84.88,138,,,,,,,,,3,2,계단식,115,15.0,7.0,https://new.land.naver.com/complexes/19688?tab=detail&rf=Y,충청북도 제천시 천남동 9-10,충청북도,제천시,천남동,,,충청북도 제천시 원뜰로 14,0.0,206,18,462.0,1.45
[천남동],19688,2,코아루,2005.12.,318.0,49.31,163.03,39.57,130.82,150,,,,,,,,,4,2,계단식,163,15.0,7.0,https://new.land.naver.com/complexes/19688?tab=detail&rf=Y,충청북도 제천시 천남동 9-10,충청북도,제천시,천남동,,,충청북도 제천시 원뜰로 14,0.0,206,18,462.0,1.45
[천남동],19688,3,코아루,2005.12.,318.0,63.41,209.65,53.46,176.73,30,,,,,,,,,4,2,계단식,209,15.0,7.0,https://new.land.naver.com/complexes/19688?tab=detail&rf=Y,충청북도 제천시 천남동 9-10,충청북도,제천시,천남동,,,충청북도 제천시 원뜰로 14,0.0,206,18,462.0,1.45
[청전동],6968,1,청전주공2차,1991.11.,360.0,15.02,49.68,12.1,40.0,144,,,,,,,,,2,1,계단식,49,6.0,6.0,https://new.land.naver.com/complexes/6968?tab=detail&rf=Y,충청북도 제천시 청전동 646,충청북도,제천시,청전동,,,충청북도 제천시 고암로 22,0.0,107,19,360.0,1.0
[청전동],6968,2,청전주공2차,1991.11.,360.0,14.9,49.26,11.98,39.61,132,,,,,,,,,2,1,계단식,49,6.0,6.0,https://new.land.naver.com/complexes/6968?tab=detail&rf=Y,충청북도 제천시 청전동 646,충청북도,제천시,청전동,,,충청북도 제천시 고암로 22,0.0,107,19,360.0,1.0
[청전동],6968,3,청전주공2차,1991.11.,360.0,17.42,57.59,14.31,47.32,48,,,,,,,,,3,1,계단식,57B,6.0,6.0,https://new.land.naver.com/complexes/6968?tab=detail&rf=Y,충청북도 제천시 청전동 646,충청북도,제천시,청전동,,,충청북도 제천시 고암로 22,0.0,107,19,360.0,1.0
[청전동],6968,4,청전주공2차,1991.11.,360.0,17.31,57.23,14.21,46.99,36,,,,,,,,,3,1,계단식,57A,6.0,6.0,https://new.land.naver.com/complexes/6968?tab=detail&rf=Y,충청북도 제천시 청전동 646,충청북도,제천시,청전동,,,충청북도 제천시 고암로 22,0.0,107,19,360.0,1.0
[청전동],118806,1,이형,1997.08.,69.0,16.72,55.3,12.16,40.23,14,,,,,,,,,2,1,복도식,55,10.0,4.0,https://new.land.naver.com/complexes/118806?tab=detail&rf=Y,충청북도 제천시 청전동 113-5,충청북도,제천시,청전동,,,충청북도 제천시 청전대로14길 30,0.0,306,53,45.0,0.65
[청전동],118806,2,이형,1997.08.,69.0,19.53,64.58,14.21,46.98,2,,,,,,,,,2,1,복도식,64A,10.0,4.0,https://new.land.naver.com/complexes/118806?tab=detail&rf=Y,충청북도 제천시 청전동 113-5,충청북도,제천시,청전동,,,충청북도 제천시 청전대로14길 30,0.0,306,53,45.0,0.65
[청전동],118806,3,이형,1997.08.,69.0,19.55,64.64,14.22,47.02,1,,,,,,,,,2,1,복도식,64B,10.0,4.0,https://new.land.naver.com/complexes/118806?tab=detail&rf=Y,충청북도 제천시 청전동 113-5,충청북도,제천시,청전동,,,충청북도 제천시 청전대로14길 30,0.0,306,53,45.0,0.65
[청전동],118806,4,이형,1997.08.,69.0,23.24,76.84,16.9,55.89,5,,,,,,,,,3,1,복도식,76,10.0,4.0,https://new.land.naver.com/complexes/118806?tab=detail&rf=Y,충청북도 제천시 청전동 113-5,충청북도,제천시,청전동,,,충청북도 제천시 청전대로14길 30,0.0,306,53,45.0,0.65
[청전동],118806,5,이형,1997.08.,69.0,24.88,82.27,18.1,59.85,42,,,,,,,,,3,1,복도식,82,10.0,4.0,https://new.land.naver.com/complexes/118806?tab=detail&rf=Y,충청북도 제천시 청전동 113-5,충청북도,제천시,청전동,,,충청북도 제천시 청전대로14길 30,0.0,306,53,45.0,0.65
[청전동],118806,6,이형,1997.08.,69.0,26.87,88.83,19.54,64.62,2,,,,,,,,,3,2,복도식,88,10.0,4.0,https://new.land.naver.com/complexes/118806?tab=detail&rf=Y,충청북도 제천시 청전동 113-5,충청북도,제천시,청전동,,,충청북도 제천시 청전대로14길 30,0.0,306,53,45.0,0.65
[청전동],118806,7,이형,1997.08.,69.0,28.59,94.52,20.79,68.76,1,,,,,,,,,3,2,복도식,94A,10.0,4.0,https://new.land.naver.com/complexes/118806?tab=detail&rf=Y,충청북도 제천시 청전동 113-5,충청북도,제천시,청전동,,,충청북도 제천시 청전대로14길 30,0.0,306,53,45.0,0.65
[청전동],118806,8,이형,1997.08.,69.0,29.41,97.24,21.39,70.74,1,,,,,,,,,3,2,복도식,97B,10.0,4.0,https://new.land.naver.com/complexes/118806?tab=detail&rf=Y,충청북도 제천시 청전동 113-5,충청북도,제천시,청전동,,,충청북도 제천시 청전대로14길 30,0.0,306,53,45.0,0.65
[청전동],118806,9,이형,1997.08.,69.0,35.32,116.79,25.7,84.96,1,,,,,,,,,3,2,복도식,116,10.0,4.0,https://new.land.naver.com/complexes/118806?tab=detail&rf=Y,충청북도 제천시 청전동 113-5,충청북도,제천시,청전동,,,충청북도 제천시 청전대로14길 30,0.0,306,53,45.0,0.65
[청전동],6965,1,청전주공1차,1980.11.,640.0,12.7,41.99,12.7,41.99,100,,,,,,,,,2,1,계단식,41C,5.0,5.0,https://new.land.naver.com/complexes/6965?tab=detail&rf=Y,충청북도 제천시 청전동 4,충청북도,제천시,청전동,,,충청북도 제천시 청전대로15길 70,0.0,82,17,640.0,1.0
[청전동],6965,2,청전주공1차,1980.11.,640.0,12.57,41.56,12.57,41.56,50,,,,,,,,,2,1,계단식,41A,5.0,5.0,https://new.land.naver.com/complexes/6965?tab=detail&rf=Y,충청북도 제천시 청전동 4,충청북도,제천시,청전동,,,충청북도 제천시 청전대로15길 70,0.0,82,17,640.0,1.0
[청전동],6965,3,청전주공1차,1980.11.,640.0,12.69,41.98,12.69,41.98,50,,,,,,,,,2,1,계단식,41B,5.0,5.0,https://new.land.naver.com/complexes/6965?tab=detail&rf=Y,충청북도 제천시 청전동 4,충청북도,제천시,청전동,,,충청북도 제천시 청전대로15길 70,0.0,82,17,640.0,1.0
[청전동],6965,4,청전주공1차,1980.11.,640.0,12.86,42.54,12.86,42.54,250,,,,,,,,,2,1,계단식,42E,5.0,5.0,https://new.land.naver.com/complexes/6965?tab=detail&rf=Y,충청북도 제천시 청전동 4,충청북도,제천시,청전동,,,충청북도 제천시 청전대로15길 70,0.0,82,17,640.0,1.0
[청전동],6965,5,청전주공1차,1980.11.,640.0,12.73,42.11,12.73,42.11,60,,,,,,,,,2,1,계단식,42D,5.0,5.0,https://new.land.naver.com/complexes/6965?tab=detail&rf=Y,충청북도 제천시 청전동 4,충청북도,제천시,청전동,,,충청북도 제천시 청전대로15길 70,0.0,82,17,640.0,1.0
[청전동],6965,6,청전주공1차,1980.11.,640.0,14.38,47.57,12.92,42.74,2,,,,,,,,,2,1,계단식,47,5.0,5.0,https://new.land.naver.com/complexes/6965?tab=detail&rf=Y,충청북도 제천시 청전동 4,충청북도,제천시,청전동,,,충청북도 제천시 청전대로15길 70,0.0,82,17,640.0,1.0
[청전동],6965,7,청전주공1차,1980.11.,640.0,15.84,52.37,14.2,46.97,40,,,,,,,,,3,1,계단식,52A,5.0,5.0,https://new.land.naver.com/complexes/6965?tab=detail&rf=Y,충청북도 제천시 청전동 4,충청북도,제천시,청전동,,,충청북도 제천시 청전대로15길 70,0.0,82,17,640.0,1.0
[청전동],6965,8,청전주공1차,1980.11.,640.0,15.95,52.73,14.31,47.33,40,,,,,,,,,3,1,계단식,52B,5.0,5.0,https://new.land.naver.com/complexes/6965?tab=detail&rf=Y,충청북도 제천시 청전동 4,충청북도,제천시,청전동,,,충청북도 제천시 청전대로15길 70,0.0,82,17,640.0,1.0
[청전동],6965,9,청전주공1차,1980.11.,640.0,16.56,54.77,14.88,49.22,23,,,,,,,,,3,1,계단식,54,5.0,5.0,https://new.land.naver.com/complexes/6965?tab=detail&rf=Y,충청북도 제천시 청전동 4,충청북도,제천시,청전동,,,충청북도 제천시 청전대로15길 70,0.0,82,17,640.0,1.0
[청전동],6965,10,청전주공1차,1980.11.,640.0,19.96,65.99,17.93,59.3,25,,,,,,,,,3,1,계단식,65,5.0,5.0,https://new.land.naver.com/complexes/6965?tab=detail&rf=Y,충청북도 제천시 청전동 4,충청북도,제천시,청전동,,,충청북도 제천시 청전대로15길 70,0.0,82,17,640.0,1.0
[청전동],6960,1,청전두진백로1차,1995.05.,484.0,22.72,75.13,18.15,60.0,344,,,,,,,,,3,1,계단식,75,15.0,10.0,https://new.land.naver.com/complexes/6960?tab=detail&rf=Y,충청북도 제천시 청전동 985,충청북도,제천시,청전동,,,충청북도 제천시 칠성로 19,0.0,227,26,420.0,0.87
[청전동],6960,2,청전두진백로1차,1995.05.,484.0,31.21,103.19,25.69,84.93,140,,,,,,,,,3,2,계단식,103,15.0,10.0,https://new.land.naver.com/complexes/6960?tab=detail&rf=Y,충청북도 제천시 청전동 985,충청북도,제천시,청전동,,,충청북도 제천시 칠성로 19,0.0,227,26,420.0,0.87
[청전동],15359,1,성한,1991.04.,270.0,16.67,55.13,13.72,45.36,50,,,,,,,,,2,1,계단식,55,5.0,5.0,https://new.land.naver.com/complexes/15359?tab=detail&rf=Y,충청북도 제천시 청전동 480-4,충청북도,제천시,청전동,,,충청북도 제천시 명륜로2길 12,0.0,112,23,59.0,0.22
[청전동],15359,2,성한,1991.04.,270.0,19.44,64.28,16.52,54.63,220,,,,,,,,,2,1,계단식,64,5.0,5.0,https://new.land.naver.com/complexes/15359?tab=detail&rf=Y,충청북도 제천시 청전동 480-4,충청북도,제천시,청전동,,,충청북도 제천시 명륜로2길 12,0.0,112,23,59.0,0.22
[청전동],6970,1,청전현대,1990.12.,591.0,26.58,87.88,21.52,71.17,76,,,,,,,,,3,1,복도식,87A,15.0,10.0,https://new.land.naver.com/complexes/6970?tab=detail&rf=Y,충청북도 제천시 청전동 72,충청북도,제천시,청전동,,,충청북도 제천시 용두천로 235,0.0,177,17,313.0,0.53
[청전동],6970,2,청전현대,1990.12.,591.0,27.3,90.26,21.52,71.17,145,,,,,,,,,3,1,복도식,90B,15.0,10.0,https://new.land.naver.com/complexes/6970?tab=detail&rf=Y,충청북도 제천시 청전동 72,충청북도,제천시,청전동,,,충청북도 제천시 용두천로 235,0.0,177,17,313.0,0.53
[청전동],6970,3,청전현대,1990.12.,591.0,31.72,104.89,25.69,84.94,310,,,,,,,,,3,2,계단식,104,15.0,10.0,https://new.land.naver.com/complexes/6970?tab=detail&rf=Y,충청북도 제천시 청전동 72,충청북도,제천시,청전동,,,충청북도 제천시 용두천로 235,0.0,177,17,313.0,0.53
[청전동],6970,4,청전현대,1990.12.,591.0,39.7,131.24,32.15,106.29,60,,,,,,,,,4,2,복도식,131,15.0,10.0,https://new.land.naver.com/complexes/6970?tab=detail&rf=Y,충청북도 제천시 청전동 72,충청북도,제천시,청전동,,,충청북도 제천시 용두천로 235,0.0,177,17,313.0,0.53
[청전동],6963,1,비둘기,1991.06.,768.0,14.48,47.87,10.74,35.52,768,,,,,,,,,2,1,복도식,47,16.0,16.0,https://new.land.naver.com/complexes/6963?tab=detail&rf=Y,충청북도 제천시 청전동 639,충청북도,제천시,청전동,,,충청북도 제천시 청전대로 166,0.0,237,22,130.0,0.17
[청전동],15361,1,시영,1982.07.,100.0,17.29,57.16,14.92,49.35,100,,,,,,,,,2,1,복도식,57,5.0,5.0,https://new.land.naver.com/complexes/15361?tab=detail&rf=Y,충청북도 제천시 청전동 4-16,충청북도,제천시,청전동,,,충청북도 제천시 고암로13길 12,0.0,98,19,0.0,0.0
[청전동],115026,1,형석,1990.02.,60.0,15.73,52.03,12.07,39.92,60,,,,,,,,,2,1,계단식,52,5.0,5.0,https://new.land.naver.com/complexes/115026?tab=detail&rf=Y,충청북도 제천시 청전동 485-21,충청북도,제천시,청전동,,,충청북도 제천시 명륜로4길 5,0.0,111,24,0.0,0.0
[청전동],15358,1,청전덕일한마음,1995.06.,420.0,22.59,74.69,18.1,59.85,300,,,,,,,,,3,1,계단식,74,15.0,15.0,https://new.land.naver.com/complexes/15358?tab=detail&rf=Y,충청북도 제천시 청전동 987,충청북도,제천시,청전동,,,충청북도 제천시 칠성로 5,0.0,230,24,302.0,0.72
[청전동],15358,2,청전덕일한마음,1995.06.,420.0,30.76,101.7,25.55,84.49,120,,,,,,,,,3,2,계단식,101,15.0,15.0,https://new.land.naver.com/complexes/15358?tab=detail&rf=Y,충청북도 제천시 청전동 987,충청북도,제천시,청전동,,,충청북도 제천시 칠성로 5,0.0,230,24,302.0,0.72
[청전동],15362,1,제천현대,1990.10.,205.0,26.96,89.13,21.85,72.24,42,,,,,,,,,3,1,계단식,89,15.0,14.0,https://new.land.naver.com/complexes/15362?tab=detail&rf=Y,충청북도 제천시 청전동 326-5,충청북도,제천시,청전동,,,충청북도 제천시 의림대로 348,0.0,241,52,0.0,0.0
[청전동],15362,2,제천현대,1990.10.,205.0,31.36,103.68,25.41,84.03,14,,,,,,,,,3,2,계단식,103A,15.0,14.0,https://new.land.naver.com/complexes/15362?tab=detail&rf=Y,충청북도 제천시 청전동 326-5,충청북도,제천시,청전동,,,충청북도 제천시 의림대로 348,0.0,241,52,0.0,0.0
[청전동],15362,3,제천현대,1990.10.,205.0,31.69,104.79,25.69,84.95,149,,,,,,,,,3,2,계단식,104B,15.0,14.0,https://new.land.naver.com/complexes/15362?tab=detail&rf=Y,충청북도 제천시 청전동 326-5,충청북도,제천시,청전동,,,충청북도 제천시 의림대로 348,0.0,241,52,0.0,0.0
[청전동],6950,1,성우한솔,1995.05.,148.0,23.7,78.36,18.12,59.92,74,,,,,,,,,3,1,계단식,78,19.0,19.0,https://new.land.naver.com/complexes/6950?tab=detail&rf=Y,충청북도 제천시 청전동 1069,충청북도,제천시,청전동,,,충청북도 제천시 용두천로 257,0.0,254,22,0.0,0.0
[청전동],6950,2,성우한솔,1995.05.,148.0,26.43,87.4,20.82,68.83,36,,,,,,,,,3,1,계단식,87,19.0,19.0,https://new.land.naver.com/complexes/6950?tab=detail&rf=Y,충청북도 제천시 청전동 1069,충청북도,제천시,청전동,,,충청북도 제천시 용두천로 257,0.0,254,22,0.0,0.0
[청전동],6950,3,성우한솔,1995.05.,148.0,31.46,104.01,25.66,84.85,38,,,,,,,,,3,2,계단식,104,19.0,19.0,https://new.land.naver.com/complexes/6950?tab=detail&rf=Y,충청북도 제천시 청전동 1069,충청북도,제천시,청전동,,,충청북도 제천시 용두천로 257,0.0,254,22,0.0,0.0
[청전동],6957,1,덕일,1991.01.,275.0,33.01,109.13,25.44,84.12,225,,,,,,,,,3,2,계단식,109A,5.0,5.0,https://new.land.naver.com/complexes/6957?tab=detail&rf=Y,충청북도 제천시 청전동 626,충청북도,제천시,청전동,,,충청북도 제천시 용두천로 313,0.0,0,0,174.0,0.63
[청전동],6957,2,덕일,1991.01.,275.0,33.24,109.9,25.63,84.75,40,,,,,,,,,3,2,계단식,109B,5.0,5.0,https://new.land.naver.com/complexes/6957?tab=detail&rf=Y,충청북도 제천시 청전동 626,충청북도,제천시,청전동,,,충청북도 제천시 용두천로 313,0.0,0,0,174.0,0.63
[청전동],6957,3,덕일,1991.01.,275.0,57.85,191.26,45.46,150.3,10,,,,,,,,,5,2,계단식,191,5.0,5.0,https://new.land.naver.com/complexes/6957?tab=detail&rf=Y,충청북도 제천시 청전동 626,충청북도,제천시,청전동,,,충청북도 제천시 용두천로 313,0.0,0,0,174.0,0.63
[청전동],100417,1,청전두진백로2차,1995.05.,180.0,32.01,105.84,25.71,85.0,90,,,,,,,,,3,2,계단식,105,15.0,15.0,https://new.land.naver.com/complexes/100417?tab=detail&rf=Y,충청북도 제천시 청전동 986,충청북도,제천시,청전동,,,충청북도 제천시 청전대로 100,0.0,226,25,163.0,0.91
[청전동],100417,2,청전두진백로2차,1995.05.,180.0,38.58,127.54,32.43,107.21,90,,,,,,,,,3,2,계단식,127,15.0,15.0,https://new.land.naver.com/complexes/100417?tab=detail&rf=Y,충청북도 제천시 청전동 986,충청북도,제천시,청전동,,,충청북도 제천시 청전대로 100,0.0,226,25,163.0,0.91
[하소동],6979,1,하소현대,1996.12.,497.0,23.89,78.98,18.12,59.92,17,,,,,,,,,3,1,계단식,78A,19.0,12.0,https://new.land.naver.com/complexes/6979?tab=detail&rf=Y,충청북도 제천시 하소동 110,충청북도,제천시,하소동,,,충청북도 제천시 용두대로15길 38,0.0,201,19,402.0,0.81
[하소동],6979,2,하소현대,1996.12.,497.0,23.91,79.06,18.14,59.98,306,,,,,,,,,3,1,계단식,79B,19.0,12.0,https://new.land.naver.com/complexes/6979?tab=detail&rf=Y,충청북도 제천시 하소동 110,충청북도,제천시,하소동,,,충청북도 제천시 용두대로15길 38,0.0,201,19,402.0,0.81
[하소동],6979,3,하소현대,1996.12.,497.0,31.29,103.45,25.53,84.42,174,,,,,,,,,3,2,계단식,103,19.0,12.0,https://new.land.naver.com/complexes/6979?tab=detail&rf=Y,충청북도 제천시 하소동 110,충청북도,제천시,하소동,,,충청북도 제천시 용두대로15길 38,0.0,201,19,402.0,0.81
[하소동],14018,1,청구,2002.07.,498.0,23.52,77.77,18.09,59.81,222,,,,,,,,,3,1,계단식,77,15.0,6.0,https://new.land.naver.com/complexes/14018?tab=detail&rf=Y,충청북도 제천시 하소동 139,충청북도,제천시,하소동,,,충청북도 제천시 용두대로15길 47,0.0,181,19,506.0,1.02
[하소동],14018,2,청구,2002.07.,498.0,33.02,109.18,25.63,84.73,250,,,,,,,,,3,2,계단식,109,15.0,6.0,https://new.land.naver.com/complexes/14018?tab=detail&rf=Y,충청북도 제천시 하소동 139,충청북도,제천시,하소동,,,충청북도 제천시 용두대로15길 47,0.0,181,19,506.0,1.02
[하소동],14018,3,청구,2002.07.,498.0,49.94,165.1,40.82,134.96,26,,,,,,,,,4,2,계단식,165,15.0,6.0,https://new.land.naver.com/complexes/14018?tab=detail&rf=Y,충청북도 제천시 하소동 139,충청북도,제천시,하소동,,,충청북도 제천시 용두대로15길 47,0.0,181,19,506.0,1.02
[하소동],105109,1,하소힐스테이트,2008.02.,358.0,34.64,114.53,25.7,84.96,90,,,,,,,,,3,2,복도식,114B,15.0,9.0,https://new.land.naver.com/complexes/105109?tab=detail&rf=Y,충청북도 제천시 하소동 156,충청북도,제천시,하소동,,,충청북도 제천시 용두대로7길 36,0.0,206,18,482.0,1.35
[하소동],105109,2,하소힐스테이트,2008.02.,358.0,34.66,114.61,25.69,84.93,57,,,,,,,,,3,2,복도식,114A,15.0,9.0,https://new.land.naver.com/complexes/105109?tab=detail&rf=Y,충청북도 제천시 하소동 156,충청북도,제천시,하소동,,,충청북도 제천시 용두대로7길 36,0.0,206,18,482.0,1.35
[하소동],105109,3,하소힐스테이트,2008.02.,358.0,36.17,119.6,25.7,84.99,35,,,,,,,,,3,2,복도식,119,15.0,9.0,https://new.land.naver.com/complexes/105109?tab=detail&rf=Y,충청북도 제천시 하소동 156,충청북도,제천시,하소동,,,충청북도 제천시 용두대로7길 36,0.0,206,18,482.0,1.35
[하소동],105109,4,하소힐스테이트,2008.02.,358.0,47.45,156.89,36.6,121.0,147,,,,,,,,,4,2,복도식,156,15.0,9.0,https://new.land.naver.com/complexes/105109?tab=detail&rf=Y,충청북도 제천시 하소동 156,충청북도,제천시,하소동,,,충청북도 제천시 용두대로7길 36,0.0,206,18,482.0,1.35
[하소동],105109,5,하소힐스테이트,2008.02.,358.0,55.98,185.06,43.23,142.93,29,,,,,,,,,4,2,복도식,185,15.0,9.0,https://new.land.naver.com/complexes/105109?tab=detail&rf=Y,충청북도 제천시 하소동 156,충청북도,제천시,하소동,,,충청북도 제천시 용두대로7길 36,0.0,206,18,482.0,1.35
[하소동],6972,1,하소주공1단지,1989.10.,420.0,15.09,49.91,12.0,39.69,150,,,,,,,,,2,1,계단식,49,5.0,5.0,https://new.land.naver.com/complexes/6972?tab=detail&rf=Y,충청북도 제천시 하소동 82,충청북도,제천시,하소동,,,충청북도 제천시 용두대로15길 11,0.0,88,19,0.0,0.0
[하소동],6972,2,하소주공1단지,1989.10.,420.0,14.96,49.48,11.88,39.3,120,,,,,,,,,2,1,복도식,49,5.0,5.0,https://new.land.naver.com/complexes/6972?tab=detail&rf=Y,충청북도 제천시 하소동 82,충청북도,제천시,하소동,,,충청북도 제천시 용두대로15길 11,0.0,88,19,0.0,0.0
[하소동],6972,3,하소주공1단지,1989.10.,420.0,17.41,57.57,14.12,46.68,90,,,,,,,,,2,1,계단식,57,5.0,5.0,https://new.land.naver.com/complexes/6972?tab=detail&rf=Y,충청북도 제천시 하소동 82,충청북도,제천시,하소동,,,충청북도 제천시 용두대로15길 11,0.0,88,19,0.0,0.0
[하소동],6972,4,하소주공1단지,1989.10.,420.0,17.52,57.93,14.22,47.01,60,,,,,,,,,2,1,복도식,57,5.0,5.0,https://new.land.naver.com/complexes/6972?tab=detail&rf=Y,충청북도 제천시 하소동 82,충청북도,제천시,하소동,,,충청북도 제천시 용두대로15길 11,0.0,88,19,0.0,0.0
[하소동],115025,1,고래,1989.12.,50.0,18.15,60.0,15.1,49.92,50,,,,,,,,,2,1,계단식,60,5.0,5.0,https://new.land.naver.com/complexes/115025?tab=detail&rf=Y,충청북도 제천시 하소동 170-7,충청북도,제천시,하소동,,,충청북도 제천시 용두대로9길 8,0.0,133,31,0.0,0.0
[하소동],23592,1,제천그린코아루,2007.03.,702.0,33.0,109.1,25.7,84.98,501,,,,,,,,,3,2,계단식,109,15.0,5.0,https://new.land.naver.com/complexes/23592?tab=detail&rf=Y,충청북도 제천시 하소동 198,충청북도,제천시,하소동,,,충청북도 제천시 용두대로7길 25,0.0,195,19,1009.0,1.44
[하소동],23592,2,제천그린코아루,2007.03.,702.0,43.84,144.93,35.39,117.01,87,,,,,,,,,4,2,계단식,144,15.0,5.0,https://new.land.naver.com/complexes/23592?tab=detail&rf=Y,충청북도 제천시 하소동 198,충청북도,제천시,하소동,,,충청북도 제천시 용두대로7길 25,0.0,195,19,1009.0,1.44
[하소동],23592,3,제천그린코아루,2007.03.,702.0,52.18,172.5,42.67,141.08,58,,,,,,,,,4,2,계단식,172,15.0,5.0,https://new.land.naver.com/complexes/23592?tab=detail&rf=Y,충청북도 제천시 하소동 198,충청북도,제천시,하소동,,,충청북도 제천시 용두대로7길 25,0.0,195,19,1009.0,1.44
[하소동],23592,4,제천그린코아루,2007.03.,702.0,59.29,196.01,49.01,162.02,56,,,,,,,,,4,2,계단식,196,15.0,5.0,https://new.land.naver.com/complexes/23592?tab=detail&rf=Y,충청북도 제천시 하소동 198,충청북도,제천시,하소동,,,충청북도 제천시 용두대로7길 25,0.0,195,19,1009.0,1.44
[하소동],6976,1,하소주공2단지,1995.09.,780.0,17.14,56.68,11.97,39.6,105,,,,,,,,,2,1,복도식,56,15.0,15.0,https://new.land.naver.com/complexes/6976?tab=detail&rf=Y,충청북도 제천시 하소동 353,충청북도,제천시,하소동,,,충청북도 제천시 하소로 88,0.0,235,17,361.0,0.46
[하소동],6976,2,하소주공2단지,1995.09.,780.0,24.19,79.99,17.76,58.74,540,,,,,,,,,3,1,복도식,79,15.0,15.0,https://new.land.naver.com/complexes/6976?tab=detail&rf=Y,충청북도 제천시 하소동 353,충청북도,제천시,하소동,,,충청북도 제천시 하소로 88,0.0,235,17,361.0,0.46
[하소동],6976,3,하소주공2단지,1995.09.,780.0,24.93,82.42,17.76,58.74,135,,,,,,,,,3,1,복도식,82,15.0,15.0,https://new.land.naver.com/complexes/6976?tab=detail&rf=Y,충청북도 제천시 하소동 353,충청북도,제천시,하소동,,,충청북도 제천시 하소로 88,0.0,235,17,361.0,0.46
[화산동],6983,1,무궁화,1994.02.,95.0,25.47,84.21,18.11,59.9,56,,,,,,,,,3,1,복도식,84,13.0,6.0,https://new.land.naver.com/complexes/6983?tab=detail&rf=Y,충청북도 제천시 화산동 906,충청북도,제천시,화산동,,,충청북도 제천시 내토로40나길 23,0.0,275,35,53.0,0.56
[화산동],6983,2,무궁화,1994.02.,95.0,31.77,105.04,25.67,84.86,39,,,,,,,,,3,2,복도식,105,13.0,6.0,https://new.land.naver.com/complexes/6983?tab=detail&rf=Y,충청북도 제천시 화산동 906,충청북도,제천시,화산동,,,충청북도 제천시 내토로40나길 23,0.0,275,35,53.0,0.56
[화산동],126057,1,이화맨션,2004.01.,10.0,27.3,90.28,24.33,80.45,2,,,,,,,,,3,2,계단식,90,6.0,6.0,https://new.land.naver.com/complexes/126057?tab=detail&rf=Y,충청북도 제천시 화산동 696-1,충청북도,제천시,화산동,,,충청북도 제천시 의림대로4길 93,0.0,193,42,10.0,1.0
[화산동],126057,2,이화맨션,2004.01.,10.0,30.79,101.8,27.44,90.72,8,,,,,,,,,3,2,계단식,101,6.0,6.0,https://new.land.naver.com/complexes/126057?tab=detail&rf=Y,충청북도 제천시 화산동 696-1,충청북도,제천시,화산동,,,충청북도 제천시 의림대로4길 93,0.0,193,42,10.0,1.0
[화산동],108835,1,서희스타힐스,2016.08.,399.0,25.64,84.79,19.74,65.27,76,,,,,,,,,3,2,계단식,84A,15.0,11.0,https://new.land.naver.com/complexes/108835?tab=detail&rf=Y,충청북도 제천시 화산동 1009,충청북도,제천시,화산동,,,충청북도 제천시 원화산로 43,0.0,217,25,405.0,1.02
[화산동],108835,2,서희스타힐스,2016.08.,399.0,29.01,95.92,22.59,74.71,30,,,,,,,,,3,2,계단식,95C,15.0,11.0,https://new.land.naver.com/complexes/108835?tab=detail&rf=Y,충청북도 제천시 화산동 1009,충청북도,제천시,화산동,,,충청북도 제천시 원화산로 43,0.0,217,25,405.0,1.02
[화산동],108835,3,서희스타힐스,2016.08.,399.0,29.3,96.89,22.68,74.98,34,,,,,,,,,3,2,계단식,96B,15.0,11.0,https://new.land.naver.com/complexes/108835?tab=detail&rf=Y,충청북도 제천시 화산동 1009,충청북도,제천시,화산동,,,충청북도 제천시 원화산로 43,0.0,217,25,405.0,1.02
[화산동],108835,4,서희스타힐스,2016.08.,399.0,29.37,97.1,22.63,74.84,87,,,,,,,,,3,2,계단식,97A,15.0,11.0,https://new.land.naver.com/complexes/108835?tab=detail&rf=Y,충청북도 제천시 화산동 1009,충청북도,제천시,화산동,,,충청북도 제천시 원화산로 43,0.0,217,25,405.0,1.02
[화산동],108835,5,서희스타힐스,2016.08.,399.0,33.15,109.6,25.67,84.89,88,,,,,,,,,3,2,계단식,109A,15.0,11.0,https://new.land.naver.com/complexes/108835?tab=detail&rf=Y,충청북도 제천시 화산동 1009,충청북도,제천시,화산동,,,충청북도 제천시 원화산로 43,0.0,217,25,405.0,1.02
[화산동],108835,6,서희스타힐스,2016.08.,399.0,32.99,109.09,25.66,84.85,46,,,,,,,,,3,2,계단식,109C,15.0,11.0,https://new.land.naver.com/complexes/108835?tab=detail&rf=Y,충청북도 제천시 화산동 1009,충청북도,제천시,화산동,,,충청북도 제천시 원화산로 43,0.0,217,25,405.0,1.02
[화산동],108835,7,서희스타힐스,2016.08.,399.0,33.04,109.24,25.66,84.84,38,,,,,,,,,3,2,계단식,109B,15.0,11.0,https://new.land.naver.com/complexes/108835?tab=detail&rf=Y,충청북도 제천시 화산동 1009,충청북도,제천시,화산동,,,충청북도 제천시 원화산로 43,0.0,217,25,405.0,1.02
[화산동],6986,1,삼익,1994.01.,110.0,22.26,73.59,17.96,59.4,8,,,,,,,,,3,1,복도식,73,10.0,10.0,https://new.land.naver.com/complexes/6986?tab=detail&rf=Y,충청북도 제천시 화산동 237-19,충청북도,제천시,화산동,,,충청북도 제천시 의림대로2길 9,0.0,374,70,39.0,0.35
[화산동],6986,2,삼익,1994.01.,110.0,23.26,76.9,18.78,62.1,102,,,,,,,,,3,1,복도식,76,10.0,10.0,https://new.land.naver.com/complexes/6986?tab=detail&rf=Y,충청북도 제천시 화산동 237-19,충청북도,제천시,화산동,,,충청북도 제천시 의림대로2길 9,0.0,374,70,39.0,0.35
