[내덕동],139028,1,삼덕,1991.05.,34.0,16.36,54.09,11.25,37.22,34,,,,,,,,,2,1,계단식,54,6.0,6.0,https://new.land.naver.com/complexes/139028?tab=detail&rf=Y,충청북도 청주시 청원구 내덕동 60-17,충청북도,청주시,청원구,내덕동,,충청북도 청주시 청원구 덕벌로23번길 12-1,0.0,0,0,0.0,0.0
[내덕동],124127,1,대진,1985.05.,45.0,19.96,66.0,18.33,60.6,45,,,,,,,,,3,1,계단식,66,5.0,5.0,https://new.land.naver.com/complexes/124127?tab=detail&rf=Y,충청북도 청주시 청원구 내덕동 519,충청북도,청주시,청원구,내덕동,,충청북도 청주시 청원구 1순환로211번길 10,0.0,0,0,0.0,0.0
[내덕동],27823,1,이랜드해가든,2009.05.,236.0,34.14,112.89,25.68,84.92,120,,,,,,,,,3,2,계단식,112B,15.0,11.0,https://new.land.naver.com/complexes/27823?tab=detail&rf=Y,충청북도 청주시 청원구 내덕동 516-2,충청북도,청주시,청원구,내덕동,,충청북도 청주시 청원구 공항로84번길 30,0.0,212,20,331.0,1.4
[내덕동],27823,2,이랜드해가든,2009.05.,236.0,34.31,113.45,25.7,84.96,116,,,,,,,,,3,2,계단식,113A,15.0,11.0,https://new.land.naver.com/complexes/27823?tab=detail&rf=Y,충청북도 청주시 청원구 내덕동 516-2,충청북도,청주시,청원구,내덕동,,충청북도 청주시 청원구 공항로84번길 30,0.0,212,20,331.0,1.4
[내덕동],122176,1,진흥,1987.12.,35.0,13.94,46.1,11.3,37.38,5,,,,,,,,,2,1,계단식,46A,5.0,5.0,https://new.land.naver.com/complexes/122176?tab=detail&rf=Y,충청북도 청주시 청원구 내덕동 138-14,충청북도,청주시,청원구,내덕동,,충청북도 청주시 청원구 안덕벌로19번길 85-1,0.0,0,0,0.0,0.0
[내덕동],122176,2,진흥,1987.12.,35.0,14.37,47.52,11.7,38.7,5,,,,,,,,,2,1,계단식,47B,5.0,5.0,https://new.land.naver.com/complexes/122176?tab=detail&rf=Y,충청북도 청주시 청원구 내덕동 138-14,충청북도,청주시,청원구,내덕동,,충청북도 청주시 청원구 안덕벌로19번길 85-1,0.0,0,0,0.0,0.0
[내덕동],122176,3,진흥,1987.12.,35.0,16.18,53.49,13.92,46.02,5,,,,,,,,,2,1,계단식,53B,5.0,5.0,https://new.land.naver.com/complexes/122176?tab=detail&rf=Y,충청북도 청주시 청원구 내덕동 138-14,충청북도,청주시,청원구,내덕동,,충청북도 청주시 청원구 안덕벌로19번길 85-1,0.0,0,0,0.0,0.0
[내덕동],122176,4,진흥,1987.12.,35.0,16.4,54.23,13.53,44.76,10,,,,,,,,,2,1,계단식,54A,5.0,5.0,https://new.land.naver.com/complexes/122176?tab=detail&rf=Y,충청북도 청주시 청원구 내덕동 138-14,충청북도,청주시,청원구,내덕동,,충청북도 청주시 청원구 안덕벌로19번길 85-1,0.0,0,0,0.0,0.0
[내덕동],122176,5,진흥,1987.12.,35.0,18.46,61.03,15.89,52.56,5,,,,,,,,,2,1,계단식,61,5.0,5.0,https://new.land.naver.com/complexes/122176?tab=detail&rf=Y,충청북도 청주시 청원구 내덕동 138-14,충청북도,청주시,청원구,내덕동,,충청북도 청주시 청원구 안덕벌로19번길 85-1,0.0,0,0,0.0,0.0
[내덕동],122176,6,진흥,1987.12.,35.0,18.56,61.37,15.96,52.77,5,,,,,,,,,2,1,계단식,61,5.0,5.0,https://new.land.naver.com/complexes/122176?tab=detail&rf=Y,충청북도 청주시 청원구 내덕동 138-14,충청북도,청주시,청원구,내덕동,,충청북도 청주시 청원구 안덕벌로19번길 85-1,0.0,0,0,0.0,0.0
[내덕동],15393,1,신라,1988.12.,120.0,28.01,92.6,25.69,84.95,90,,,,,,,,,3,1,계단식,92,5.0,5.0,https://new.land.naver.com/complexes/15393?tab=detail&rf=Y,충청북도 청주시 청원구 내덕동 422,충청북도,청주시,청원구,내덕동,,충청북도 청주시 청원구 1순환로197번길 31,0.0,0,0,0.0,0.0
[내덕동],15393,2,신라,1988.12.,120.0,30.02,99.26,25.7,84.98,10,,,,,,,,,3,2,계단식,99,5.0,5.0,https://new.land.naver.com/complexes/15393?tab=detail&rf=Y,충청북도 청주시 청원구 내덕동 422,충청북도,청주시,청원구,내덕동,,충청북도 청주시 청원구 1순환로197번길 31,0.0,0,0,0.0,0.0
[내덕동],15393,3,신라,1988.12.,120.0,53.27,176.13,49.21,162.69,5,,,,,,,,,4,2,복도식,176,5.0,5.0,https://new.land.naver.com/complexes/15393?tab=detail&rf=Y,충청북도 청주시 청원구 내덕동 422,충청북도,청주시,청원구,내덕동,,충청북도 청주시 청원구 1순환로197번길 31,0.0,0,0,0.0,0.0
[내덕동],15393,4,신라,1988.12.,120.0,54.77,181.07,50.7,167.63,10,,,,,,,,,4,2,복도식,181,5.0,5.0,https://new.land.naver.com/complexes/15393?tab=detail&rf=Y,충청북도 청주시 청원구 내덕동 422,충청북도,청주시,청원구,내덕동,,충청북도 청주시 청원구 1순환로197번길 31,0.0,0,0,0.0,0.0
[내덕동],15393,5,신라,1988.12.,120.0,57.36,189.64,52.73,174.34,5,,,,,,,,,4,2,계단식,189,5.0,5.0,https://new.land.naver.com/complexes/15393?tab=detail&rf=Y,충청북도 청주시 청원구 내덕동 422,충청북도,청주시,청원구,내덕동,,충청북도 청주시 청원구 1순환로197번길 31,0.0,0,0,0.0,0.0
[내덕동],113545,1,형제,1991.12.,54.0,21.97,72.63,15.24,50.4,1,,,,,,,,,3,1,복도식,72,6.0,6.0,https://new.land.naver.com/complexes/113545?tab=detail&rf=Y,충청북도 청주시 청원구 내덕동 495,충청북도,청주시,청원구,내덕동,,충청북도 청주시 청원구 충청대로71번길 10,0.0,0,0,0.0,0.0
[내덕동],113545,2,형제,1991.12.,54.0,22.58,74.66,15.72,51.99,11,,,,,,,,,3,1,복도식,74,6.0,6.0,https://new.land.naver.com/complexes/113545?tab=detail&rf=Y,충청북도 청주시 청원구 내덕동 495,충청북도,청주시,청원구,내덕동,,충청북도 청주시 청원구 충청대로71번길 10,0.0,0,0,0.0,0.0
[내덕동],113545,3,형제,1991.12.,54.0,25.55,84.49,17.99,59.49,36,,,,,,,,,3,2,복도식,84A,6.0,6.0,https://new.land.naver.com/complexes/113545?tab=detail&rf=Y,충청북도 청주시 청원구 내덕동 495,충청북도,청주시,청원구,내덕동,,충청북도 청주시 청원구 충청대로71번길 10,0.0,0,0,0.0,0.0
[내덕동],113545,4,형제,1991.12.,54.0,27.52,90.99,17.99,59.49,6,,,,,,,,,3,2,복도식,90B,6.0,6.0,https://new.land.naver.com/complexes/113545?tab=detail&rf=Y,충청북도 청주시 청원구 내덕동 495,충청북도,청주시,청원구,내덕동,,충청북도 청주시 청원구 충청대로71번길 10,0.0,0,0,0.0,0.0
[내덕동],7015,1,삼일,1989.11.,200.0,32.99,109.08,25.7,84.98,200,,,,,,,,,3,2,계단식,109,6.0,5.0,https://new.land.naver.com/complexes/7015?tab=detail&rf=Y,충청북도 청주시 청원구 내덕동 697-1,충청북도,청주시,청원구,내덕동,,충청북도 청주시 청원구 1순환로341번길 50,0.0,0,0,0.0,0.0
[내덕동],14100,1,보성3차,1987.11.,120.0,29.68,98.14,23.05,76.23,120,,,,,,,,,3,1,계단식,98,5.0,5.0,https://new.land.naver.com/complexes/14100?tab=detail&rf=Y,충청북도 청주시 청원구 내덕동 748-8,충청북도,청주시,청원구,내덕동,,충청북도 청주시 청원구 무심동로660번길 23,0.0,0,0,0.0,0.0
[내덕동],108375,1,율량서희스타힐스,2016.06.,508.0,29.49,97.49,22.59,74.7,154,,,,,,,,,3,2,계단식,97,28.0,15.0,https://new.land.naver.com/complexes/108375?tab=detail&rf=Y,충청북도 청주시 청원구 내덕동 853,충청북도,청주시,청원구,내덕동,,충청북도 청주시 청원구 충청대로84번길 30,0.0,228,17,712.0,1.4
[내덕동],108375,2,율량서희스타힐스,2016.06.,508.0,30.39,100.48,23.45,77.54,200,,,,,,,,,3,2,계단식,100,28.0,15.0,https://new.land.naver.com/complexes/108375?tab=detail&rf=Y,충청북도 청주시 청원구 내덕동 853,충청북도,청주시,청원구,내덕동,,충청북도 청주시 청원구 충청대로84번길 30,0.0,228,17,712.0,1.4
[내덕동],108375,3,율량서희스타힐스,2016.06.,508.0,33.31,110.12,25.68,84.91,154,,,,,,,,,3,2,계단식,110,28.0,15.0,https://new.land.naver.com/complexes/108375?tab=detail&rf=Y,충청북도 청주시 청원구 내덕동 853,충청북도,청주시,청원구,내덕동,,충청북도 청주시 청원구 충청대로84번길 30,0.0,228,17,712.0,1.4
[내덕동],105755,1,우성,1984.12.,134.0,20.9,69.12,18.73,61.92,79,,,,,,,,,2,1,복도식,69,5.0,4.0,https://new.land.naver.com/complexes/105755?tab=detail&rf=Y,충청북도 청주시 청원구 내덕동 683-10,충청북도,청주시,청원구,내덕동,,충청북도 청주시 청원구 향군로141번길 21,0.0,0,0,0.0,0.0
[내덕동],105755,2,우성,1984.12.,134.0,24.32,80.42,19.88,65.73,50,,,,,,,,,3,1,복도식,80,5.0,4.0,https://new.land.naver.com/complexes/105755?tab=detail&rf=Y,충청북도 청주시 청원구 내덕동 683-10,충청북도,청주시,청원구,내덕동,,충청북도 청주시 청원구 향군로141번길 21,0.0,0,0,0.0,0.0
[내덕동],105755,3,우성,1984.12.,134.0,28.12,92.99,25.64,84.78,5,,,,,,,,,3,1,복도식,92,5.0,4.0,https://new.land.naver.com/complexes/105755?tab=detail&rf=Y,충청북도 청주시 청원구 내덕동 683-10,충청북도,청주시,청원구,내덕동,,충청북도 청주시 청원구 향군로141번길 21,0.0,0,0,0.0,0.0
[내덕동],7018,1,신화,1990.10.,432.0,28.87,95.46,22.26,73.61,69,,,,,,,,,3,1,계단식,95,14.0,8.0,https://new.land.naver.com/complexes/7018?tab=detail&rf=Y,충청북도 청주시 청원구 내덕동 520,충청북도,청주시,청원구,내덕동,,충청북도 청주시 청원구 1순환로211번길 11,0.0,0,0,0.0,0.0
[내덕동],7018,2,신화,1990.10.,432.0,33.99,112.37,25.7,84.99,283,,,,,,,,,3,2,계단식,112,14.0,8.0,https://new.land.naver.com/complexes/7018?tab=detail&rf=Y,충청북도 청주시 청원구 내덕동 520,충청북도,청주시,청원구,내덕동,,충청북도 청주시 청원구 1순환로211번길 11,0.0,0,0,0.0,0.0
[내덕동],7018,3,신화,1990.10.,432.0,49.03,162.09,40.44,133.69,80,,,,,,,,,4,2,계단식,162,14.0,8.0,https://new.land.naver.com/complexes/7018?tab=detail&rf=Y,충청북도 청주시 청원구 내덕동 520,충청북도,청주시,청원구,내덕동,,충청북도 청주시 청원구 1순환로211번길 11,0.0,0,0,0.0,0.0
[내덕동],15389,1,보성1차,1985.10.,120.0,21.15,69.93,19.52,64.53,120,,,,,,,,,3,1,계단식,69,5.0,5.0,https://new.land.naver.com/complexes/15389?tab=detail&rf=Y,충청북도 청주시 청원구 내덕동 771,충청북도,청주시,청원구,내덕동,,충청북도 청주시 청원구 무심동로660번길 23,0.0,0,0,0.0,0.0
[내덕동],121709,1,청주힐즈파크푸르지오,2020.11.,777.0,29.83,98.64,22.98,75.99,91,,,,,,,,,3,2,계단식,98A,25.0,25.0,https://new.land.naver.com/complexes/121709?tab=detail&rf=Y,충청북도 청주시 청원구 내덕동 857,충청북도,청주시,청원구,내덕동,,충청북도 청주시 청원구 1순환로 123,0.0,0,0,0.0,0.0
[내덕동],121709,2,청주힐즈파크푸르지오,2020.11.,777.0,30.16,99.73,22.98,75.98,98,,,,,,,,,3,2,계단식,99B,25.0,25.0,https://new.land.naver.com/complexes/121709?tab=detail&rf=Y,충청북도 청주시 청원구 내덕동 857,충청북도,청주시,청원구,내덕동,,충청북도 청주시 청원구 1순환로 123,0.0,0,0,0.0,0.0
[내덕동],121709,3,청주힐즈파크푸르지오,2020.11.,777.0,33.38,110.37,25.7,84.99,304,,,,,,,,,3,2,계단식,110A,25.0,25.0,https://new.land.naver.com/complexes/121709?tab=detail&rf=Y,충청북도 청주시 청원구 내덕동 857,충청북도,청주시,청원구,내덕동,,충청북도 청주시 청원구 1순환로 123,0.0,0,0,0.0,0.0
[내덕동],121709,4,청주힐즈파크푸르지오,2020.11.,777.0,33.45,110.59,25.7,84.99,98,,,,,,,,,3,2,계단식,110B,25.0,25.0,https://new.land.naver.com/complexes/121709?tab=detail&rf=Y,충청북도 청주시 청원구 내덕동 857,충청북도,청주시,청원구,내덕동,,충청북도 청주시 청원구 1순환로 123,0.0,0,0,0.0,0.0
[내덕동],121709,5,청주힐즈파크푸르지오,2020.11.,777.0,33.33,110.2,25.7,84.99,68,,,,,,,,,3,2,계단식,110D,25.0,25.0,https://new.land.naver.com/complexes/121709?tab=detail&rf=Y,충청북도 청주시 청원구 내덕동 857,충청북도,청주시,청원구,내덕동,,충청북도 청주시 청원구 1순환로 123,0.0,0,0,0.0,0.0
[내덕동],121709,6,청주힐즈파크푸르지오,2020.11.,777.0,33.73,111.51,25.7,84.98,68,,,,,,,,,3,2,계단식,111C,25.0,25.0,https://new.land.naver.com/complexes/121709?tab=detail&rf=Y,충청북도 청주시 청원구 내덕동 857,충청북도,청주시,청원구,내덕동,,충청북도 청주시 청원구 1순환로 123,0.0,0,0,0.0,0.0
[내덕동],121709,7,청주힐즈파크푸르지오,2020.11.,777.0,39.93,132.02,30.83,101.92,46,,,,,,,,,4,2,계단식,132,25.0,25.0,https://new.land.naver.com/complexes/121709?tab=detail&rf=Y,충청북도 청주시 청원구 내덕동 857,충청북도,청주시,청원구,내덕동,,충청북도 청주시 청원구 1순환로 123,0.0,0,0,0.0,0.0
[내덕동],121709,8,청주힐즈파크푸르지오,2020.11.,777.0,44.76,147.99,35.93,118.8,2,,,,,,,,,4,2,계단식,147,25.0,25.0,https://new.land.naver.com/complexes/121709?tab=detail&rf=Y,충청북도 청주시 청원구 내덕동 857,충청북도,청주시,청원구,내덕동,,충청북도 청주시 청원구 1순환로 123,0.0,0,0,0.0,0.0
[내덕동],121709,9,청주힐즈파크푸르지오,2020.11.,777.0,45.94,151.87,34.55,114.23,1,,,,,,,,,3,2,계단식,151,25.0,25.0,https://new.land.naver.com/complexes/121709?tab=detail&rf=Y,충청북도 청주시 청원구 내덕동 857,충청북도,청주시,청원구,내덕동,,충청북도 청주시 청원구 1순환로 123,0.0,0,0,0.0,0.0
[내덕동],121709,10,청주힐즈파크푸르지오,2020.11.,777.0,48.75,161.19,36.72,121.41,1,,,,,,,,,3,2,계단식,161,25.0,25.0,https://new.land.naver.com/complexes/121709?tab=detail&rf=Y,충청북도 청주시 청원구 내덕동 857,충청북도,청주시,청원구,내덕동,,충청북도 청주시 청원구 1순환로 123,0.0,0,0,0.0,0.0
[내덕동],123412,1,금성계전,1979.12.,50.0,18.25,60.34,14.49,47.93,16,,,,,,,,,2,1,복도식,60A,5.0,5.0,https://new.land.naver.com/complexes/123412?tab=detail&rf=Y,충청북도 청주시 청원구 내덕동 412-1,충청북도,청주시,청원구,내덕동,,충청북도 청주시 청원구 충청대로 60,0.0,0,0,0.0,0.0
[내덕동],123412,2,금성계전,1979.12.,50.0,18.25,60.34,14.49,47.93,4,,,,,,,,,2,1,복도식,60B,5.0,5.0,https://new.land.naver.com/complexes/123412?tab=detail&rf=Y,충청북도 청주시 청원구 내덕동 412-1,충청북도,청주시,청원구,내덕동,,충청북도 청주시 청원구 충청대로 60,0.0,0,0,0.0,0.0
[내덕동],123412,3,금성계전,1979.12.,50.0,19.83,65.58,15.73,52.03,20,,,,,,,,,3,1,복도식,65,5.0,5.0,https://new.land.naver.com/complexes/123412?tab=detail&rf=Y,충청북도 청주시 청원구 내덕동 412-1,충청북도,청주시,청원구,내덕동,,충청북도 청주시 청원구 충청대로 60,0.0,0,0,0.0,0.0
[내덕동],123412,4,금성계전,1979.12.,50.0,21.94,72.54,16.09,53.22,5,,,,,,,,,3,1,복도식,72,5.0,5.0,https://new.land.naver.com/complexes/123412?tab=detail&rf=Y,충청북도 청주시 청원구 내덕동 412-1,충청북도,청주시,청원구,내덕동,,충청북도 청주시 청원구 충청대로 60,0.0,0,0,0.0,0.0
[내덕동],123412,5,금성계전,1979.12.,50.0,22.86,75.59,16.8,55.57,5,,,,,,,,,3,1,복도식,75,5.0,5.0,https://new.land.naver.com/complexes/123412?tab=detail&rf=Y,충청북도 청주시 청원구 내덕동 412-1,충청북도,청주시,청원구,내덕동,,충청북도 청주시 청원구 충청대로 60,0.0,0,0,0.0,0.0
[내덕동],17230,1,내덕상가,1986.07.,44.0,16.81,55.58,15.24,50.4,28,,,,,,,,,2,1,계단식,55,5.0,5.0,https://new.land.naver.com/complexes/17230?tab=detail&rf=Y,충청북도 청주시 청원구 내덕동 175-1,충청북도,청주시,청원구,내덕동,,충청북도 청주시 청원구 공항로 9,0.0,0,0,0.0,0.0
[내덕동],17230,2,내덕상가,1986.07.,44.0,17.76,58.73,16.19,53.55,8,,,,,,,,,2,1,계단식,58,5.0,5.0,https://new.land.naver.com/complexes/17230?tab=detail&rf=Y,충청북도 청주시 청원구 내덕동 175-1,충청북도,청주시,청원구,내덕동,,충청북도 청주시 청원구 공항로 9,0.0,0,0,0.0,0.0
[내덕동],17230,3,내덕상가,1986.07.,44.0,19.08,63.08,17.51,57.9,8,,,,,,,,,2,1,계단식,63,5.0,5.0,https://new.land.naver.com/complexes/17230?tab=detail&rf=Y,충청북도 청주시 청원구 내덕동 175-1,충청북도,청주시,청원구,내덕동,,충청북도 청주시 청원구 공항로 9,0.0,0,0,0.0,0.0
[내덕동],131583,1,늘봄,1985.02.,25.0,19.32,63.9,17.69,58.5,25,,,,,,,,,2,1,계단식,63,5.0,5.0,https://new.land.naver.com/complexes/131583?tab=detail&rf=Y,충청북도 청주시 청원구 내덕동 649-6,충청북도,청주시,청원구,내덕동,,충청북도 청주시 청원구 향군로136번길 18,0.0,0,0,0.0,0.0
[내덕동],135924,1,한마음,1992.08.,46.0,19.42,64.23,16.22,53.64,22,,,,,,,,,2,1,계단식,64,6.0,4.0,https://new.land.naver.com/complexes/135924?tab=detail&rf=Y,충청북도 청주시 청원구 내덕동 660-6,충청북도,청주시,청원구,내덕동,,충청북도 청주시 청원구 내덕로7번길 58,0.0,173,31,23.0,0.5
[내덕동],135924,2,한마음,1992.08.,46.0,24.44,80.81,20.43,67.56,24,,,,,,,,,3,1,계단식,80,6.0,4.0,https://new.land.naver.com/complexes/135924?tab=detail&rf=Y,충청북도 청주시 청원구 내덕동 660-6,충청북도,청주시,청원구,내덕동,,충청북도 청주시 청원구 내덕로7번길 58,0.0,173,31,23.0,0.5
[내덕동],100544,1,영우예인촌,1997.04.,280.0,12.39,40.98,9.16,30.31,250,,,,,,,,,2,1,계단식,40,15.0,6.0,https://new.land.naver.com/complexes/100544?tab=detail&rf=Y,충청북도 청주시 청원구 내덕동 141,충청북도,청주시,청원구,내덕동,,충청북도 청주시 청원구 안덕벌로69번길 37,0.0,262,37,132.0,0.47
[내덕동],100544,2,영우예인촌,1997.04.,280.0,17.28,57.14,13.09,43.29,30,,,,,,,,,2,1,계단식,57,15.0,6.0,https://new.land.naver.com/complexes/100544?tab=detail&rf=Y,충청북도 청주시 청원구 내덕동 141,충청북도,청주시,청원구,내덕동,,충청북도 청주시 청원구 안덕벌로69번길 37,0.0,262,37,132.0,0.47
[내덕동],13087,1,롯데삼성,1986.11.,252.0,16.66,55.08,13.28,43.92,156,,,,,,,,,3,1,계단식,55,5.0,3.0,https://new.land.naver.com/complexes/13087?tab=detail&rf=Y,충청북도 청주시 청원구 내덕동 106-10,충청북도,청주시,청원구,내덕동,,충청북도 청주시 청원구 덕벌로15번길 14,0.0,0,0,0.0,0.0
[내덕동],13087,2,롯데삼성,1986.11.,252.0,20.67,68.35,16.77,55.44,96,,,,,,,,,3,1,계단식,68,5.0,3.0,https://new.land.naver.com/complexes/13087?tab=detail&rf=Y,충청북도 청주시 청원구 내덕동 106-10,충청북도,청주시,청원구,내덕동,,충청북도 청주시 청원구 덕벌로15번길 14,0.0,0,0,0.0,0.0
[내덕동],15392,1,시영,1982.06.,300.0,15.68,51.84,13.63,45.09,60,,,,,,,,,2,1,계단식,51A,5.0,5.0,https://new.land.naver.com/complexes/15392?tab=detail&rf=Y,충청북도 청주시 청원구 내덕동 722,충청북도,청주시,청원구,내덕동,,충청북도 청주시 청원구 1순환로330번길 17,0.0,0,0,0.0,0.0
[내덕동],15392,2,시영,1982.06.,300.0,16.01,52.95,13.74,45.45,50,,,,,,,,,2,1,계단식,52B,5.0,5.0,https://new.land.naver.com/complexes/15392?tab=detail&rf=Y,충청북도 청주시 청원구 내덕동 722,충청북도,청주시,청원구,내덕동,,충청북도 청주시 청원구 1순환로330번길 17,0.0,0,0,0.0,0.0
[내덕동],15392,3,시영,1982.06.,300.0,17.98,59.44,15.86,52.44,90,,,,,,,,,3,1,계단식,59,5.0,5.0,https://new.land.naver.com/complexes/15392?tab=detail&rf=Y,충청북도 청주시 청원구 내덕동 722,충청북도,청주시,청원구,내덕동,,충청북도 청주시 청원구 1순환로330번길 17,0.0,0,0,0.0,0.0
[내덕동],15392,4,시영,1982.06.,300.0,18.65,61.68,16.38,54.18,100,,,,,,,,,3,1,계단식,61,5.0,5.0,https://new.land.naver.com/complexes/15392?tab=detail&rf=Y,충청북도 청주시 청원구 내덕동 722,충청북도,청주시,청원구,내덕동,,충청북도 청주시 청원구 1순환로330번길 17,0.0,0,0,0.0,0.0
[내덕동],15390,1,보성2차,1986.11.,140.0,18.02,59.6,15.01,49.63,16,,,,,,,,,2,1,계단식,59,6.0,5.0,https://new.land.naver.com/complexes/15390?tab=detail&rf=Y,충청북도 청주시 청원구 내덕동 748-2,충청북도,청주시,청원구,내덕동,,충청북도 청주시 청원구 무심동로660번길 23,0.0,0,0,0.0,0.0
[내덕동],15390,2,보성2차,1986.11.,140.0,24.53,81.1,20.51,67.82,124,,,,,,,,,3,1,계단식,81,6.0,5.0,https://new.land.naver.com/complexes/15390?tab=detail&rf=Y,충청북도 청주시 청원구 내덕동 748-2,충청북도,청주시,청원구,내덕동,,충청북도 청주시 청원구 무심동로660번길 23,0.0,0,0,0.0,0.0
[내수읍],132729,1,우창진주1차(197-159),1993.11.,36.0,20.37,67.37,18.11,59.88,24,,,,,,,,,3,1,계단식,67B,6.0,6.0,https://new.land.naver.com/complexes/132729?tab=detail&rf=Y,충청북도 청주시 청원구 내수읍 마산리 197-159,충청북도,청주시,청원구,내수읍,,충청북도 청주시 청원구 마산3길 21,0.0,165,27,16.0,0.44
[내수읍],132729,2,우창진주1차(197-159),1993.11.,36.0,20.28,67.07,18.02,59.58,6,,,,,,,,,3,1,복도식,67A,6.0,6.0,https://new.land.naver.com/complexes/132729?tab=detail&rf=Y,충청북도 청주시 청원구 내수읍 마산리 197-159,충청북도,청주시,청원구,내수읍,,충청북도 청주시 청원구 마산3길 21,0.0,165,27,16.0,0.44
[내수읍],132729,3,우창진주1차(197-159),1993.11.,36.0,20.38,67.4,18.12,59.91,6,,,,,,,,,3,1,계단식,67C,6.0,6.0,https://new.land.naver.com/complexes/132729?tab=detail&rf=Y,충청북도 청주시 청원구 내수읍 마산리 197-159,충청북도,청주시,청원구,내수읍,,충청북도 청주시 청원구 마산3길 21,0.0,165,27,16.0,0.44
[내수읍],101279,1,은곡무지개,2000.05.,700.0,13.02,43.05,10.15,33.57,240,,,,,,,,,1,1,계단식,43,10.0,10.0,https://new.land.naver.com/complexes/101279?tab=detail&rf=Y,충청북도 청주시 청원구 내수읍 은곡리 246-3,충청북도,청주시,청원구,내수읍,,충청북도 청주시 청원구 은곡4길 6,0.0,141,20,509.0,0.73
[내수읍],101279,2,은곡무지개,2000.05.,700.0,15.78,52.17,12.03,39.78,460,,,,,,,,,2,1,계단식,52,10.0,10.0,https://new.land.naver.com/complexes/101279?tab=detail&rf=Y,충청북도 청주시 청원구 내수읍 은곡리 246-3,충청북도,청주시,청원구,내수읍,,충청북도 청주시 청원구 은곡4길 6,0.0,141,20,509.0,0.73
[내수읍],115812,1,내수현석원앙,2017.01.,49.0,24.84,82.14,19.59,64.78,11,,,,,,,,,3,2,계단식,82,13.0,4.0,https://new.land.naver.com/complexes/115812?tab=detail&rf=Y,충청북도 청주시 청원구 내수읍 내수리 39-5,충청북도,청주시,청원구,내수읍,,충청북도 청주시 청원구 내수학평길 19,0.0,232,38,49.0,1.0
[내수읍],115812,2,내수현석원앙,2017.01.,49.0,32.73,108.23,25.7,84.98,31,,,,,,,,,3,2,계단식,108B,13.0,4.0,https://new.land.naver.com/complexes/115812?tab=detail&rf=Y,충청북도 청주시 청원구 내수읍 내수리 39-5,충청북도,청주시,청원구,내수읍,,충청북도 청주시 청원구 내수학평길 19,0.0,232,38,49.0,1.0
[내수읍],115812,3,내수현석원앙,2017.01.,49.0,32.85,108.62,25.62,84.7,7,,,,,,,,,3,2,계단식,108A,13.0,4.0,https://new.land.naver.com/complexes/115812?tab=detail&rf=Y,충청북도 청주시 청원구 내수읍 내수리 39-5,충청북도,청주시,청원구,내수읍,,충청북도 청주시 청원구 내수학평길 19,0.0,232,38,49.0,1.0
[내수읍],106602,1,수정로얄,1995.10.,154.0,21.18,70.03,16.15,53.42,1,,,,,,,,,2,1,복도식,70,11.0,6.0,https://new.land.naver.com/complexes/106602?tab=detail&rf=Y,충청북도 청주시 청원구 내수읍 내수리 37,충청북도,청주시,청원구,내수읍,,충청북도 청주시 청원구 내수본길 16,0.0,224,25,68.0,0.44
[내수읍],106602,2,수정로얄,1995.10.,154.0,23.56,77.9,17.97,59.42,153,,,,,,,,,3,1,복도식,77,11.0,6.0,https://new.land.naver.com/complexes/106602?tab=detail&rf=Y,충청북도 청주시 청원구 내수읍 내수리 37,충청북도,청주시,청원구,내수읍,,충청북도 청주시 청원구 내수본길 16,0.0,224,25,68.0,0.44
[내수읍],17225,1,우창진주2차(51-3),1997.03.,298.0,23.77,78.6,18.06,59.73,298,,,,,,,,,3,1,복도식,78,14.0,10.0,https://new.land.naver.com/complexes/17225?tab=detail&rf=Y,충청북도 청주시 청원구 내수읍 도원리 51-3,충청북도,청주시,청원구,내수읍,,충청북도 청주시 청원구 도원세교로 63,0.0,187,16,203.0,0.68
[내수읍],140237,1,천일은곡빌리지,2000.06.,28.0,35.29,116.69,25.63,84.75,8,,,,,,,,,3,2,계단식,116,8.0,6.0,https://new.land.naver.com/complexes/140237?tab=detail&rf=Y,충청북도 청주시 청원구 내수읍 은곡리 293-7,충청북도,청주시,청원구,내수읍,,충청북도 청주시 청원구 은곡묵방길 50,0.0,99,16,53.0,1.89
[내수읍],140237,2,천일은곡빌리지,2000.06.,28.0,46.72,154.46,34.02,112.49,8,,,,,,,,,4,2,계단식,154,8.0,6.0,https://new.land.naver.com/complexes/140237?tab=detail&rf=Y,충청북도 청주시 청원구 내수읍 은곡리 293-7,충청북도,청주시,청원구,내수읍,,충청북도 청주시 청원구 은곡묵방길 50,0.0,99,16,53.0,1.89
[내수읍],140237,3,천일은곡빌리지,2000.06.,28.0,54.32,179.6,40.8,134.88,12,,,,,,,,,5,3,계단식,179,8.0,6.0,https://new.land.naver.com/complexes/140237?tab=detail&rf=Y,충청북도 청주시 청원구 내수읍 은곡리 293-7,충청북도,청주시,청원구,내수읍,,충청북도 청주시 청원구 은곡묵방길 50,0.0,99,16,53.0,1.89
[내수읍],101346,1,천일은곡,2000.06.,494.0,21.64,71.55,18.06,59.73,494,,,,,,,,,3,1,계단식,71,13.0,13.0,https://new.land.naver.com/complexes/101346?tab=detail&rf=Y,충청북도 청주시 청원구 내수읍 은곡리 302,충청북도,청주시,청원구,내수읍,,충청북도 청주시 청원구 은곡묵방길 52-10,0.0,136,15,369.0,0.75
[내수읍],15375,1,삼일,1996.10.,883.0,10.9,36.05,8.05,26.62,132,,,,,,,,,1,1,복도식,36,11.0,6.0,https://new.land.naver.com/complexes/15375?tab=detail&rf=Y,충청북도 청주시 청원구 내수읍 내수리 200-3,충청북도,청주시,청원구,내수읍,,충청북도 청주시 청원구 내수로 639,0.0,184,19,374.0,0.42
[내수읍],15375,2,삼일,1996.10.,883.0,23.59,77.99,18.02,59.58,1,,,,,,,,,3,1,복도식,77B,11.0,6.0,https://new.land.naver.com/complexes/15375?tab=detail&rf=Y,충청북도 청주시 청원구 내수읍 내수리 200-3,충청북도,청주시,청원구,내수읍,,충청북도 청주시 청원구 내수로 639,0.0,184,19,374.0,0.42
[내수읍],15375,3,삼일,1996.10.,883.0,23.62,78.09,18.05,59.68,750,,,,,,,,,3,1,복도식,78A,11.0,6.0,https://new.land.naver.com/complexes/15375?tab=detail&rf=Y,충청북도 청주시 청원구 내수읍 내수리 200-3,충청북도,청주시,청원구,내수읍,,충청북도 청주시 청원구 내수로 639,0.0,184,19,374.0,0.42
[내수읍],15376,1,우창진주1차(56),1995.12.,264.0,19.08,63.1,15.05,49.76,132,,,,,,,,,2,1,복도식,63,11.0,11.0,https://new.land.naver.com/complexes/15376?tab=detail&rf=Y,충청북도 청주시 청원구 내수읍 도원리 56,충청북도,청주시,청원구,내수읍,,충청북도 청주시 청원구 도원세교로 67,0.0,217,24,130.0,0.49
[내수읍],15376,2,우창진주1차(56),1995.12.,264.0,22.73,75.17,18.13,59.95,132,,,,,,,,,3,1,복도식,75,11.0,11.0,https://new.land.naver.com/complexes/15376?tab=detail&rf=Y,충청북도 청주시 청원구 내수읍 도원리 56,충청북도,청주시,청원구,내수읍,,충청북도 청주시 청원구 도원세교로 67,0.0,217,24,130.0,0.49
[내수읍],103374,1,덕일한마음,1997.10.,910.0,15.19,50.22,11.67,38.61,440,,,,,,,,,1,1,복도식,50,12.0,10.0,https://new.land.naver.com/complexes/103374?tab=detail&rf=Y,충청북도 청주시 청원구 내수읍 은곡리 301,충청북도,청주시,청원구,내수읍,,충청북도 청주시 청원구 은곡묵방길 28,0.0,137,17,510.0,0.56
[내수읍],103374,2,덕일한마음,1997.10.,910.0,15.79,52.23,11.67,38.61,110,,,,,,,,,1,1,복도식,52,12.0,10.0,https://new.land.naver.com/complexes/103374?tab=detail&rf=Y,충청북도 청주시 청원구 내수읍 은곡리 301,충청북도,청주시,청원구,내수읍,,충청북도 청주시 청원구 은곡묵방길 28,0.0,137,17,510.0,0.56
[내수읍],103374,3,덕일한마음,1997.10.,910.0,18.45,61.02,13.69,45.27,360,,,,,,,,,2,1,복도식,61,12.0,10.0,https://new.land.naver.com/complexes/103374?tab=detail&rf=Y,충청북도 청주시 청원구 내수읍 은곡리 301,충청북도,청주시,청원구,내수읍,,충청북도 청주시 청원구 은곡묵방길 28,0.0,137,17,510.0,0.56
[내수읍],15377,1,진흥1차,1990.12.,425.0,11.38,37.63,8.52,28.17,6,,,,,,,,,1,1,복도식,37,6.0,3.0,https://new.land.naver.com/complexes/15377?tab=detail&rf=Y,충청북도 청주시 청원구 내수읍 마산리 123,충청북도,청주시,청원구,내수읍,,충청북도 청주시 청원구 마산길 72,0.0,178,36,81.0,0.19
[내수읍],15377,2,진흥1차,1990.12.,425.0,11.57,38.27,8.66,28.65,61,,,,,,,,,1,1,계단식,38,6.0,3.0,https://new.land.naver.com/complexes/15377?tab=detail&rf=Y,충청북도 청주시 청원구 내수읍 마산리 123,충청북도,청주시,청원구,내수읍,,충청북도 청주시 청원구 마산길 72,0.0,178,36,81.0,0.19
[내수읍],15377,3,진흥1차,1990.12.,425.0,20.43,67.54,18.1,59.85,358,,,,,,,,,2,1,계단식,67A,6.0,3.0,https://new.land.naver.com/complexes/15377?tab=detail&rf=Y,충청북도 청주시 청원구 내수읍 마산리 123,충청북도,청주시,청원구,내수읍,,충청북도 청주시 청원구 마산길 72,0.0,178,36,81.0,0.19
[내수읍],15379,1,우창진주3차,1998.01.,295.0,25.6,84.65,18.11,59.9,242,,,,,,,,,2,1,복도식,84A,11.0,9.0,https://new.land.naver.com/complexes/15379?tab=detail&rf=Y,충청북도 청주시 청원구 내수읍 도원리 23,충청북도,청주시,청원구,내수읍,,충청북도 청주시 청원구 도원세교로 85,0.0,168,17,213.0,0.72
[내수읍],15379,2,우창진주3차,1998.01.,295.0,25.6,84.65,18.11,59.9,53,,,,,,,,,3,1,복도식,84B,11.0,9.0,https://new.land.naver.com/complexes/15379?tab=detail&rf=Y,충청북도 청주시 청원구 내수읍 도원리 23,충청북도,청주시,청원구,내수읍,,충청북도 청주시 청원구 도원세교로 85,0.0,168,17,213.0,0.72
[내수읍],15378,1,진흥2차,1992.11.,299.0,22.9,75.71,18.14,59.97,233,,,,,,,,,2,1,계단식,75,6.0,5.0,https://new.land.naver.com/complexes/15378?tab=detail&rf=Y,충청북도 청주시 청원구 내수읍 마산리 5-5,충청북도,청주시,청원구,내수읍,,충청북도 청주시 청원구 마산3길 3,0.0,151,30,136.0,0.45
[내수읍],15378,2,진흥2차,1992.11.,299.0,22.85,75.56,18.1,59.85,42,,,,,,,,,3,1,복도식,75,6.0,5.0,https://new.land.naver.com/complexes/15378?tab=detail&rf=Y,충청북도 청주시 청원구 내수읍 마산리 5-5,충청북도,청주시,청원구,내수읍,,충청북도 청주시 청원구 마산3길 3,0.0,151,30,136.0,0.45
[내수읍],15378,3,진흥2차,1992.11.,299.0,32.41,107.17,25.67,84.89,24,,,,,,,,,3,2,계단식,107,6.0,5.0,https://new.land.naver.com/complexes/15378?tab=detail&rf=Y,충청북도 청주시 청원구 내수읍 마산리 5-5,충청북도,청주시,청원구,내수읍,,충청북도 청주시 청원구 마산3길 3,0.0,151,30,136.0,0.45
[내수읍],17224,1,강우스파빌,2002.03.,160.0,23.26,76.92,18.12,59.92,117,,,,,,,,,3,1,복도식,76A,8.0,4.0,https://new.land.naver.com/complexes/17224?tab=detail&rf=Y,충청북도 청주시 청원구 내수읍 우산리 504-8,충청북도,청주시,청원구,내수읍,,충청북도 청주시 청원구 우산길 37,0.0,134,26,93.0,0.58
[내수읍],17224,2,강우스파빌,2002.03.,160.0,23.28,76.98,18.14,59.97,43,,,,,,,,,3,1,복도식,76B,8.0,4.0,https://new.land.naver.com/complexes/17224?tab=detail&rf=Y,충청북도 청주시 청원구 내수읍 우산리 504-8,충청북도,청주시,청원구,내수읍,,충청북도 청주시 청원구 우산길 37,0.0,134,26,93.0,0.58
[내수읍],133003,1,우창진주2차(12-1),1994.11.,48.0,20.01,66.18,17.85,59.04,6,,,,,,,,,3,1,계단식,66A,6.0,6.0,https://new.land.naver.com/complexes/133003?tab=detail&rf=Y,충청북도 청주시 청원구 내수읍 마산리 12-1,충청북도,청주시,청원구,내수읍,,충청북도 청주시 청원구 마산3길 12,0.0,142,25,18.0,0.38
[내수읍],133003,2,우창진주2차(12-1),1994.11.,48.0,20.14,66.58,17.98,59.44,6,,,,,,,,,3,1,계단식,66B,6.0,6.0,https://new.land.naver.com/complexes/133003?tab=detail&rf=Y,충청북도 청주시 청원구 내수읍 마산리 12-1,충청북도,청주시,청원구,내수읍,,충청북도 청주시 청원구 마산3길 12,0.0,142,25,18.0,0.38
[내수읍],133003,3,우창진주2차(12-1),1994.11.,48.0,20.52,67.86,18.11,59.88,30,,,,,,,,,3,1,계단식,67B,6.0,6.0,https://new.land.naver.com/complexes/133003?tab=detail&rf=Y,충청북도 청주시 청원구 내수읍 마산리 12-1,충청북도,청주시,청원구,내수읍,,충청북도 청주시 청원구 마산3길 12,0.0,142,25,18.0,0.38
[내수읍],133003,4,우창진주2차(12-1),1994.11.,48.0,20.51,67.83,18.1,59.85,6,,,,,,,,,3,1,계단식,67A,6.0,6.0,https://new.land.naver.com/complexes/133003?tab=detail&rf=Y,충청북도 청주시 청원구 내수읍 마산리 12-1,충청북도,청주시,청원구,내수읍,,충청북도 청주시 청원구 마산3길 12,0.0,142,25,18.0,0.38
[사천동],26509,1,남광하우스토리A단지,2011.01.,333.0,33.43,110.54,25.57,84.54,87,,,,,,,,,3,2,계단식,110,20.0,14.0,https://new.land.naver.com/complexes/26509?tab=detail&rf=Y,충청북도 청주시 청원구 사천동 683,충청북도,청주시,청원구,사천동,,충청북도 청주시 청원구 율봉로 7,0.0,200,15,548.0,1.65
[사천동],26509,2,남광하우스토리A단지,2011.01.,333.0,39.82,131.66,30.92,102.22,98,,,,,,,,,3,2,계단식,131,20.0,14.0,https://new.land.naver.com/complexes/26509?tab=detail&rf=Y,충청북도 청주시 청원구 사천동 683,충청북도,청주시,청원구,사천동,,충청북도 청주시 청원구 율봉로 7,0.0,200,15,548.0,1.65
[사천동],26509,3,남광하우스토리A단지,2011.01.,333.0,46.42,153.47,37.69,124.62,64,,,,,,,,,4,2,계단식,153,20.0,14.0,https://new.land.naver.com/complexes/26509?tab=detail&rf=Y,충청북도 청주시 청원구 사천동 683,충청북도,청주시,청원구,사천동,,충청북도 청주시 청원구 율봉로 7,0.0,200,15,548.0,1.65
[사천동],26509,4,남광하우스토리A단지,2011.01.,333.0,52.57,173.8,40.52,133.96,10,,,,,,,,,3,3,계단식,173,20.0,14.0,https://new.land.naver.com/complexes/26509?tab=detail&rf=Y,충청북도 청주시 청원구 사천동 683,충청북도,청주시,청원구,사천동,,충청북도 청주시 청원구 율봉로 7,0.0,200,15,548.0,1.65
[사천동],26509,5,남광하우스토리A단지,2011.01.,333.0,58.47,193.31,47.61,157.39,70,,,,,,,,,3,3,계단식,193,20.0,14.0,https://new.land.naver.com/complexes/26509?tab=detail&rf=Y,충청북도 청주시 청원구 사천동 683,충청북도,청주시,청원구,사천동,,충청북도 청주시 청원구 율봉로 7,0.0,200,15,548.0,1.65
[사천동],26509,6,남광하우스토리A단지,2011.01.,333.0,69.22,228.84,55.45,183.31,4,,,,,,,,,5,4,계단식,228,20.0,14.0,https://new.land.naver.com/complexes/26509?tab=detail&rf=Y,충청북도 청주시 청원구 사천동 683,충청북도,청주시,청원구,사천동,,충청북도 청주시 청원구 율봉로 7,0.0,200,15,548.0,1.65
[사천동],7027,1,사천동아1차,1994.05.,461.0,31.32,103.55,25.64,84.78,319,,,,,,,,,3,2,계단식,103,15.0,11.0,https://new.land.naver.com/complexes/7027?tab=detail&rf=Y,충청북도 청주시 청원구 사천동 437,충청북도,청주시,청원구,사천동,,충청북도 청주시 청원구 율봉로 31,0.0,224,19,455.0,0.99
[사천동],7027,2,사천동아1차,1994.05.,461.0,47.19,156.02,40.56,134.11,57,,,,,,,,,4,2,계단식,156,15.0,11.0,https://new.land.naver.com/complexes/7027?tab=detail&rf=Y,충청북도 청주시 청원구 사천동 437,충청북도,청주시,청원구,사천동,,충청북도 청주시 청원구 율봉로 31,0.0,224,19,455.0,0.99
[사천동],7027,3,사천동아1차,1994.05.,461.0,57.12,188.84,49.73,164.42,1,,,,,,,,,4,2,계단식,188A,15.0,11.0,https://new.land.naver.com/complexes/7027?tab=detail&rf=Y,충청북도 청주시 청원구 사천동 437,충청북도,청주시,청원구,사천동,,충청북도 청주시 청원구 율봉로 31,0.0,224,19,455.0,0.99
[사천동],7027,4,사천동아1차,1994.05.,461.0,57.18,189.04,49.79,164.62,84,,,,,,,,,4,2,계단식,189B,15.0,11.0,https://new.land.naver.com/complexes/7027?tab=detail&rf=Y,충청북도 청주시 청원구 사천동 437,충청북도,청주시,청원구,사천동,,충청북도 청주시 청원구 율봉로 31,0.0,224,19,455.0,0.99
[사천동],107105,1,일신힐사이드,2003.12.,49.0,12.88,42.58,8.53,28.23,1,,,,,,,,,1,1,복도식,42A,11.0,5.0,https://new.land.naver.com/complexes/107105?tab=detail&rf=Y,충청북도 청주시 청원구 사천동 25-123,충청북도,청주시,청원구,사천동,,충청북도 청주시 청원구 공항로 159-19,0.0,331,54,36.0,0.73
[사천동],107105,2,일신힐사이드,2003.12.,49.0,13.55,44.81,9.04,29.91,1,,,,,,,,,1,1,복도식,44,11.0,5.0,https://new.land.naver.com/complexes/107105?tab=detail&rf=Y,충청북도 청주시 청원구 사천동 25-123,충청북도,청주시,청원구,사천동,,충청북도 청주시 청원구 공항로 159-19,0.0,331,54,36.0,0.73
[사천동],107105,3,일신힐사이드,2003.12.,49.0,13.31,44.01,8.76,28.98,1,,,,,,,,,1,1,복도식,44B,11.0,5.0,https://new.land.naver.com/complexes/107105?tab=detail&rf=Y,충청북도 청주시 청원구 사천동 25-123,충청북도,청주시,청원구,사천동,,충청북도 청주시 청원구 공항로 159-19,0.0,331,54,36.0,0.73
[사천동],107105,4,일신힐사이드,2003.12.,49.0,15.01,49.63,10.13,33.52,2,,,,,,,,,2,1,복도식,49A,11.0,5.0,https://new.land.naver.com/complexes/107105?tab=detail&rf=Y,충청북도 청주시 청원구 사천동 25-123,충청북도,청주시,청원구,사천동,,충청북도 청주시 청원구 공항로 159-19,0.0,331,54,36.0,0.73
[사천동],107105,5,일신힐사이드,2003.12.,49.0,15.3,50.58,10.24,33.88,1,,,,,,,,,2,1,복도식,50B,11.0,5.0,https://new.land.naver.com/complexes/107105?tab=detail&rf=Y,충청북도 청주시 청원구 사천동 25-123,충청북도,청주시,청원구,사천동,,충청북도 청주시 청원구 공항로 159-19,0.0,331,54,36.0,0.73
[사천동],107105,6,일신힐사이드,2003.12.,49.0,16.96,56.08,11.01,36.41,1,,,,,,,,,2,1,복도식,56A,11.0,5.0,https://new.land.naver.com/complexes/107105?tab=detail&rf=Y,충청북도 청주시 청원구 사천동 25-123,충청북도,청주시,청원구,사천동,,충청북도 청주시 청원구 공항로 159-19,0.0,331,54,36.0,0.73
[사천동],107105,7,일신힐사이드,2003.12.,49.0,16.94,56.03,11.34,37.51,1,,,,,,,,,2,1,복도식,56B,11.0,5.0,https://new.land.naver.com/complexes/107105?tab=detail&rf=Y,충청북도 청주시 청원구 사천동 25-123,충청북도,청주시,청원구,사천동,,충청북도 청주시 청원구 공항로 159-19,0.0,331,54,36.0,0.73
[사천동],107105,8,일신힐사이드,2003.12.,49.0,16.95,56.06,11.38,37.62,1,,,,,,,,,2,1,복도식,56C,11.0,5.0,https://new.land.naver.com/complexes/107105?tab=detail&rf=Y,충청북도 청주시 청원구 사천동 25-123,충청북도,청주시,청원구,사천동,,충청북도 청주시 청원구 공항로 159-19,0.0,331,54,36.0,0.73
[사천동],107105,9,일신힐사이드,2003.12.,49.0,17.82,58.93,11.5,38.03,1,,,,,,,,,2,1,복도식,58A,11.0,5.0,https://new.land.naver.com/complexes/107105?tab=detail&rf=Y,충청북도 청주시 청원구 사천동 25-123,충청북도,청주시,청원구,사천동,,충청북도 청주시 청원구 공항로 159-19,0.0,331,54,36.0,0.73
[사천동],107105,10,일신힐사이드,2003.12.,49.0,18.28,60.43,12.62,41.74,4,,,,,,,,,2,1,복도식,60B,11.0,5.0,https://new.land.naver.com/complexes/107105?tab=detail&rf=Y,충청북도 청주시 청원구 사천동 25-123,충청북도,청주시,청원구,사천동,,충청북도 청주시 청원구 공항로 159-19,0.0,331,54,36.0,0.73
[사천동],107105,11,일신힐사이드,2003.12.,49.0,18.85,62.33,12.92,42.72,2,,,,,,,,,2,1,복도식,62,11.0,5.0,https://new.land.naver.com/complexes/107105?tab=detail&rf=Y,충청북도 청주시 청원구 사천동 25-123,충청북도,청주시,청원구,사천동,,충청북도 청주시 청원구 공항로 159-19,0.0,331,54,36.0,0.73
[사천동],107105,12,일신힐사이드,2003.12.,49.0,21.8,72.07,14.97,49.52,19,,,,,,,,,2,1,복도식,72,11.0,5.0,https://new.land.naver.com/complexes/107105?tab=detail&rf=Y,충청북도 청주시 청원구 사천동 25-123,충청북도,청주시,청원구,사천동,,충청북도 청주시 청원구 공항로 159-19,0.0,331,54,36.0,0.73
[사천동],107105,13,일신힐사이드,2003.12.,49.0,23.0,76.04,15.67,51.81,1,,,,,,,,,3,2,복도식,76A,11.0,5.0,https://new.land.naver.com/complexes/107105?tab=detail&rf=Y,충청북도 청주시 청원구 사천동 25-123,충청북도,청주시,청원구,사천동,,충청북도 청주시 청원구 공항로 159-19,0.0,331,54,36.0,0.73
[사천동],107105,14,일신힐사이드,2003.12.,49.0,23.11,76.4,15.96,52.79,1,,,,,,,,,3,2,복도식,76B,11.0,5.0,https://new.land.naver.com/complexes/107105?tab=detail&rf=Y,충청북도 청주시 청원구 사천동 25-123,충청북도,청주시,청원구,사천동,,충청북도 청주시 청원구 공항로 159-19,0.0,331,54,36.0,0.73
[사천동],107105,15,일신힐사이드,2003.12.,49.0,25.1,83.0,17.2,56.87,1,,,,,,,,,3,2,복도식,83A,11.0,5.0,https://new.land.naver.com/complexes/107105?tab=detail&rf=Y,충청북도 청주시 청원구 사천동 25-123,충청북도,청주시,청원구,사천동,,충청북도 청주시 청원구 공항로 159-19,0.0,331,54,36.0,0.73
[사천동],107105,16,일신힐사이드,2003.12.,49.0,25.41,84.02,17.43,57.64,1,,,,,,,,,3,2,복도식,84B,11.0,5.0,https://new.land.naver.com/complexes/107105?tab=detail&rf=Y,충청북도 청주시 청원구 사천동 25-123,충청북도,청주시,청원구,사천동,,충청북도 청주시 청원구 공항로 159-19,0.0,331,54,36.0,0.73
[사천동],107105,17,일신힐사이드,2003.12.,49.0,26.01,86.01,17.92,59.26,8,,,,,,,,,3,2,복도식,86,11.0,5.0,https://new.land.naver.com/complexes/107105?tab=detail&rf=Y,충청북도 청주시 청원구 사천동 25-123,충청북도,청주시,청원구,사천동,,충청북도 청주시 청원구 공항로 159-19,0.0,331,54,36.0,0.73
[사천동],107105,18,일신힐사이드,2003.12.,49.0,30.02,99.27,19.75,65.3,1,,,,,,,,,3,2,복도식,99A,11.0,5.0,https://new.land.naver.com/complexes/107105?tab=detail&rf=Y,충청북도 청주시 청원구 사천동 25-123,충청북도,청주시,청원구,사천동,,충청북도 청주시 청원구 공항로 159-19,0.0,331,54,36.0,0.73
[사천동],107105,19,일신힐사이드,2003.12.,49.0,29.95,99.03,19.97,66.02,1,,,,,,,,,3,2,복도식,99B,11.0,5.0,https://new.land.naver.com/complexes/107105?tab=detail&rf=Y,충청북도 청주시 청원구 사천동 25-123,충청북도,청주시,청원구,사천동,,충청북도 청주시 청원구 공항로 159-19,0.0,331,54,36.0,0.73
[사천동],105963,1,보성2차,1989.08.,80.0,21.51,71.11,18.06,59.71,80,,,,,,,,,3,1,계단식,71,5.0,5.0,https://new.land.naver.com/complexes/105963?tab=detail&rf=Y,충청북도 청주시 청원구 사천동 231-4,충청북도,청주시,청원구,사천동,,충청북도 청주시 청원구 율봉로56번길 5,0.0,0,0,0.0,0.0
[사천동],26197,1,덕성그린,1997.11.,411.0,14.16,46.84,10.08,33.33,355,,,,,,,,,2,1,복도식,46,15.0,12.0,https://new.land.naver.com/complexes/26197?tab=detail&rf=Y,충청북도 청주시 청원구 사천동 449-3,충청북도,청주시,청원구,사천동,,충청북도 청주시 청원구 새터로 187,0.0,0,0,0.0,0.0
[사천동],26197,2,덕성그린,1997.11.,411.0,15.23,50.38,10.84,35.85,56,,,,,,,,,2,1,복도식,50,15.0,12.0,https://new.land.naver.com/complexes/26197?tab=detail&rf=Y,충청북도 청주시 청원구 사천동 449-3,충청북도,청주시,청원구,사천동,,충청북도 청주시 청원구 새터로 187,0.0,0,0,0.0,0.0
[사천동],7028,1,사천동아2차,1996.02.,398.0,16.15,53.4,13.12,43.4,8,,,,,,,,,2,1,계단식,53,15.0,4.0,https://new.land.naver.com/complexes/7028?tab=detail&rf=Y,충청북도 청주시 청원구 사천동 228,충청북도,청주시,청원구,사천동,,충청북도 청주시 청원구 새터로176번길 62,0.0,184,18,370.0,0.93
[사천동],7028,2,사천동아2차,1996.02.,398.0,18.71,61.86,15.52,51.32,20,,,,,,,,,2,1,계단식,61,15.0,4.0,https://new.land.naver.com/complexes/7028?tab=detail&rf=Y,충청북도 청주시 청원구 사천동 228,충청북도,청주시,청원구,사천동,,충청북도 청주시 청원구 새터로176번길 62,0.0,184,18,370.0,0.93
[사천동],7028,3,사천동아2차,1996.02.,398.0,23.15,76.55,18.14,59.98,131,,,,,,,,,3,1,계단식,76,15.0,4.0,https://new.land.naver.com/complexes/7028?tab=detail&rf=Y,충청북도 청주시 청원구 사천동 228,충청북도,청주시,청원구,사천동,,충청북도 청주시 청원구 새터로176번길 62,0.0,184,18,370.0,0.93
[사천동],7028,4,사천동아2차,1996.02.,398.0,31.46,104.01,25.7,84.96,239,,,,,,,,,3,2,계단식,104,15.0,4.0,https://new.land.naver.com/complexes/7028?tab=detail&rf=Y,충청북도 청주시 청원구 사천동 228,충청북도,청주시,청원구,사천동,,충청북도 청주시 청원구 새터로176번길 62,0.0,184,18,370.0,0.93
[사천동],112607,1,청주사천푸르지오,2018.08.,729.0,25.64,84.78,18.14,59.97,204,,,,,,,,,3,2,계단식,84,28.0,22.0,https://new.land.naver.com/complexes/112607?tab=detail&rf=Y,충청북도 청주시 청원구 사천동 697,충청북도,청주시,청원구,사천동,,충청북도 청주시 청원구 사뜸로 106,0.0,219,15,970.0,1.33
[사천동],112607,2,청주사천푸르지오,2018.08.,729.0,29.93,98.96,22.5,74.39,119,,,,,,,,,3,2,계단식,98,28.0,22.0,https://new.land.naver.com/complexes/112607?tab=detail&rf=Y,충청북도 청주시 청원구 사천동 697,충청북도,청주시,청원구,사천동,,충청북도 청주시 청원구 사뜸로 106,0.0,219,15,970.0,1.33
[사천동],112607,3,청주사천푸르지오,2018.08.,729.0,33.89,112.05,25.7,84.97,406,,,,,,,,,4,2,계단식,112,28.0,22.0,https://new.land.naver.com/complexes/112607?tab=detail&rf=Y,충청북도 청주시 청원구 사천동 697,충청북도,청주시,청원구,사천동,,충청북도 청주시 청원구 사뜸로 106,0.0,219,15,970.0,1.33
[사천동],25717,1,대창1차,1998.04.,356.0,18.27,60.4,13.35,44.16,25,,,,,,,,,2,1,계단식,60,15.0,10.0,https://new.land.naver.com/complexes/25717?tab=detail&rf=Y,충청북도 청주시 청원구 사천동 229-2,충청북도,청주시,청원구,사천동,,충청북도 청주시 청원구 사뜸로61번길 106,0.0,259,27,282.0,0.79
[사천동],25717,2,대창1차,1998.04.,356.0,20.47,67.7,14.97,49.5,105,,,,,,,,,2,1,계단식,67,15.0,10.0,https://new.land.naver.com/complexes/25717?tab=detail&rf=Y,충청북도 청주시 청원구 사천동 229-2,충청북도,청주시,청원구,사천동,,충청북도 청주시 청원구 사뜸로61번길 106,0.0,259,27,282.0,0.79
[사천동],25717,3,대창1차,1998.04.,356.0,24.6,81.34,17.98,59.47,226,,,,,,,,,3,1,계단식,81,15.0,10.0,https://new.land.naver.com/complexes/25717?tab=detail&rf=Y,충청북도 청주시 청원구 사천동 229-2,충청북도,청주시,청원구,사천동,,충청북도 청주시 청원구 사뜸로61번길 106,0.0,259,27,282.0,0.79
[사천동],7030,1,신동아,1993.05.,958.0,26.55,87.77,21.87,72.33,45,,,,,,,,,3,1,계단식,87A,15.0,7.0,https://new.land.naver.com/complexes/7030?tab=detail&rf=Y,충청북도 청주시 청원구 사천동 229-1,충청북도,청주시,청원구,사천동,,충청북도 청주시 청원구 율봉로 77,0.0,225,18,691.0,0.72
[사천동],7030,2,신동아,1993.05.,958.0,26.81,88.66,22.01,72.78,191,,,,,,,,,3,1,계단식,88B,15.0,7.0,https://new.land.naver.com/complexes/7030?tab=detail&rf=Y,충청북도 청주시 청원구 사천동 229-1,충청북도,청주시,청원구,사천동,,충청북도 청주시 청원구 율봉로 77,0.0,225,18,691.0,0.72
[사천동],7030,3,신동아,1993.05.,958.0,31.15,103.0,25.65,84.81,544,,,,,,,,,3,2,계단식,103,15.0,7.0,https://new.land.naver.com/complexes/7030?tab=detail&rf=Y,충청북도 청주시 청원구 사천동 229-1,충청북도,청주시,청원구,사천동,,충청북도 청주시 청원구 율봉로 77,0.0,225,18,691.0,0.72
[사천동],7030,4,신동아,1993.05.,958.0,44.15,145.97,37.45,123.81,178,,,,,,,,,4,2,계단식,145,15.0,7.0,https://new.land.naver.com/complexes/7030?tab=detail&rf=Y,충청북도 청주시 청원구 사천동 229-1,충청북도,청주시,청원구,사천동,,충청북도 청주시 청원구 율봉로 77,0.0,225,18,691.0,0.72
[사천동],106337,1,정도드림-빌,1999.11.,499.0,12.42,41.09,9.05,29.92,499,,,,,,,,,1,1,복도식,41,15.0,11.0,https://new.land.naver.com/complexes/106337?tab=detail&rf=Y,충청북도 청주시 청원구 사천동 25-2,충청북도,청주시,청원구,사천동,,충청북도 청주시 청원구 공항로 159-12,0.0,399,47,352.0,0.71
[사천동],101064,1,사천대창2차,2000.01.,142.0,20.2,66.8,15.02,49.67,90,,,,,,,,,3,1,계단식,66,15.0,8.0,https://new.land.naver.com/complexes/101064?tab=detail&rf=Y,충청북도 청주시 청원구 사천동 444-1,충청북도,청주시,청원구,사천동,,충청북도 청주시 청원구 새터로 186,0.0,0,0,110.0,0.77
[사천동],101064,2,사천대창2차,2000.01.,142.0,24.08,79.61,17.9,59.2,46,,,,,,,,,3,1,계단식,79A,15.0,8.0,https://new.land.naver.com/complexes/101064?tab=detail&rf=Y,충청북도 청주시 청원구 사천동 444-1,충청북도,청주시,청원구,사천동,,충청북도 청주시 청원구 새터로 186,0.0,0,0,110.0,0.77
[사천동],101064,3,사천대창2차,2000.01.,142.0,24.22,80.07,18.01,59.54,6,,,,,,,,,3,1,계단식,80B,15.0,8.0,https://new.land.naver.com/complexes/101064?tab=detail&rf=Y,충청북도 청주시 청원구 사천동 444-1,충청북도,청주시,청원구,사천동,,충청북도 청주시 청원구 새터로 186,0.0,0,0,110.0,0.77
[사천동],15394,1,보성1차,1988.10.,180.0,21.03,69.55,17.88,59.14,180,,,,,,,,,3,1,계단식,69,5.0,5.0,https://new.land.naver.com/complexes/15394?tab=detail&rf=Y,충청북도 청주시 청원구 사천동 231-4,충청북도,청주시,청원구,사천동,,충청북도 청주시 청원구 율봉로56번길 5,0.0,0,0,0.0,0.0
[사천동],26341,1,카운티스,2003.10.,86.0,32.32,106.86,25.68,84.91,86,,,,,,,,,3,2,계단식,106,15.0,14.0,https://new.land.naver.com/complexes/26341?tab=detail&rf=Y,충청북도 청주시 청원구 사천동 25,충청북도,청주시,청원구,사천동,,충청북도 청주시 청원구 주성로132번길 9,0.0,186,16,88.0,1.02
[사천동],26510,1,남광하우스토리B단지,2011.01.,478.0,34.11,112.79,25.57,84.54,155,,,,,,,,,3,2,계단식,112A,18.0,12.0,https://new.land.naver.com/complexes/26510?tab=detail&rf=Y,충청북도 청주시 청원구 사천동 684,충청북도,청주시,청원구,사천동,,충청북도 청주시 청원구 율봉로 8,0.0,213,19,793.0,1.66
[사천동],26510,2,남광하우스토리B단지,2011.01.,478.0,34.57,114.29,25.42,84.05,49,,,,,,,,,3,2,계단식,114B,18.0,12.0,https://new.land.naver.com/complexes/26510?tab=detail&rf=Y,충청북도 청주시 청원구 사천동 684,충청북도,청주시,청원구,사천동,,충청북도 청주시 청원구 율봉로 8,0.0,213,19,793.0,1.66
[사천동],26510,3,남광하우스토리B단지,2011.01.,478.0,39.32,130.0,30.92,102.22,108,,,,,,,,,3,2,계단식,130,18.0,12.0,https://new.land.naver.com/complexes/26510?tab=detail&rf=Y,충청북도 청주시 청원구 사천동 684,충청북도,청주시,청원구,사천동,,충청북도 청주시 청원구 율봉로 8,0.0,213,19,793.0,1.66
[사천동],26510,4,남광하우스토리B단지,2011.01.,478.0,46.6,154.08,37.69,124.62,88,,,,,,,,,4,2,계단식,154,18.0,12.0,https://new.land.naver.com/complexes/26510?tab=detail&rf=Y,충청북도 청주시 청원구 사천동 684,충청북도,청주시,청원구,사천동,,충청북도 청주시 청원구 율봉로 8,0.0,213,19,793.0,1.66
[사천동],26510,5,남광하우스토리B단지,2011.01.,478.0,58.6,193.74,47.61,157.39,72,,,,,,,,,4,2,계단식,193,18.0,12.0,https://new.land.naver.com/complexes/26510?tab=detail&rf=Y,충청북도 청주시 청원구 사천동 684,충청북도,청주시,청원구,사천동,,충청북도 청주시 청원구 율봉로 8,0.0,213,19,793.0,1.66
[사천동],26510,6,남광하우스토리B단지,2011.01.,478.0,69.49,229.72,55.45,183.31,6,,,,,,,,,5,3,계단식,229,18.0,12.0,https://new.land.naver.com/complexes/26510?tab=detail&rf=Y,충청북도 청주시 청원구 사천동 684,충청북도,청주시,청원구,사천동,,충청북도 청주시 청원구 율봉로 8,0.0,213,19,793.0,1.66
[오창읍],124956,1,프라임시티,2013.09.,10.0,18.82,62.24,13.86,45.85,7,,,,,,,,,2,1,계단식,62,3.0,2.0,https://new.land.naver.com/complexes/124956?tab=detail&rf=Y,충청북도 청주시 청원구 오창읍 창리 39-1,충청북도,청주시,청원구,오창읍,,충청북도 청주시 청원구 공항로 1006,0.0,249,59,7.0,0.7
[오창읍],124956,2,프라임시티,2013.09.,10.0,19.55,64.65,14.4,47.62,2,,,,,,,,,3,1,계단식,64,3.0,2.0,https://new.land.naver.com/complexes/124956?tab=detail&rf=Y,충청북도 청주시 청원구 오창읍 창리 39-1,충청북도,청주시,청원구,오창읍,,충청북도 청주시 청원구 공항로 1006,0.0,249,59,7.0,0.7
[오창읍],124956,3,프라임시티,2013.09.,10.0,21.94,72.54,16.16,53.43,1,,,,,,,,,3,1,계단식,72,3.0,2.0,https://new.land.naver.com/complexes/124956?tab=detail&rf=Y,충청북도 청주시 청원구 오창읍 창리 39-1,충청북도,청주시,청원구,오창읍,,충청북도 청주시 청원구 공항로 1006,0.0,249,59,7.0,0.7
[오창읍],109399,1,대원칸타빌(2블럭),2017.02.,592.0,29.81,98.55,22.78,75.33,126,,,,,,,,,3,2,계단식,98,23.0,15.0,https://new.land.naver.com/complexes/109399?tab=detail&rf=Y,충청북도 청주시 청원구 오창읍 창리 160,충청북도,청주시,청원구,오창읍,,충청북도 청주시 청원구 2산단4로 55,0.0,199,18,773.0,1.31
[오창읍],109399,2,대원칸타빌(2블럭),2017.02.,592.0,33.72,111.49,25.7,84.96,408,,,,,,,,,3,2,계단식,111A,23.0,15.0,https://new.land.naver.com/complexes/109399?tab=detail&rf=Y,충청북도 청주시 청원구 오창읍 창리 160,충청북도,청주시,청원구,오창읍,,충청북도 청주시 청원구 2산단4로 55,0.0,199,18,773.0,1.31
[오창읍],109399,3,대원칸타빌(2블럭),2017.02.,592.0,34.19,113.03,25.68,84.91,58,,,,,,,,,3,2,계단식,113B,23.0,15.0,https://new.land.naver.com/complexes/109399?tab=detail&rf=Y,충청북도 청주시 청원구 오창읍 창리 160,충청북도,청주시,청원구,오창읍,,충청북도 청주시 청원구 2산단4로 55,0.0,199,18,773.0,1.31
[오창읍],107657,1,오창모아미래도와이드시티,2016.01.,472.0,29.98,99.13,22.61,74.75,71,,,,,,,,,3,2,계단식,99,25.0,17.0,https://new.land.naver.com/complexes/107657?tab=detail&rf=Y,충청북도 청주시 청원구 오창읍 주성리 562,충청북도,청주시,청원구,오창읍,,충청북도 청주시 청원구 2산단로 167,0.0,199,18,617.0,1.31
[오창읍],107657,2,오창모아미래도와이드시티,2016.01.,472.0,33.41,110.47,25.7,84.99,401,,,,,,,,,3,2,계단식,110,25.0,17.0,https://new.land.naver.com/complexes/107657?tab=detail&rf=Y,충청북도 청주시 청원구 오창읍 주성리 562,충청북도,청주시,청원구,오창읍,,충청북도 청주시 청원구 2산단로 167,0.0,199,18,617.0,1.31
[오창읍],108414,1,오창금정2차,1997.09.,34.0,21.48,71.01,17.96,59.4,5,,,,,,,,,3,1,계단식,71A,8.0,5.0,https://new.land.naver.com/complexes/108414?tab=detail&rf=Y,충청북도 청주시 청원구 오창읍 창리 117,충청북도,청주시,청원구,오창읍,,충청북도 청주시 청원구 창리1길 7-5,0.0,165,28,24.0,0.71
[오창읍],108414,2,오창금정2차,1997.09.,34.0,21.49,71.05,17.97,59.43,5,,,,,,,,,3,1,계단식,71B,8.0,5.0,https://new.land.naver.com/complexes/108414?tab=detail&rf=Y,충청북도 청주시 청원구 오창읍 창리 117,충청북도,청주시,청원구,오창읍,,충청북도 청주시 청원구 창리1길 7-5,0.0,165,28,24.0,0.71
[오창읍],108414,3,오창금정2차,1997.09.,34.0,29.71,98.24,24.95,82.49,8,,,,,,,,,3,2,계단식,98A,8.0,5.0,https://new.land.naver.com/complexes/108414?tab=detail&rf=Y,충청북도 청주시 청원구 오창읍 창리 117,충청북도,청주시,청원구,오창읍,,충청북도 청주시 청원구 창리1길 7-5,0.0,165,28,24.0,0.71
[오창읍],108414,4,오창금정2차,1997.09.,34.0,29.82,98.61,25.04,82.8,8,,,,,,,,,3,2,계단식,98B,8.0,5.0,https://new.land.naver.com/complexes/108414?tab=detail&rf=Y,충청북도 청주시 청원구 오창읍 창리 117,충청북도,청주시,청원구,오창읍,,충청북도 청주시 청원구 창리1길 7-5,0.0,165,28,24.0,0.71
[오창읍],108414,5,오창금정2차,1997.09.,34.0,29.89,98.83,25.1,82.98,8,,,,,,,,,3,2,계단식,98C,8.0,5.0,https://new.land.naver.com/complexes/108414?tab=detail&rf=Y,충청북도 청주시 청원구 오창읍 창리 117,충청북도,청주시,청원구,오창읍,,충청북도 청주시 청원구 창리1길 7-5,0.0,165,28,24.0,0.71
[오창읍],19047,1,오창쌍용스윗닷홈예가,2006.05.,622.0,25.34,83.78,18.13,59.94,172,,,,,,,,,3,2,계단식,83,15.0,14.0,https://new.land.naver.com/complexes/19047?tab=detail&rf=Y,충청북도 청주시 청원구 오창읍 각리 647-1,충청북도,청주시,청원구,오창읍,,충청북도 청주시 청원구 오창중앙로 105,0.0,165,16,816.0,1.31
[오창읍],19047,2,오창쌍용스윗닷홈예가,2006.05.,622.0,33.19,109.72,25.7,84.98,270,,,,,,,,,3,2,계단식,109,15.0,14.0,https://new.land.naver.com/complexes/19047?tab=detail&rf=Y,충청북도 청주시 청원구 오창읍 각리 647-1,충청북도,청주시,청원구,오창읍,,충청북도 청주시 청원구 오창중앙로 105,0.0,165,16,816.0,1.31
[오창읍],19047,3,오창쌍용스윗닷홈예가,2006.05.,622.0,45.87,151.66,36.74,121.48,180,,,,,,,,,4,2,계단식,151,15.0,14.0,https://new.land.naver.com/complexes/19047?tab=detail&rf=Y,충청북도 청주시 청원구 오창읍 각리 647-1,충청북도,청주시,청원구,오창읍,,충청북도 청주시 청원구 오창중앙로 105,0.0,165,16,816.0,1.31
[오창읍],108604,1,오창수정,1991.02.,178.0,10.98,36.31,8.45,27.96,58,,,,,,,,,2,1,계단식,36,6.0,4.0,https://new.land.naver.com/complexes/108604?tab=detail&rf=Y,충청북도 청주시 청원구 오창읍 복현리 98-2,충청북도,청주시,청원구,오창읍,,충청북도 청주시 청원구 복현3길 27,0.0,0,0,0.0,0.0
[오창읍],108604,2,오창수정,1991.02.,178.0,17.55,58.02,13.02,43.05,5,,,,,,,,,2,1,복도식,58,6.0,4.0,https://new.land.naver.com/complexes/108604?tab=detail&rf=Y,충청북도 청주시 청원구 오창읍 복현리 98-2,충청북도,청주시,청원구,오창읍,,충청북도 청주시 청원구 복현3길 27,0.0,0,0,0.0,0.0
[오창읍],108604,3,오창수정,1991.02.,178.0,20.69,68.4,18.1,59.85,115,,,,,,,,,2,1,계단식,68,6.0,4.0,https://new.land.naver.com/complexes/108604?tab=detail&rf=Y,충청북도 청주시 청원구 오창읍 복현리 98-2,충청북도,청주시,청원구,오창읍,,충청북도 청주시 청원구 복현3길 27,0.0,0,0,0.0,0.0
[오창읍],19052,1,중앙하이츠빌,2006.05.,1338.0,25.91,85.68,18.12,59.92,396,,,,,,,,,3,2,계단식,85,18.0,13.0,https://new.land.naver.com/complexes/19052?tab=detail&rf=Y,충청북도 청주시 청원구 오창읍 각리 637-6,충청북도,청주시,청원구,오창읍,,충청북도 청주시 청원구 오창중앙로 32,0.0,194,14,1748.0,1.31
[오창읍],19052,2,중앙하이츠빌,2006.05.,1338.0,34.92,115.45,25.61,84.68,498,,,,,,,,,3,2,계단식,115A,18.0,13.0,https://new.land.naver.com/complexes/19052?tab=detail&rf=Y,충청북도 청주시 청원구 오창읍 각리 637-6,충청북도,청주시,청원구,오창읍,,충청북도 청주시 청원구 오창중앙로 32,0.0,194,14,1748.0,1.31
[오창읍],19052,3,중앙하이츠빌,2006.05.,1338.0,34.97,115.62,25.61,84.68,86,,,,,,,,,3,2,계단식,115B,18.0,13.0,https://new.land.naver.com/complexes/19052?tab=detail&rf=Y,충청북도 청주시 청원구 오창읍 각리 637-6,충청북도,청주시,청원구,오창읍,,충청북도 청주시 청원구 오창중앙로 32,0.0,194,14,1748.0,1.31
[오창읍],19052,4,중앙하이츠빌,2006.05.,1338.0,39.49,130.55,30.92,102.22,142,,,,,,,,,3,2,계단식,130,18.0,13.0,https://new.land.naver.com/complexes/19052?tab=detail&rf=Y,충청북도 청주시 청원구 오창읍 각리 637-6,충청북도,청주시,청원구,오창읍,,충청북도 청주시 청원구 오창중앙로 32,0.0,194,14,1748.0,1.31
[오창읍],19052,5,중앙하이츠빌,2006.05.,1338.0,48.56,160.55,39.08,129.21,144,,,,,,,,,4,2,계단식,160,18.0,13.0,https://new.land.naver.com/complexes/19052?tab=detail&rf=Y,충청북도 청주시 청원구 오창읍 각리 637-6,충청북도,청주시,청원구,오창읍,,충청북도 청주시 청원구 오창중앙로 32,0.0,194,14,1748.0,1.31
[오창읍],19052,6,중앙하이츠빌,2006.05.,1338.0,56.28,186.08,44.71,147.82,72,,,,,,,,,4,2,계단식,186,18.0,13.0,https://new.land.naver.com/complexes/19052?tab=detail&rf=Y,충청북도 청주시 청원구 오창읍 각리 637-6,충청북도,청주시,청원구,오창읍,,충청북도 청주시 청원구 오창중앙로 32,0.0,194,14,1748.0,1.31
[오창읍],107656,1,오창모아미래도와이드파크(3블럭),2016.01.,630.0,25.4,83.97,18.14,59.98,506,,,,,,,,,3,2,계단식,83A,25.0,13.0,https://new.land.naver.com/complexes/107656?tab=detail&rf=Y,충청북도 청주시 청원구 오창읍 창리 161,충청북도,청주시,청원구,오창읍,,충청북도 청주시 청원구 2산단4로 45,0.0,199,19,630.0,1.0
[오창읍],107656,2,오창모아미래도와이드파크(3블럭),2016.01.,630.0,25.67,84.86,18.14,59.98,124,,,,,,,,,3,2,계단식,84B,25.0,13.0,https://new.land.naver.com/complexes/107656?tab=detail&rf=Y,충청북도 청주시 청원구 오창읍 창리 161,충청북도,청주시,청원구,오창읍,,충청북도 청주시 청원구 2산단4로 45,0.0,199,19,630.0,1.0
[오창읍],117409,1,대성진달래,1995.06.,62.0,22.17,73.3,15.09,49.9,46,,,,,,,,,3,1,복도식,73,8.0,7.0,https://new.land.naver.com/complexes/117409?tab=detail&rf=Y,충청북도 청주시 청원구 오창읍 복현리 91-4,충청북도,청주시,청원구,오창읍,,충청북도 청주시 청원구 복현2길 6,0.0,168,25,22.0,0.35
[오창읍],117409,2,대성진달래,1995.06.,62.0,26.36,87.16,17.95,59.34,15,,,,,,,,,3,2,계단식,87B,8.0,7.0,https://new.land.naver.com/complexes/117409?tab=detail&rf=Y,충청북도 청주시 청원구 오창읍 복현리 91-4,충청북도,청주시,청원구,오창읍,,충청북도 청주시 청원구 복현2길 6,0.0,168,25,22.0,0.35
[오창읍],117409,3,대성진달래,1995.06.,62.0,26.35,87.12,17.95,59.34,1,,,,,,,,,3,2,계단식,87A,8.0,7.0,https://new.land.naver.com/complexes/117409?tab=detail&rf=Y,충청북도 청주시 청원구 오창읍 복현리 91-4,충청북도,청주시,청원구,오창읍,,충청북도 청주시 청원구 복현2길 6,0.0,168,25,22.0,0.35
[오창읍],107695,1,오창대성베르힐,2015.07.,587.0,29.57,97.76,22.04,72.89,132,,,,,,,,,3,2,계단식,97,20.0,12.0,https://new.land.naver.com/complexes/107695?tab=detail&rf=Y,충청북도 청주시 청원구 오창읍 주성리 556,충청북도,청주시,청원구,오창읍,,충청북도 청주시 청원구 2산단로 160,0.0,179,17,770.0,1.31
[오창읍],107695,2,오창대성베르힐,2015.07.,587.0,33.41,110.47,25.66,84.85,455,,,,,,,,,4,2,계단식,110,20.0,12.0,https://new.land.naver.com/complexes/107695?tab=detail&rf=Y,충청북도 청주시 청원구 오창읍 주성리 556,충청북도,청주시,청원구,오창읍,,충청북도 청주시 청원구 2산단로 160,0.0,179,17,770.0,1.31
[오창읍],19396,1,우림필유2차,2006.11.,1602.0,26.19,86.61,18.12,59.91,391,,,,,,,,,3,2,계단식,86A,18.0,17.0,https://new.land.naver.com/complexes/19396?tab=detail&rf=Y,충청북도 청주시 청원구 오창읍 각리 646-1,충청북도,청주시,청원구,오창읍,,충청북도 청주시 청원구 오창중앙로 65,0.0,195,14,2073.0,1.29
[오창읍],19396,2,우림필유2차,2006.11.,1602.0,26.19,86.61,18.12,59.91,53,,,,,,,,,3,2,계단식,86B,18.0,17.0,https://new.land.naver.com/complexes/19396?tab=detail&rf=Y,충청북도 청주시 청원구 오창읍 각리 646-1,충청북도,청주시,청원구,오창읍,,충청북도 청주시 청원구 오창중앙로 65,0.0,195,14,2073.0,1.29
[오창읍],19396,3,우림필유2차,2006.11.,1602.0,34.2,113.07,25.7,84.96,685,,,,,,,,,3,2,계단식,113A,18.0,17.0,https://new.land.naver.com/complexes/19396?tab=detail&rf=Y,충청북도 청주시 청원구 오창읍 각리 646-1,충청북도,청주시,청원구,오창읍,,충청북도 청주시 청원구 오창중앙로 65,0.0,195,14,2073.0,1.29
[오창읍],19396,4,우림필유2차,2006.11.,1602.0,34.69,114.7,25.7,84.98,121,,,,,,,,,3,2,계단식,114B,18.0,17.0,https://new.land.naver.com/complexes/19396?tab=detail&rf=Y,충청북도 청주시 청원구 오창읍 각리 646-1,충청북도,청주시,청원구,오창읍,,충청북도 청주시 청원구 오창중앙로 65,0.0,195,14,2073.0,1.29
[오창읍],19396,5,우림필유2차,2006.11.,1602.0,47.22,156.11,37.09,122.63,280,,,,,,,,,4,2,계단식,156,18.0,17.0,https://new.land.naver.com/complexes/19396?tab=detail&rf=Y,충청북도 청주시 청원구 오창읍 각리 646-1,충청북도,청주시,청원구,오창읍,,충청북도 청주시 청원구 오창중앙로 65,0.0,195,14,2073.0,1.29
[오창읍],19396,6,우림필유2차,2006.11.,1602.0,61.12,202.06,50.44,166.77,72,,,,,,,,,4,2,계단식,202,18.0,17.0,https://new.land.naver.com/complexes/19396?tab=detail&rf=Y,충청북도 청주시 청원구 오창읍 각리 646-1,충청북도,청주시,청원구,오창읍,,충청북도 청주시 청원구 오창중앙로 65,0.0,195,14,2073.0,1.29
[오창읍],23633,1,한라비발디,2006.05.,1529.0,25.75,85.13,18.13,59.95,406,,,,,,,,,3,2,계단식,85,18.0,16.0,https://new.land.naver.com/complexes/23633?tab=detail&rf=Y,충청북도 청주시 청원구 오창읍 각리 637-1,충청북도,청주시,청원구,오창읍,,충청북도 청주시 청원구 오창중앙로 94,0.0,192,13,1995.0,1.3
[오창읍],23633,2,한라비발디,2006.05.,1529.0,33.58,111.04,25.58,84.57,776,,,,,,,,,3,2,계단식,111,18.0,16.0,https://new.land.naver.com/complexes/23633?tab=detail&rf=Y,충청북도 청주시 청원구 오창읍 각리 637-1,충청북도,청주시,청원구,오창읍,,충청북도 청주시 청원구 오창중앙로 94,0.0,192,13,1995.0,1.3
[오창읍],23633,3,한라비발디,2006.05.,1529.0,40.22,132.97,32.8,108.45,142,,,,,,,,,3,2,계단식,132,18.0,16.0,https://new.land.naver.com/complexes/23633?tab=detail&rf=Y,충청북도 청주시 청원구 오창읍 각리 637-1,충청북도,청주시,청원구,오창읍,,충청북도 청주시 청원구 오창중앙로 94,0.0,192,13,1995.0,1.3
[오창읍],23633,4,한라비발디,2006.05.,1529.0,46.37,153.29,39.27,129.85,167,,,,,,,,,4,2,계단식,153,18.0,16.0,https://new.land.naver.com/complexes/23633?tab=detail&rf=Y,충청북도 청주시 청원구 오창읍 각리 637-1,충청북도,청주시,청원구,오창읍,,충청북도 청주시 청원구 오창중앙로 94,0.0,192,13,1995.0,1.3
[오창읍],23633,5,한라비발디,2006.05.,1529.0,57.26,189.32,48.96,161.86,34,,,,,,,,,4,2,계단식,189,18.0,16.0,https://new.land.naver.com/complexes/23633?tab=detail&rf=Y,충청북도 청주시 청원구 오창읍 각리 637-1,충청북도,청주시,청원구,오창읍,,충청북도 청주시 청원구 오창중앙로 94,0.0,192,13,1995.0,1.3
[오창읍],23633,6,한라비발디,2006.05.,1529.0,77.41,255.92,64.71,213.92,4,,,,,,,,,4,2,계단식,255,18.0,16.0,https://new.land.naver.com/complexes/23633?tab=detail&rf=Y,충청북도 청주시 청원구 오창읍 각리 637-1,충청북도,청주시,청원구,오창읍,,충청북도 청주시 청원구 오창중앙로 94,0.0,192,13,1995.0,1.3
[오창읍],109511,1,한신더휴센트럴파크,2018.02.,1210.0,34.71,114.76,25.7,84.98,301,,,,,,,,,3,2,계단식,114A,49.0,49.0,https://new.land.naver.com/complexes/109511?tab=detail&rf=Y,충청북도 청주시 청원구 오창읍 각리 636-2,충청북도,청주시,청원구,오창읍,,충청북도 청주시 청원구 오창공원로 96,0.0,669,29,1910.0,1.58
[오창읍],109511,2,한신더휴센트럴파크,2018.02.,1210.0,34.91,115.41,25.7,84.98,307,,,,,,,,,3,2,계단식,115B,49.0,49.0,https://new.land.naver.com/complexes/109511?tab=detail&rf=Y,충청북도 청주시 청원구 오창읍 각리 636-2,충청북도,청주시,청원구,오창읍,,충청북도 청주시 청원구 오창공원로 96,0.0,669,29,1910.0,1.58
[오창읍],109511,3,한신더휴센트럴파크,2018.02.,1210.0,34.81,115.1,25.7,84.99,280,,,,,,,,,3,2,계단식,115C,49.0,49.0,https://new.land.naver.com/complexes/109511?tab=detail&rf=Y,충청북도 청주시 청원구 오창읍 각리 636-2,충청북도,청주시,청원구,오창읍,,충청북도 청주시 청원구 오창공원로 96,0.0,669,29,1910.0,1.58
[오창읍],109511,4,한신더휴센트럴파크,2018.02.,1210.0,34.8,115.06,25.7,84.98,280,,,,,,,,,3,2,계단식,115D,49.0,49.0,https://new.land.naver.com/complexes/109511?tab=detail&rf=Y,충청북도 청주시 청원구 오창읍 각리 636-2,충청북도,청주시,청원구,오창읍,,충청북도 청주시 청원구 오창공원로 96,0.0,669,29,1910.0,1.58
[오창읍],109511,5,한신더휴센트럴파크,2018.02.,1210.0,52.65,174.07,39.03,129.04,28,,,,,,,,,3,2,계단식,174,49.0,49.0,https://new.land.naver.com/complexes/109511?tab=detail&rf=Y,충청북도 청주시 청원구 오창읍 각리 636-2,충청북도,청주시,청원구,오창읍,,충청북도 청주시 청원구 오창공원로 96,0.0,669,29,1910.0,1.58
[오창읍],109511,6,한신더휴센트럴파크,2018.02.,1210.0,56.35,186.29,41.91,138.55,7,,,,,,,,,3,2,계단식,186,49.0,49.0,https://new.land.naver.com/complexes/109511?tab=detail&rf=Y,충청북도 청주시 청원구 오창읍 각리 636-2,충청북도,청주시,청원구,오창읍,,충청북도 청주시 청원구 오창공원로 96,0.0,669,29,1910.0,1.58
[오창읍],109511,7,한신더휴센트럴파크,2018.02.,1210.0,62.04,205.11,45.26,149.63,7,,,,,,,,,3,3,계단식,205,49.0,49.0,https://new.land.naver.com/complexes/109511?tab=detail&rf=Y,충청북도 청주시 청원구 오창읍 각리 636-2,충청북도,청주시,청원구,오창읍,,충청북도 청주시 청원구 오창공원로 96,0.0,669,29,1910.0,1.58
[오창읍],108592,1,오창롯데캐슬더하이스트,2018.08.,2500.0,25.89,85.6,18.13,59.95,483,,,,,,,,,3,2,계단식,85A,39.0,35.0,https://new.land.naver.com/complexes/108592?tab=detail&rf=Y,충청북도 청주시 청원구 오창읍 양청리 810-2,충청북도,청주시,청원구,오창읍,,충청북도 청주시 청원구 중부로 760,0.0,369,65,3403.0,1.36
[오창읍],108592,2,오창롯데캐슬더하이스트,2018.08.,2500.0,25.87,85.53,18.12,59.93,150,,,,,,,,,3,2,계단식,85B,39.0,35.0,https://new.land.naver.com/complexes/108592?tab=detail&rf=Y,충청북도 청주시 청원구 오창읍 양청리 810-2,충청북도,청주시,청원구,오창읍,,충청북도 청주시 청원구 중부로 760,0.0,369,65,3403.0,1.36
[오창읍],108592,3,오창롯데캐슬더하이스트,2018.08.,2500.0,30.45,100.67,21.46,70.97,226,,,,,,,,,3,2,계단식,100B,39.0,35.0,https://new.land.naver.com/complexes/108592?tab=detail&rf=Y,충청북도 청주시 청원구 오창읍 양청리 810-2,충청북도,청주시,청원구,오창읍,,충청북도 청주시 청원구 중부로 760,0.0,369,65,3403.0,1.36
[오창읍],108592,4,오창롯데캐슬더하이스트,2018.08.,2500.0,30.77,101.72,21.46,70.95,221,,,,,,,,,3,2,계단식,101A,39.0,35.0,https://new.land.naver.com/complexes/108592?tab=detail&rf=Y,충청북도 청주시 청원구 오창읍 양청리 810-2,충청북도,청주시,청원구,오창읍,,충청북도 청주시 청원구 중부로 760,0.0,369,65,3403.0,1.36
[오창읍],108592,5,오창롯데캐슬더하이스트,2018.08.,2500.0,36.25,119.85,25.69,84.95,75,,,,,,,,,3,2,계단식,119C,39.0,35.0,https://new.land.naver.com/complexes/108592?tab=detail&rf=Y,충청북도 청주시 청원구 오창읍 양청리 810-2,충청북도,청주시,청원구,오창읍,,충청북도 청주시 청원구 중부로 760,0.0,369,65,3403.0,1.36
[오창읍],108592,6,오창롯데캐슬더하이스트,2018.08.,2500.0,36.3,120.03,25.7,84.96,438,,,,,,,,,3,2,계단식,120A,39.0,35.0,https://new.land.naver.com/complexes/108592?tab=detail&rf=Y,충청북도 청주시 청원구 오창읍 양청리 810-2,충청북도,청주시,청원구,오창읍,,충청북도 청주시 청원구 중부로 760,0.0,369,65,3403.0,1.36
[오창읍],108592,7,오창롯데캐슬더하이스트,2018.08.,2500.0,36.59,120.97,25.7,84.97,379,,,,,,,,,3,2,계단식,120E,39.0,35.0,https://new.land.naver.com/complexes/108592?tab=detail&rf=Y,충청북도 청주시 청원구 오창읍 양청리 810-2,충청북도,청주시,청원구,오창읍,,충청북도 청주시 청원구 중부로 760,0.0,369,65,3403.0,1.36
[오창읍],108592,8,오창롯데캐슬더하이스트,2018.08.,2500.0,36.31,120.05,25.68,84.92,301,,,,,,,,,3,2,계단식,120B,39.0,35.0,https://new.land.naver.com/complexes/108592?tab=detail&rf=Y,충청북도 청주시 청원구 오창읍 양청리 810-2,충청북도,청주시,청원구,오창읍,,충청북도 청주시 청원구 중부로 760,0.0,369,65,3403.0,1.36
[오창읍],108592,9,오창롯데캐슬더하이스트,2018.08.,2500.0,36.43,120.44,25.69,84.93,77,,,,,,,,,3,2,계단식,120B1,39.0,35.0,https://new.land.naver.com/complexes/108592?tab=detail&rf=Y,충청북도 청주시 청원구 오창읍 양청리 810-2,충청북도,청주시,청원구,오창읍,,충청북도 청주시 청원구 중부로 760,0.0,369,65,3403.0,1.36
[오창읍],108592,10,오창롯데캐슬더하이스트,2018.08.,2500.0,36.47,120.59,25.7,84.97,75,,,,,,,,,3,2,계단식,120D,39.0,35.0,https://new.land.naver.com/complexes/108592?tab=detail&rf=Y,충청북도 청주시 청원구 오창읍 양청리 810-2,충청북도,청주시,청원구,오창읍,,충청북도 청주시 청원구 중부로 760,0.0,369,65,3403.0,1.36
[오창읍],108592,11,오창롯데캐슬더하이스트,2018.08.,2500.0,46.17,152.63,33.07,109.35,75,,,,,,,,,4,2,계단식,152A,39.0,35.0,https://new.land.naver.com/complexes/108592?tab=detail&rf=Y,충청북도 청주시 청원구 오창읍 양청리 810-2,충청북도,청주시,청원구,오창읍,,충청북도 청주시 청원구 중부로 760,0.0,369,65,3403.0,1.36
[오창읍],17765,1,오창이안,2006.02.,818.0,23.47,77.59,17.98,59.44,227,,,,,,,,,3,2,계단식,77,15.0,14.0,https://new.land.naver.com/complexes/17765?tab=detail&rf=Y,충청북도 청주시 청원구 오창읍 각리 646-6,충청북도,청주시,청원구,오창읍,,충청북도 청주시 청원구 오창중앙로 83,0.0,179,14,1054.0,1.29
[오창읍],17765,2,오창이안,2006.02.,818.0,32.12,106.2,25.66,84.83,351,,,,,,,,,3,2,계단식,106A,15.0,14.0,https://new.land.naver.com/complexes/17765?tab=detail&rf=Y,충청북도 청주시 청원구 오창읍 각리 646-6,충청북도,청주시,청원구,오창읍,,충청북도 청주시 청원구 오창중앙로 83,0.0,179,14,1054.0,1.29
[오창읍],17765,3,오창이안,2006.02.,818.0,32.52,107.51,25.66,84.83,60,,,,,,,,,3,2,계단식,107B,15.0,14.0,https://new.land.naver.com/complexes/17765?tab=detail&rf=Y,충청북도 청주시 청원구 오창읍 각리 646-6,충청북도,청주시,청원구,오창읍,,충청북도 청주시 청원구 오창중앙로 83,0.0,179,14,1054.0,1.29
[오창읍],17765,4,오창이안,2006.02.,818.0,44.18,146.07,36.08,119.3,180,,,,,,,,,4,2,계단식,146,15.0,14.0,https://new.land.naver.com/complexes/17765?tab=detail&rf=Y,충청북도 청주시 청원구 오창읍 각리 646-6,충청북도,청주시,청원구,오창읍,,충청북도 청주시 청원구 오창중앙로 83,0.0,179,14,1054.0,1.29
[오창읍],100219,1,경희,1992.05.,86.0,21.45,70.94,16.68,55.17,5,,,,,,,,,2,1,계단식,70,6.0,3.0,https://new.land.naver.com/complexes/100219?tab=detail&rf=Y,충청북도 청주시 청원구 오창읍 창리 9-3,충청북도,청주시,청원구,오창읍,,충청북도 청주시 청원구 공항로 988,0.0,0,0,0.0,0.0
[오창읍],100219,2,경희,1992.05.,86.0,23.11,76.42,17.97,59.43,60,,,,,,,,,2,1,계단식,76,6.0,3.0,https://new.land.naver.com/complexes/100219?tab=detail&rf=Y,충청북도 청주시 청원구 오창읍 창리 9-3,충청북도,청주시,청원구,오창읍,,충청북도 청주시 청원구 공항로 988,0.0,0,0,0.0,0.0
[오창읍],100219,3,경희,1992.05.,86.0,27.36,90.47,21.65,71.59,3,,,,,,,,,3,1,계단식,90,6.0,3.0,https://new.land.naver.com/complexes/100219?tab=detail&rf=Y,충청북도 청주시 청원구 오창읍 창리 9-3,충청북도,청주시,청원구,오창읍,,충청북도 청주시 청원구 공항로 988,0.0,0,0,0.0,0.0
[오창읍],100219,4,경희,1992.05.,86.0,30.87,102.07,24.43,80.77,18,,,,,,,,,3,2,계단식,102,6.0,3.0,https://new.land.naver.com/complexes/100219?tab=detail&rf=Y,충청북도 청주시 청원구 오창읍 창리 9-3,충청북도,청주시,청원구,오창읍,,충청북도 청주시 청원구 공항로 988,0.0,0,0,0.0,0.0
[오창읍],15382,1,오창재원,1992.11.,118.0,23.66,78.24,18.14,59.97,32,,,,,,,,,3,1,계단식,78,9.0,5.0,https://new.land.naver.com/complexes/15382?tab=detail&rf=Y,충청북도 청주시 청원구 오창읍 장대리 330,충청북도,청주시,청원구,오창읍,,충청북도 청주시 청원구 복현3길 16,0.0,178,31,41.0,0.35
[오창읍],15382,2,오창재원,1992.11.,118.0,25.84,85.43,18.11,59.9,86,,,,,,,,,3,1,계단식,85,9.0,5.0,https://new.land.naver.com/complexes/15382?tab=detail&rf=Y,충청북도 청주시 청원구 오창읍 장대리 330,충청북도,청주시,청원구,오창읍,,충청북도 청주시 청원구 복현3길 16,0.0,178,31,41.0,0.35
[오창읍],19045,1,대원칸타빌,2006.07.,464.0,24.55,81.18,18.14,59.98,170,,,,,,,,,3,2,계단식,81,18.0,13.0,https://new.land.naver.com/complexes/19045?tab=detail&rf=Y,충청북도 청주시 청원구 오창읍 각리 637-9,충청북도,청주시,청원구,오창읍,,충청북도 청주시 청원구 오창중앙로 64,0.0,190,17,620.0,1.34
[오창읍],19045,2,대원칸타빌,2006.07.,464.0,35.74,118.16,25.7,84.98,294,,,,,,,,,3,2,계단식,118,18.0,13.0,https://new.land.naver.com/complexes/19045?tab=detail&rf=Y,충청북도 청주시 청원구 오창읍 각리 637-9,충청북도,청주시,청원구,오창읍,,충청북도 청주시 청원구 오창중앙로 64,0.0,190,17,620.0,1.34
[오창읍],142816,1,오창반도유보라퍼스티지,2024.05.,572.0,24.2,80.02,18.14,59.97,250,,,,,,,,,3,2,계단식,80,25.0,24.0,https://new.land.naver.com/complexes/142816?tab=detail&rf=Y,충청북도 청주시 청원구 오창읍 각리 639-4번지,충청북도,청주시,청원구,오창읍,,충청북도 청주시 청원구 중부로 699,0.0,363,0,797.0,1.39
[오창읍],142816,2,오창반도유보라퍼스티지,2024.05.,572.0,30.34,100.3,22.54,74.54,74,,,,,,,,,3,2,계단식,100,25.0,24.0,https://new.land.naver.com/complexes/142816?tab=detail&rf=Y,충청북도 청주시 청원구 오창읍 각리 639-4번지,충청북도,청주시,청원구,오창읍,,충청북도 청주시 청원구 중부로 699,0.0,363,0,797.0,1.39
[오창읍],142816,3,오창반도유보라퍼스티지,2024.05.,572.0,33.94,112.2,25.68,84.91,100,,,,,,,,,3,2,계단식,112C,25.0,24.0,https://new.land.naver.com/complexes/142816?tab=detail&rf=Y,충청북도 청주시 청원구 오창읍 각리 639-4번지,충청북도,청주시,청원구,오창읍,,충청북도 청주시 청원구 중부로 699,0.0,363,0,797.0,1.39
[오창읍],142816,4,오창반도유보라퍼스티지,2024.05.,572.0,34.47,113.97,25.7,84.96,74,,,,,,,,,3,2,계단식,113A,25.0,24.0,https://new.land.naver.com/complexes/142816?tab=detail&rf=Y,충청북도 청주시 청원구 오창읍 각리 639-4번지,충청북도,청주시,청원구,오창읍,,충청북도 청주시 청원구 중부로 699,0.0,363,0,797.0,1.39
[오창읍],142816,5,오창반도유보라퍼스티지,2024.05.,572.0,34.18,113.01,25.66,84.84,74,,,,,,,,,3,2,계단식,113B,25.0,24.0,https://new.land.naver.com/complexes/142816?tab=detail&rf=Y,충청북도 청주시 청원구 오창읍 각리 639-4번지,충청북도,청주시,청원구,오창읍,,충청북도 청주시 청원구 중부로 699,0.0,363,0,797.0,1.39
[오창읍],19050,1,코아루,2006.06.,948.0,26.13,86.4,18.14,59.98,315,,,,,,,,,3,2,계단식,86,18.0,17.0,https://new.land.naver.com/complexes/19050?tab=detail&rf=Y,충청북도 청주시 청원구 오창읍 각리 645-1,충청북도,청주시,청원구,오창읍,,충청북도 청주시 청원구 오창중앙로 27,0.0,194,14,1204.0,1.27
[오창읍],19050,2,코아루,2006.06.,948.0,35.22,116.44,25.7,84.96,314,,,,,,,,,3,2,계단식,116A,18.0,17.0,https://new.land.naver.com/complexes/19050?tab=detail&rf=Y,충청북도 청주시 청원구 오창읍 각리 645-1,충청북도,청주시,청원구,오창읍,,충청북도 청주시 청원구 오창중앙로 27,0.0,194,14,1204.0,1.27
[오창읍],19050,3,코아루,2006.06.,948.0,35.31,116.75,25.7,84.97,177,,,,,,,,,3,2,계단식,116B,18.0,17.0,https://new.land.naver.com/complexes/19050?tab=detail&rf=Y,충청북도 청주시 청원구 오창읍 각리 645-1,충청북도,청주시,청원구,오창읍,,충청북도 청주시 청원구 오창중앙로 27,0.0,194,14,1204.0,1.27
[오창읍],19050,4,코아루,2006.06.,948.0,47.39,156.69,38.69,127.92,142,,,,,,,,,4,2,계단식,156,18.0,17.0,https://new.land.naver.com/complexes/19050?tab=detail&rf=Y,충청북도 청주시 청원구 오창읍 각리 645-1,충청북도,청주시,청원구,오창읍,,충청북도 청주시 청원구 오창중앙로 27,0.0,194,14,1204.0,1.27
[오창읍],108607,1,오창금정,1995.08.,95.0,21.45,70.91,18.13,59.94,84,,,,,,,,,3,1,계단식,70B,12.0,6.0,https://new.land.naver.com/complexes/108607?tab=detail&rf=Y,충청북도 청주시 청원구 오창읍 창리 115,충청북도,청주시,청원구,오창읍,,충청북도 청주시 청원구 창리1길 13,0.0,206,29,45.0,0.47
[오창읍],108607,2,오창금정,1995.08.,95.0,21.38,70.7,18.07,59.76,11,,,,,,,,,2,1,계단식,70A,12.0,6.0,https://new.land.naver.com/complexes/108607?tab=detail&rf=Y,충청북도 청주시 청원구 오창읍 창리 115,충청북도,청주시,청원구,오창읍,,충청북도 청주시 청원구 창리1길 13,0.0,206,29,45.0,0.47
[오창읍],102273,1,진양,1990.01.,105.0,18.67,61.72,16.71,55.26,30,,,,,,,,,2,1,복도식,61A,5.0,5.0,https://new.land.naver.com/complexes/102273?tab=detail&rf=Y,충청북도 청주시 청원구 오창읍 4-11,충청북도,청주시,청원구,오창읍,,충청북도 청주시 청원구 팔결로 691,0.0,0,0,0.0,0.0
[오창읍],102273,2,진양,1990.01.,105.0,18.86,62.35,17.01,56.25,35,,,,,,,,,2,1,복도식,62B,5.0,5.0,https://new.land.naver.com/complexes/102273?tab=detail&rf=Y,충청북도 청주시 청원구 오창읍 4-11,충청북도,청주시,청원구,오창읍,,충청북도 청주시 청원구 팔결로 691,0.0,0,0,0.0,0.0
[오창읍],102273,3,진양,1990.01.,105.0,19.26,63.7,17.42,57.6,40,,,,,,,,,3,1,복도식,63C,5.0,5.0,https://new.land.naver.com/complexes/102273?tab=detail&rf=Y,충청북도 청주시 청원구 오창읍 4-11,충청북도,청주시,청원구,오창읍,,충청북도 청주시 청원구 팔결로 691,0.0,0,0,0.0,0.0
[오창읍],19053,1,우림필유1차,2006.05.,1120.0,25.61,84.69,18.1,59.86,284,,,,,,,,,3,2,계단식,84A,18.0,17.0,https://new.land.naver.com/complexes/19053?tab=detail&rf=Y,충청북도 청주시 청원구 오창읍 각리 638-1,충청북도,청주시,청원구,오창읍,,충청북도 청주시 청원구 오창중앙로 13,0.0,195,14,1438.0,1.28
[오창읍],19053,2,우림필유1차,2006.05.,1120.0,25.73,85.07,18.12,59.93,36,,,,,,,,,3,2,계단식,85B,18.0,17.0,https://new.land.naver.com/complexes/19053?tab=detail&rf=Y,충청북도 청주시 청원구 오창읍 각리 638-1,충청북도,청주시,청원구,오창읍,,충청북도 청주시 청원구 오창중앙로 13,0.0,195,14,1438.0,1.28
[오창읍],19053,3,우림필유1차,2006.05.,1120.0,34.23,113.16,25.69,84.94,552,,,,,,,,,3,2,계단식,113,18.0,17.0,https://new.land.naver.com/complexes/19053?tab=detail&rf=Y,충청북도 청주시 청원구 오창읍 각리 638-1,충청북도,청주시,청원구,오창읍,,충청북도 청주시 청원구 오창중앙로 13,0.0,195,14,1438.0,1.28
[오창읍],19053,4,우림필유1차,2006.05.,1120.0,45.66,150.97,36.32,120.07,248,,,,,,,,,4,2,계단식,150,18.0,17.0,https://new.land.naver.com/complexes/19053?tab=detail&rf=Y,충청북도 청주시 청원구 오창읍 각리 638-1,충청북도,청주시,청원구,오창읍,,충청북도 청주시 청원구 오창중앙로 13,0.0,195,14,1438.0,1.28
[오창읍],24271,1,덕성그린,1998.08.,210.0,22.56,74.59,18.14,59.99,210,,,,,,,,,3,1,계단식,74,15.0,15.0,https://new.land.naver.com/complexes/24271?tab=detail&rf=Y,충청북도 청주시 청원구 오창읍 괴정리 507-1,충청북도,청주시,청원구,오창읍,,충청북도 청주시 청원구 괴정길 18-9,0.0,146,13,176.0,0.84
[우암동],111020,1,청주우암동삼일브리제하임,2016.10.,181.0,25.72,85.04,18.14,59.97,133,,,,,,,,,3,2,계단식,85,25.0,14.0,https://new.land.naver.com/complexes/111020?tab=detail&rf=Y,충청북도 청주시 청원구 우암동 1210,충청북도,청주시,청원구,우암동,,충청북도 청주시 청원구 향군로 123,0.0,229,18,240.0,1.33
[우암동],111020,2,청주우암동삼일브리제하임,2016.10.,181.0,31.0,102.51,23.01,76.08,48,,,,,,,,,3,2,계단식,102,25.0,14.0,https://new.land.naver.com/complexes/111020?tab=detail&rf=Y,충청북도 청주시 청원구 우암동 1210,충청북도,청주시,청원구,우암동,,충청북도 청주시 청원구 향군로 123,0.0,229,18,240.0,1.33
[우암동],118122,1,라임미소가(도시형),2017.11.,284.0,20.05,66.3,14.46,47.82,36,,,,,,,,,2,1,계단식,66D,21.0,16.0,https://new.land.naver.com/complexes/118122?tab=detail&rf=Y,충청북도 청주시 청원구 우암동 372-6,충청북도,청주시,청원구,우암동,,충청북도 청주시 청원구 향군로 110,0.0,982,70,202.0,0.71
[우암동],118122,2,라임미소가(도시형),2017.11.,284.0,20.18,66.73,14.55,48.13,18,,,,,,,,,1,1,계단식,66B,21.0,16.0,https://new.land.naver.com/complexes/118122?tab=detail&rf=Y,충청북도 청주시 청원구 우암동 372-6,충청북도,청주시,청원구,우암동,,충청북도 청주시 청원구 향군로 110,0.0,982,70,202.0,0.71
[우암동],118122,3,라임미소가(도시형),2017.11.,284.0,20.3,67.14,14.64,48.42,186,,,,,,,,,2,1,계단식,67A,21.0,16.0,https://new.land.naver.com/complexes/118122?tab=detail&rf=Y,충청북도 청주시 청원구 우암동 372-6,충청북도,청주시,청원구,우암동,,충청북도 청주시 청원구 향군로 110,0.0,982,70,202.0,0.71
[우암동],118122,4,라임미소가(도시형),2017.11.,284.0,20.42,67.53,14.73,48.71,44,,,,,,,,,1,1,계단식,67C,21.0,16.0,https://new.land.naver.com/complexes/118122?tab=detail&rf=Y,충청북도 청주시 청원구 우암동 372-6,충청북도,청주시,청원구,우암동,,충청북도 청주시 청원구 향군로 110,0.0,982,70,202.0,0.71
[우암동],126838,1,목화,1983.10.,60.0,20.06,66.34,17.59,58.16,60,,,,,,,,,3,1,계단식,66,5.0,5.0,https://new.land.naver.com/complexes/126838?tab=detail&rf=Y,충청북도 청주시 청원구 우암동 411-3,충청북도,청주시,청원구,우암동,,충청북도 청주시 청원구 교서로 214,0.0,0,0,0.0,0.0
[우암동],129322,1,해피지움,2016.01.,18.0,32.29,106.76,26.58,87.88,18,,,,,,,,,4,2,계단식,106,10.0,10.0,https://new.land.naver.com/complexes/129322?tab=detail&rf=Y,충청북도 청주시 청원구 우암동 372-5,충청북도,청주시,청원구,우암동,,충청북도 청주시 청원구 내덕로8번길 20,0.0,270,50,29.0,1.61
[우암동],17233,1,평화(375),1995.05.,78.0,21.74,71.88,15.43,51.04,48,,,,,,,,,2,1,계단식,71,8.0,8.0,https://new.land.naver.com/complexes/17233?tab=detail&rf=Y,충청북도 청주시 청원구 우암동 375,충청북도,청주시,청원구,우암동,,충청북도 청주시 청원구 향군로108번길 20,0.0,259,59,78.0,1.0
[우암동],17233,2,평화(375),1995.05.,78.0,25.99,85.95,18.46,61.03,18,,,,,,,,,3,1,계단식,85,8.0,8.0,https://new.land.naver.com/complexes/17233?tab=detail&rf=Y,충청북도 청주시 청원구 우암동 375,충청북도,청주시,청원구,우암동,,충청북도 청주시 청원구 향군로108번길 20,0.0,259,59,78.0,1.0
[우암동],17233,3,평화(375),1995.05.,78.0,28.5,94.23,20.24,66.92,12,,,,,,,,,3,1,계단식,94,8.0,8.0,https://new.land.naver.com/complexes/17233?tab=detail&rf=Y,충청북도 청주시 청원구 우암동 375,충청북도,청주시,청원구,우암동,,충청북도 청주시 청원구 향군로108번길 20,0.0,259,59,78.0,1.0
[우암동],15405,1,평화(111-13),1984.12.,110.0,33.45,110.59,25.59,84.6,110,,,,,,,,,3,1,계단식,110,5.0,5.0,https://new.land.naver.com/complexes/15405?tab=detail&rf=Y,충청북도 청주시 청원구 우암동 111-13,충청북도,청주시,청원구,우암동,,충청북도 청주시 청원구 상당로244번길 6,0.0,0,0,0.0,0.0
[우암동],7166,1,삼일,1982.09.,77.0,16.91,55.92,14.96,49.48,58,,,,,,,,,2,1,계단식,55,5.0,3.0,https://new.land.naver.com/complexes/7166?tab=detail&rf=Y,충청북도 청주시 청원구 우암동 50-4,충청북도,청주시,청원구,우암동,,충청북도 청주시 청원구 수암로78번길 12,0.0,0,0,88.0,1.14
[우암동],7166,2,삼일,1982.09.,77.0,19.12,63.22,17.09,56.5,6,,,,,,,,,2,1,계단식,63,5.0,3.0,https://new.land.naver.com/complexes/7166?tab=detail&rf=Y,충청북도 청주시 청원구 우암동 50-4,충청북도,청주시,청원구,우암동,,충청북도 청주시 청원구 수암로78번길 12,0.0,0,0,88.0,1.14
[우암동],7166,3,삼일,1982.09.,77.0,19.89,65.78,15.83,52.34,3,,,,,,,,,2,1,계단식,65,5.0,3.0,https://new.land.naver.com/complexes/7166?tab=detail&rf=Y,충청북도 청주시 청원구 우암동 50-4,충청북도,청주시,청원구,우암동,,충청북도 청주시 청원구 수암로78번길 12,0.0,0,0,88.0,1.14
[우암동],7166,4,삼일,1982.09.,77.0,22.22,73.47,16.77,55.44,4,,,,,,,,,3,1,계단식,73,5.0,3.0,https://new.land.naver.com/complexes/7166?tab=detail&rf=Y,충청북도 청주시 청원구 우암동 50-4,충청북도,청주시,청원구,우암동,,충청북도 청주시 청원구 수암로78번길 12,0.0,0,0,88.0,1.14
[우암동],7166,5,삼일,1982.09.,77.0,22.72,75.11,17.16,56.76,4,,,,,,,,,3,1,계단식,75,5.0,3.0,https://new.land.naver.com/complexes/7166?tab=detail&rf=Y,충청북도 청주시 청원구 우암동 50-4,충청북도,청주시,청원구,우암동,,충청북도 청주시 청원구 수암로78번길 12,0.0,0,0,88.0,1.14
[우암동],7166,6,삼일,1982.09.,77.0,26.19,86.59,19.96,66.0,2,,,,,,,,,3,1,계단식,86,5.0,3.0,https://new.land.naver.com/complexes/7166?tab=detail&rf=Y,충청북도 청주시 청원구 우암동 50-4,충청북도,청주시,청원구,우암동,,충청북도 청주시 청원구 수암로78번길 12,0.0,0,0,88.0,1.14
[우암동],103997,1,우암세원,1999.11.,236.0,12.15,40.17,9.15,30.25,10,,,,,,,,,2,1,복도식,40,13.0,13.0,https://new.land.naver.com/complexes/103997?tab=detail&rf=Y,충청북도 청주시 청원구 우암동 328-12,충청북도,청주시,청원구,우암동,,충청북도 청주시 청원구 사북로149번길 7,0.0,407,59,166.0,0.7
[우암동],103997,2,우암세원,1999.11.,236.0,13.71,45.34,10.33,34.15,9,,,,,,,,,2,1,복도식,45,13.0,13.0,https://new.land.naver.com/complexes/103997?tab=detail&rf=Y,충청북도 청주시 청원구 우암동 328-12,충청북도,청주시,청원구,우암동,,충청북도 청주시 청원구 사북로149번길 7,0.0,407,59,166.0,0.7
[우암동],103997,3,우암세원,1999.11.,236.0,16.47,54.45,12.4,41.02,217,,,,,,,,,2,1,복도식,54,13.0,13.0,https://new.land.naver.com/complexes/103997?tab=detail&rf=Y,충청북도 청주시 청원구 우암동 328-12,충청북도,청주시,청원구,우암동,,충청북도 청주시 청원구 사북로149번길 7,0.0,407,59,166.0,0.7
[우암동],110176,1,문화,1984.03.,70.0,20.06,66.33,18.18,60.12,40,,,,,,,,,2,1,계단식,66,5.0,5.0,https://new.land.naver.com/complexes/110176?tab=detail&rf=Y,충청북도 청주시 청원구 우암동 261-34,충청북도,청주시,청원구,우암동,,충청북도 청주시 청원구 우암로9번길 42-32,0.0,133,27,0.0,0.0
[우암동],110176,2,문화,1984.03.,70.0,21.85,72.26,19.87,65.7,30,,,,,,,,,3,1,계단식,72,5.0,5.0,https://new.land.naver.com/complexes/110176?tab=detail&rf=Y,충청북도 청주시 청원구 우암동 261-34,충청북도,청주시,청원구,우암동,,충청북도 청주시 청원구 우암로9번길 42-32,0.0,133,27,0.0,0.0
[우암동],107892,1,일진캠퍼스타워,2015.09.,299.0,7.97,26.37,4.58,15.16,17,,,,,,,,,1,1,복도식,26G,20.0,18.0,https://new.land.naver.com/complexes/107892?tab=detail&rf=Y,충청북도 청주시 청원구 우암동 237-13,충청북도,청주시,청원구,우암동,,충청북도 청주시 청원구 상당로 249,0.0,869,63,73.0,0.24
[우암동],107892,2,일진캠퍼스타워,2015.09.,299.0,8.37,27.69,4.9,16.21,194,,,,,,,,,1,1,복도식,27A,20.0,18.0,https://new.land.naver.com/complexes/107892?tab=detail&rf=Y,충청북도 청주시 청원구 우암동 237-13,충청북도,청주시,청원구,우암동,,충청북도 청주시 청원구 상당로 249,0.0,869,63,73.0,0.24
[우암동],107892,3,일진캠퍼스타워,2015.09.,299.0,8.99,29.75,5.2,17.22,17,,,,,,,,,1,1,복도식,29F,20.0,18.0,https://new.land.naver.com/complexes/107892?tab=detail&rf=Y,충청북도 청주시 청원구 우암동 237-13,충청북도,청주시,청원구,우암동,,충청북도 청주시 청원구 상당로 249,0.0,869,63,73.0,0.24
[우암동],107892,4,일진캠퍼스타워,2015.09.,299.0,9.18,30.37,5.3,17.53,17,,,,,,,,,1,1,계단식,30B,20.0,18.0,https://new.land.naver.com/complexes/107892?tab=detail&rf=Y,충청북도 청주시 청원구 우암동 237-13,충청북도,청주시,청원구,우암동,,충청북도 청주시 청원구 상당로 249,0.0,869,63,73.0,0.24
[우암동],107892,5,일진캠퍼스타워,2015.09.,299.0,10.64,35.19,6.34,20.96,1,,,,,,,,,1,1,복도식,35K,20.0,18.0,https://new.land.naver.com/complexes/107892?tab=detail&rf=Y,충청북도 청주시 청원구 우암동 237-13,충청북도,청주시,청원구,우암동,,충청북도 청주시 청원구 상당로 249,0.0,869,63,73.0,0.24
[우암동],107892,6,일진캠퍼스타워,2015.09.,299.0,11.06,36.57,6.34,20.99,16,,,,,,,,,1,1,복도식,36D,20.0,18.0,https://new.land.naver.com/complexes/107892?tab=detail&rf=Y,충청북도 청주시 청원구 우암동 237-13,충청북도,청주시,청원구,우암동,,충청북도 청주시 청원구 상당로 249,0.0,869,63,73.0,0.24
[우암동],107892,7,일진캠퍼스타워,2015.09.,299.0,11.71,38.74,7.01,23.19,16,,,,,,,,,1,1,복도식,38E,20.0,18.0,https://new.land.naver.com/complexes/107892?tab=detail&rf=Y,충청북도 청주시 청원구 우암동 237-13,충청북도,청주시,청원구,우암동,,충청북도 청주시 청원구 상당로 249,0.0,869,63,73.0,0.24
[우암동],107892,8,일진캠퍼스타워,2015.09.,299.0,12.16,40.23,7.16,23.68,1,,,,,,,,,1,1,복도식,40I,20.0,18.0,https://new.land.naver.com/complexes/107892?tab=detail&rf=Y,충청북도 청주시 청원구 우암동 237-13,충청북도,청주시,청원구,우암동,,충청북도 청주시 청원구 상당로 249,0.0,869,63,73.0,0.24
[우암동],107892,9,일진캠퍼스타워,2015.09.,299.0,13.09,43.29,7.74,25.61,18,,,,,,,,,1,1,복도식,43C,20.0,18.0,https://new.land.naver.com/complexes/107892?tab=detail&rf=Y,충청북도 청주시 청원구 우암동 237-13,충청북도,청주시,청원구,우암동,,충청북도 청주시 청원구 상당로 249,0.0,869,63,73.0,0.24
[우암동],107892,10,일진캠퍼스타워,2015.09.,299.0,13.95,46.13,8.4,27.79,1,,,,,,,,,1,1,복도식,46J,20.0,18.0,https://new.land.naver.com/complexes/107892?tab=detail&rf=Y,충청북도 청주시 청원구 우암동 237-13,충청북도,청주시,청원구,우암동,,충청북도 청주시 청원구 상당로 249,0.0,869,63,73.0,0.24
[우암동],107892,11,일진캠퍼스타워,2015.09.,299.0,14.69,48.59,8.86,29.32,1,,,,,,,,,1,1,복도식,48H,20.0,18.0,https://new.land.naver.com/complexes/107892?tab=detail&rf=Y,충청북도 청주시 청원구 우암동 237-13,충청북도,청주시,청원구,우암동,,충청북도 청주시 청원구 상당로 249,0.0,869,63,73.0,0.24
[우암동],7164,1,덕일한마음,1996.11.,345.0,10.16,33.6,7.9,26.13,179,,,,,,,,,1,1,계단식,33,15.0,12.0,https://new.land.naver.com/complexes/7164?tab=detail&rf=Y,충청북도 청주시 청원구 우암동 353-2,충청북도,청주시,청원구,우암동,,충청북도 청주시 청원구 향군로74번길 26,0.0,255,25,305.0,0.88
[우암동],7164,2,덕일한마음,1996.11.,345.0,32.89,108.74,25.64,84.79,163,,,,,,,,,3,2,계단식,108,15.0,12.0,https://new.land.naver.com/complexes/7164?tab=detail&rf=Y,충청북도 청주시 청원구 우암동 353-2,충청북도,청주시,청원구,우암동,,충청북도 청주시 청원구 향군로74번길 26,0.0,255,25,305.0,0.88
[우암동],7164,3,덕일한마음,1996.11.,345.0,63.48,209.86,49.5,163.64,3,,,,,,,,,5,2,계단식,209,15.0,12.0,https://new.land.naver.com/complexes/7164?tab=detail&rf=Y,충청북도 청주시 청원구 우암동 353-2,충청북도,청주시,청원구,우암동,,충청북도 청주시 청원구 향군로74번길 26,0.0,255,25,305.0,0.88
[우암동],15404,1,우정,1993.05.,78.0,23.35,77.22,18.0,59.53,78,,,,,,,,,3,1,복도식,77,13.0,13.0,https://new.land.naver.com/complexes/15404?tab=detail&rf=Y,충청북도 청주시 청원구 우암동 402-1,충청북도,청주시,청원구,우암동,,충청북도 청주시 청원구 우암로23번길 11,0.0,269,21,57.0,0.73
[율량동],15415,1,신세대,1996.01.,127.0,22.51,74.42,18.15,60.0,99,,,,,,,,,3,2,계단식,74,15.0,8.0,https://new.land.naver.com/complexes/15415?tab=detail&rf=Y,충청북도 청주시 청원구 율량동 1393,충청북도,청주시,청원구,율량동,,충청북도 청주시 청원구 사뜸로 44,0.0,229,0,86.0,0.68
[율량동],15415,2,신세대,1996.01.,127.0,31.88,105.4,25.7,84.98,14,,,,,,,,,3,2,계단식,105A,15.0,8.0,https://new.land.naver.com/complexes/15415?tab=detail&rf=Y,충청북도 청주시 청원구 율량동 1393,충청북도,청주시,청원구,율량동,,충청북도 청주시 청원구 사뜸로 44,0.0,229,0,86.0,0.68
[율량동],15415,3,신세대,1996.01.,127.0,31.88,105.42,25.7,84.99,14,,,,,,,,,3,2,계단식,105B,15.0,8.0,https://new.land.naver.com/complexes/15415?tab=detail&rf=Y,충청북도 청주시 청원구 율량동 1393,충청북도,청주시,청원구,율량동,,충청북도 청주시 청원구 사뜸로 44,0.0,229,0,86.0,0.68
[율량동],15412,1,신라맨션(1868),1989.12.,140.0,29.3,96.88,24.49,80.99,5,,,,,,,,,3,2,계단식,96B,5.0,5.0,https://new.land.naver.com/complexes/15412?tab=detail&rf=Y,충청북도 청주시 청원구 율량동 1868,충청북도,청주시,청원구,율량동,,충청북도 청주시 청원구 공항로97번길 24,0.0,0,0,0.0,0.0
[율량동],15412,2,신라맨션(1868),1989.12.,140.0,29.43,97.31,24.31,80.37,5,,,,,,,,,3,2,계단식,97A,5.0,5.0,https://new.land.naver.com/complexes/15412?tab=detail&rf=Y,충청북도 청주시 청원구 율량동 1868,충청북도,청주시,청원구,율량동,,충청북도 청주시 청원구 공항로97번길 24,0.0,0,0,0.0,0.0
[율량동],15412,3,신라맨션(1868),1989.12.,140.0,30.11,99.56,25.14,83.11,5,,,,,,,,,3,2,계단식,99A,5.0,5.0,https://new.land.naver.com/complexes/15412?tab=detail&rf=Y,충청북도 청주시 청원구 율량동 1868,충청북도,청주시,청원구,율량동,,충청북도 청주시 청원구 공항로97번길 24,0.0,0,0,0.0,0.0
[율량동],15412,4,신라맨션(1868),1989.12.,140.0,30.41,100.54,25.64,84.78,100,,,,,,,,,3,2,계단식,100B,5.0,5.0,https://new.land.naver.com/complexes/15412?tab=detail&rf=Y,충청북도 청주시 청원구 율량동 1868,충청북도,청주시,청원구,율량동,,충청북도 청주시 청원구 공항로97번길 24,0.0,0,0,0.0,0.0
[율량동],15412,5,신라맨션(1868),1989.12.,140.0,30.54,100.99,25.55,84.48,5,,,,,,,,,3,2,계단식,100A,5.0,5.0,https://new.land.naver.com/complexes/15412?tab=detail&rf=Y,충청북도 청주시 청원구 율량동 1868,충청북도,청주시,청원구,율량동,,충청북도 청주시 청원구 공항로97번길 24,0.0,0,0,0.0,0.0
[율량동],15412,6,신라맨션(1868),1989.12.,140.0,30.57,101.08,25.7,84.96,15,,,,,,,,,3,2,계단식,101C,5.0,5.0,https://new.land.naver.com/complexes/15412?tab=detail&rf=Y,충청북도 청주시 청원구 율량동 1868,충청북도,청주시,청원구,율량동,,충청북도 청주시 청원구 공항로97번길 24,0.0,0,0,0.0,0.0
[율량동],15412,7,신라맨션(1868),1989.12.,140.0,30.72,101.57,25.69,84.93,5,,,,,,,,,3,2,계단식,101B,5.0,5.0,https://new.land.naver.com/complexes/15412?tab=detail&rf=Y,충청북도 청주시 청원구 율량동 1868,충청북도,청주시,청원구,율량동,,충청북도 청주시 청원구 공항로97번길 24,0.0,0,0,0.0,0.0
[율량동],7190,1,삼정2차,1992.06.,275.0,31.46,104.01,25.58,84.57,196,,,,,,,,,3,2,계단식,104,10.0,9.0,https://new.land.naver.com/complexes/7190?tab=detail&rf=Y,충청북도 청주시 청원구 율량동 742,충청북도,청주시,청원구,율량동,,충청북도 청주시 청원구 율봉로175번길 54,0.0,251,28,225.0,0.82
[율량동],7190,2,삼정2차,1992.06.,275.0,42.59,140.81,35.28,116.64,79,,,,,,,,,4,2,계단식,140,10.0,9.0,https://new.land.naver.com/complexes/7190?tab=detail&rf=Y,충청북도 청주시 청원구 율량동 742,충청북도,청주시,청원구,율량동,,충청북도 청주시 청원구 율봉로175번길 54,0.0,251,28,225.0,0.82
[율량동],107120,1,대원칸타빌4차,2015.12.,614.0,33.46,110.64,25.68,84.92,203,,,,,,,,,3,2,계단식,110A,25.0,17.0,https://new.land.naver.com/complexes/107120?tab=detail&rf=Y,충청북도 청주시 청원구 율량동 2246,충청북도,청주시,청원구,율량동,,충청북도 청주시 청원구 율중로 10,0.0,179,14,1028.0,1.67
[율량동],107120,2,대원칸타빌4차,2015.12.,614.0,33.33,110.21,25.66,84.84,89,,,,,,,,,3,2,계단식,110C,25.0,17.0,https://new.land.naver.com/complexes/107120?tab=detail&rf=Y,충청북도 청주시 청원구 율량동 2246,충청북도,청주시,청원구,율량동,,충청북도 청주시 청원구 율중로 10,0.0,179,14,1028.0,1.67
[율량동],107120,3,대원칸타빌4차,2015.12.,614.0,33.84,111.9,25.67,84.88,115,,,,,,,,,3,2,계단식,111B,25.0,17.0,https://new.land.naver.com/complexes/107120?tab=detail&rf=Y,충청북도 청주시 청원구 율량동 2246,충청북도,청주시,청원구,율량동,,충청북도 청주시 청원구 율중로 10,0.0,179,14,1028.0,1.67
[율량동],107120,4,대원칸타빌4차,2015.12.,614.0,39.7,131.25,31.95,105.62,198,,,,,,,,,3,2,계단식,131,25.0,17.0,https://new.land.naver.com/complexes/107120?tab=detail&rf=Y,충청북도 청주시 청원구 율량동 2246,충청북도,청주시,청원구,율량동,,충청북도 청주시 청원구 율중로 10,0.0,179,14,1028.0,1.67
[율량동],107120,5,대원칸타빌4차,2015.12.,614.0,49.53,163.74,39.63,131.02,9,,,,,,,,,5,4,계단식,163,25.0,17.0,https://new.land.naver.com/complexes/107120?tab=detail&rf=Y,충청북도 청주시 청원구 율량동 2246,충청북도,청주시,청원구,율량동,,충청북도 청주시 청원구 율중로 10,0.0,179,14,1028.0,1.67
[율량동],7188,1,삼정1차,1991.07.,218.0,25.56,84.51,21.41,70.79,72,,,,,,,,,3,1,계단식,84,15.0,9.0,https://new.land.naver.com/complexes/7188?tab=detail&rf=Y,충청북도 청주시 청원구 율량동 862,충청북도,청주시,청원구,율량동,,충청북도 청주시 청원구 율봉로201번길 50,0.0,0,0,0.0,0.0
[율량동],7188,2,삼정1차,1991.07.,218.0,25.95,85.79,21.89,72.38,146,,,,,,,,,3,1,계단식,85,15.0,9.0,https://new.land.naver.com/complexes/7188?tab=detail&rf=Y,충청북도 청주시 청원구 율량동 862,충청북도,청주시,청원구,율량동,,충청북도 청주시 청원구 율봉로201번길 50,0.0,0,0,0.0,0.0
[율량동],7197,1,현대,1992.10.,489.0,20.93,69.2,18.09,59.82,176,,,,,,,,,3,1,계단식,69,15.0,10.0,https://new.land.naver.com/complexes/7197?tab=detail&rf=Y,충청북도 청주시 청원구 율량동 1206,충청북도,청주시,청원구,율량동,,충청북도 청주시 청원구 주성로132번길 27,0.0,199,17,496.0,1.01
[율량동],7197,2,현대,1992.10.,489.0,29.53,97.62,25.52,84.39,228,,,,,,,,,3,2,계단식,97,15.0,10.0,https://new.land.naver.com/complexes/7197?tab=detail&rf=Y,충청북도 청주시 청원구 율량동 1206,충청북도,청주시,청원구,율량동,,충청북도 청주시 청원구 주성로132번길 27,0.0,199,17,496.0,1.01
[율량동],7197,3,현대,1992.10.,489.0,46.82,154.78,40.47,133.8,85,,,,,,,,,4,2,계단식,154,15.0,10.0,https://new.land.naver.com/complexes/7197?tab=detail&rf=Y,충청북도 청주시 청원구 율량동 1206,충청북도,청주시,청원구,율량동,,충청북도 청주시 청원구 주성로132번길 27,0.0,199,17,496.0,1.01
[율량동],7171,1,두진,1990.12.,120.0,21.35,70.59,15.07,49.83,12,,,,,,,,,2,1,계단식,70,6.0,6.0,https://new.land.naver.com/complexes/7171?tab=detail&rf=Y,충청북도 청주시 청원구 율량동 747,충청북도,청주시,청원구,율량동,,충청북도 청주시 청원구 공항로150번길 31-8,0.0,0,0,0.0,0.0
[율량동],7171,2,두진,1990.12.,120.0,24.92,82.4,18.1,59.85,60,,,,,,,,,2,1,계단식,82,6.0,6.0,https://new.land.naver.com/complexes/7171?tab=detail&rf=Y,충청북도 청주시 청원구 율량동 747,충청북도,청주시,청원구,율량동,,충청북도 청주시 청원구 공항로150번길 31-8,0.0,0,0,0.0,0.0
[율량동],7171,3,두진,1990.12.,120.0,29.99,99.17,22.56,74.58,48,,,,,,,,,3,1,계단식,99,6.0,6.0,https://new.land.naver.com/complexes/7171?tab=detail&rf=Y,충청북도 청주시 청원구 율량동 747,충청북도,청주시,청원구,율량동,,충청북도 청주시 청원구 공항로150번길 31-8,0.0,0,0,0.0,0.0
[율량동],114958,1,신라(1292),1995.10.,252.0,15.69,51.87,8.04,26.6,15,,,,,,,,,2,1,계단식,51,14.0,8.0,https://new.land.naver.com/complexes/114958?tab=detail&rf=Y,충청북도 청주시 청원구 율량동 1292,충청북도,청주시,청원구,율량동,,충청북도 청주시 청원구 율봉로94번길 9,0.0,361,58,130.0,0.52
[율량동],114958,2,신라(1292),1995.10.,252.0,18.05,59.67,9.25,30.6,228,,,,,,,,,2,1,계단식,59,14.0,8.0,https://new.land.naver.com/complexes/114958?tab=detail&rf=Y,충청북도 청주시 청원구 율량동 1292,충청북도,청주시,청원구,율량동,,충청북도 청주시 청원구 율봉로94번길 9,0.0,361,58,130.0,0.52
[율량동],114958,3,신라(1292),1995.10.,252.0,18.75,62.01,9.61,31.8,7,,,,,,,,,2,1,계단식,62,14.0,8.0,https://new.land.naver.com/complexes/114958?tab=detail&rf=Y,충청북도 청주시 청원구 율량동 1292,충청북도,청주시,청원구,율량동,,충청북도 청주시 청원구 율봉로94번길 9,0.0,361,58,130.0,0.52
[율량동],114958,4,신라(1292),1995.10.,252.0,25.69,84.93,13.15,43.5,2,,,,,,,,,3,1,계단식,84,14.0,8.0,https://new.land.naver.com/complexes/114958?tab=detail&rf=Y,충청북도 청주시 청원구 율량동 1292,충청북도,청주시,청원구,율량동,,충청북도 청주시 청원구 율봉로94번길 9,0.0,361,58,130.0,0.52
[율량동],7180,1,율량부강마을,1993.11.,244.0,9.94,32.86,7.38,24.4,31,,,,,,,,,1,1,복도식,32,10.0,9.0,https://new.land.naver.com/complexes/7180?tab=detail&rf=Y,충청북도 청주시 청원구 율량동 744,충청북도,청주시,청원구,율량동,,충청북도 청주시 청원구 공항로150번길 59,0.0,336,43,62.0,0.25
[율량동],7180,2,율량부강마을,1993.11.,244.0,10.88,35.99,8.08,26.74,12,,,,,,,,,1,1,복도식,35,10.0,9.0,https://new.land.naver.com/complexes/7180?tab=detail&rf=Y,충청북도 청주시 청원구 율량동 744,충청북도,청주시,청원구,율량동,,충청북도 청주시 청원구 공항로150번길 59,0.0,336,43,62.0,0.25
[율량동],7180,3,율량부강마을,1993.11.,244.0,11.83,39.14,8.79,29.08,201,,,,,,,,,1,1,복도식,39,10.0,9.0,https://new.land.naver.com/complexes/7180?tab=detail&rf=Y,충청북도 청주시 청원구 율량동 744,충청북도,청주시,청원구,율량동,,충청북도 청주시 청원구 공항로150번길 59,0.0,336,43,62.0,0.25
[율량동],108609,1,율량대창1차,1993.05.,70.0,25.38,83.91,18.11,59.9,70,,,,,,,,,3,1,계단식,83,15.0,15.0,https://new.land.naver.com/complexes/108609?tab=detail&rf=Y,충청북도 청주시 청원구 율량동 710,충청북도,청주시,청원구,율량동,,충청북도 청주시 청원구 율봉로159번길 73-2,0.0,361,26,60.0,0.86
[율량동],15418,1,율량한울2차,1996.04.,96.0,20.65,68.29,17.44,57.66,6,,,,,,,,,3,1,계단식,68A,12.0,12.0,https://new.land.naver.com/complexes/15418?tab=detail&rf=Y,충청북도 청주시 청원구 율량동 724-1,충청북도,청주시,청원구,율량동,,충청북도 청주시 청원구 율봉로167번길 66-9,0.0,296,27,80.0,0.83
[율량동],15418,2,율량한울2차,1996.04.,96.0,21.48,71.03,18.14,59.97,66,,,,,,,,,3,1,계단식,71B,12.0,12.0,https://new.land.naver.com/complexes/15418?tab=detail&rf=Y,충청북도 청주시 청원구 율량동 724-1,충청북도,청주시,청원구,율량동,,충청북도 청주시 청원구 율봉로167번길 66-9,0.0,296,27,80.0,0.83
[율량동],15418,3,율량한울2차,1996.04.,96.0,27.08,89.54,22.86,75.6,2,,,,,,,,,3,1,계단식,89,12.0,12.0,https://new.land.naver.com/complexes/15418?tab=detail&rf=Y,충청북도 청주시 청원구 율량동 724-1,충청북도,청주시,청원구,율량동,,충청북도 청주시 청원구 율봉로167번길 66-9,0.0,296,27,80.0,0.83
[율량동],15418,4,율량한울2차,1996.04.,96.0,29.87,98.77,25.22,83.38,22,,,,,,,,,3,2,계단식,98,12.0,12.0,https://new.land.naver.com/complexes/15418?tab=detail&rf=Y,충청북도 청주시 청원구 율량동 724-1,충청북도,청주시,청원구,율량동,,충청북도 청주시 청원구 율봉로167번길 66-9,0.0,296,27,80.0,0.83
[율량동],7174,1,율량럭키,1991.03.,690.0,28.35,93.75,23.13,76.48,210,,,,,,,,,3,1,계단식,93,15.0,15.0,https://new.land.naver.com/complexes/7174?tab=detail&rf=Y,충청북도 청주시 청원구 율량동 863,충청북도,청주시,청원구,율량동,,충청북도 청주시 청원구 율봉로209번길 40,0.0,0,0,0.0,0.0
[율량동],7174,2,율량럭키,1991.03.,690.0,31.06,102.68,25.7,84.99,480,,,,,,,,,3,2,계단식,102,15.0,15.0,https://new.land.naver.com/complexes/7174?tab=detail&rf=Y,충청북도 청주시 청원구 율량동 863,충청북도,청주시,청원구,율량동,,충청북도 청주시 청원구 율봉로209번길 40,0.0,0,0,0.0,0.0
[율량동],7191,1,성원,1995.07.,365.0,22.74,75.18,18.05,59.7,140,,,,,,,,,3,1,계단식,75,15.0,10.0,https://new.land.naver.com/complexes/7191?tab=detail&rf=Y,충청북도 청주시 청원구 율량동 1204,충청북도,청주시,청원구,율량동,,충청북도 청주시 청원구 주성로132번길 10,0.0,238,19,295.0,0.81
[율량동],7191,2,성원,1995.07.,365.0,31.15,103.0,25.69,84.94,225,,,,,,,,,3,2,계단식,103,15.0,10.0,https://new.land.naver.com/complexes/7191?tab=detail&rf=Y,충청북도 청주시 청원구 율량동 1204,충청북도,청주시,청원구,율량동,,충청북도 청주시 청원구 주성로132번길 10,0.0,238,19,295.0,0.81
[율량동],122496,1,원진,2005.11.,16.0,29.23,96.66,25.7,84.99,16,,,,,,,,,3,2,계단식,96,5.0,5.0,https://new.land.naver.com/complexes/122496?tab=detail&rf=Y,충청북도 청주시 청원구 율량동 1022,충청북도,청주시,청원구,율량동,,충청북도 청주시 청원구 충청대로107번길 37-2,0.0,199,49,8.0,0.5
[율량동],11673,1,율량럭키3차,1992.05.,84.0,50.33,166.4,38.3,126.63,48,,,,,,,,,4,2,계단식,166,13.0,9.0,https://new.land.naver.com/complexes/11673?tab=detail&rf=Y,충청북도 청주시 청원구 율량동 869,충청북도,청주시,청원구,율량동,,충청북도 청주시 청원구 충청대로139번길 17-10,0.0,0,0,0.0,0.0
[율량동],11673,2,율량럭키3차,1992.05.,84.0,61.53,203.43,46.83,154.81,36,,,,,,,,,4,2,계단식,203,13.0,9.0,https://new.land.naver.com/complexes/11673?tab=detail&rf=Y,충청북도 청주시 청원구 율량동 869,충청북도,청주시,청원구,율량동,,충청북도 청주시 청원구 충청대로139번길 17-10,0.0,0,0,0.0,0.0
[율량동],107435,1,한울3차,1998.12.,523.0,12.36,40.88,9.17,30.33,299,,,,,,,,,1,1,복도식,40,15.0,5.0,https://new.land.naver.com/complexes/107435?tab=detail&rf=Y,충청북도 청주시 청원구 율량동 1144,충청북도,청주시,청원구,율량동,,충청북도 청주시 청원구 주성로96번길 12,0.0,0,0,390.0,0.75
[율량동],107435,2,한울3차,1998.12.,523.0,18.76,62.02,13.72,45.36,224,,,,,,,,,2,1,복도식,62,15.0,5.0,https://new.land.naver.com/complexes/107435?tab=detail&rf=Y,충청북도 청주시 청원구 율량동 1144,충청북도,청주시,청원구,율량동,,충청북도 청주시 청원구 주성로96번길 12,0.0,0,0,390.0,0.75
[율량동],100632,1,실루엣(201동),2008.03.,5.0,84.3,278.71,51.86,171.46,4,,,,,,,,,6,3,계단식,278,5.0,5.0,https://new.land.naver.com/complexes/100632?tab=detail&rf=Y,충청북도 청주시 청원구 율량동 996-2,충청북도,청주시,청원구,율량동,,충청북도 청주시 청원구 충청대로107번길 65,0.0,145,33,12.0,2.4
[율량동],100632,2,실루엣(201동),2008.03.,5.0,99.08,327.56,60.95,201.51,1,,,,,,,,,6,3,계단식,327,5.0,5.0,https://new.land.naver.com/complexes/100632?tab=detail&rf=Y,충청북도 청주시 청원구 율량동 996-2,충청북도,청주시,청원구,율량동,,충청북도 청주시 청원구 충청대로107번길 65,0.0,145,33,12.0,2.4
[율량동],139163,1,힐타운(도시형),2014.12.,24.0,28.68,94.82,23.2,76.7,16,,,,,,,,,3,2,계단식,94,4.0,4.0,https://new.land.naver.com/complexes/139163?tab=detail&rf=Y,충청북도 청주시 청원구 율량동 18-17,충청북도,청주시,청원구,율량동,,충청북도 청주시 청원구 1순환로1896번길 19-20,0.0,71,19,24.0,1.0
[율량동],139163,2,힐타운(도시형),2014.12.,24.0,29.53,97.62,23.2,76.7,8,,,,,,,,,3,2,계단식,97,4.0,4.0,https://new.land.naver.com/complexes/139163?tab=detail&rf=Y,충청북도 청주시 청원구 율량동 18-17,충청북도,청주시,청원구,율량동,,충청북도 청주시 청원구 1순환로1896번길 19-20,0.0,71,19,24.0,1.0
[율량동],140898,1,신라개발,1986.11.,96.0,26.97,89.17,24.15,79.86,96,,,,,,,,,3,2,계단식,89,4.0,4.0,https://new.land.naver.com/complexes/140898?tab=detail&rf=Y,충청북도 청주시 청원구 율량동 1483,충청북도,청주시,청원구,율량동,,충청북도 청주시 청원구 율봉로94번길 20,0.0,0,0,0.0,0.0
[율량동],7175,1,율량목화(803),1994.05.,176.0,18.19,60.15,14.27,47.19,22,,,,,,,,,2,1,복도식,60,11.0,11.0,https://new.land.naver.com/complexes/7175?tab=detail&rf=Y,충청북도 청주시 청원구 율량동 803,충청북도,청주시,청원구,율량동,,충청북도 청주시 청원구 율봉로167번길 37,0.0,224,27,137.0,0.78
[율량동],7175,2,율량목화(803),1994.05.,176.0,22.43,74.18,17.95,59.36,154,,,,,,,,,3,1,복도식,74,11.0,11.0,https://new.land.naver.com/complexes/7175?tab=detail&rf=Y,충청북도 청주시 청원구 율량동 803,충청북도,청주시,청원구,율량동,,충청북도 청주시 청원구 율봉로167번길 37,0.0,224,27,137.0,0.78
[율량동],7169,1,동아,1990.11.,330.0,28.27,93.48,22.72,75.13,150,,,,,,,,,3,1,계단식,93,15.0,15.0,https://new.land.naver.com/complexes/7169?tab=detail&rf=Y,충청북도 청주시 청원구 율량동 1569,충청북도,청주시,청원구,율량동,,충청북도 청주시 청원구 율천북로99번길 14,0.0,0,0,0.0,0.0
[율량동],7169,2,동아,1990.11.,330.0,31.68,104.76,25.68,84.92,120,,,,,,,,,3,2,계단식,104,15.0,15.0,https://new.land.naver.com/complexes/7169?tab=detail&rf=Y,충청북도 청주시 청원구 율량동 1569,충청북도,청주시,청원구,율량동,,충청북도 청주시 청원구 율천북로99번길 14,0.0,0,0,0.0,0.0
[율량동],7169,3,동아,1990.11.,330.0,48.11,159.05,40.67,134.47,60,,,,,,,,,4,2,계단식,159,15.0,15.0,https://new.land.naver.com/complexes/7169?tab=detail&rf=Y,충청북도 청주시 청원구 율량동 1569,충청북도,청주시,청원구,율량동,,충청북도 청주시 청원구 율천북로99번길 14,0.0,0,0,0.0,0.0
[율량동],127503,1,율량금호어울림센트로,2022.01.,748.0,24.13,79.78,18.12,59.93,152,,,,,,,,,3,2,계단식,79A,29.0,11.0,https://new.land.naver.com/complexes/127503?tab=detail&rf=Y,충청북도 청주시 청원구 율량동 1502(율봉로94번길 61),충청북도,청주시,청원구,율량동,,충청북도 청주시 청원구,0.0,0,0,986.0,1.32
[율량동],127503,2,율량금호어울림센트로,2022.01.,748.0,24.27,80.25,18.13,59.94,99,,,,,,,,,3,2,계단식,80B,29.0,11.0,https://new.land.naver.com/complexes/127503?tab=detail&rf=Y,충청북도 청주시 청원구 율량동 1502(율봉로94번길 61),충청북도,청주시,청원구,율량동,,충청북도 청주시 청원구,0.0,0,0,986.0,1.32
[율량동],127503,3,율량금호어울림센트로,2022.01.,748.0,30.11,99.55,22.98,75.98,143,,,,,,,,,3,2,계단식,99A,29.0,11.0,https://new.land.naver.com/complexes/127503?tab=detail&rf=Y,충청북도 청주시 청원구 율량동 1502(율봉로94번길 61),충청북도,청주시,청원구,율량동,,충청북도 청주시 청원구,0.0,0,0,986.0,1.32
[율량동],127503,4,율량금호어울림센트로,2022.01.,748.0,30.5,100.84,22.98,75.99,107,,,,,,,,,3,2,계단식,100B,29.0,11.0,https://new.land.naver.com/complexes/127503?tab=detail&rf=Y,충청북도 청주시 청원구 율량동 1502(율봉로94번길 61),충청북도,청주시,청원구,율량동,,충청북도 청주시 청원구,0.0,0,0,986.0,1.32
[율량동],127503,5,율량금호어울림센트로,2022.01.,748.0,33.63,111.2,25.7,84.97,149,,,,,,,,,3,2,계단식,111A,29.0,11.0,https://new.land.naver.com/complexes/127503?tab=detail&rf=Y,충청북도 청주시 청원구 율량동 1502(율봉로94번길 61),충청북도,청주시,청원구,율량동,,충청북도 청주시 청원구,0.0,0,0,986.0,1.32
[율량동],127503,6,율량금호어울림센트로,2022.01.,748.0,33.74,111.54,25.7,84.97,48,,,,,,,,,3,2,계단식,111B,29.0,11.0,https://new.land.naver.com/complexes/127503?tab=detail&rf=Y,충청북도 청주시 청원구 율량동 1502(율봉로94번길 61),충청북도,청주시,청원구,율량동,,충청북도 청주시 청원구,0.0,0,0,986.0,1.32
[율량동],127503,7,율량금호어울림센트로,2022.01.,748.0,34.35,113.56,25.7,84.98,28,,,,,,,,,3,2,계단식,113D,29.0,11.0,https://new.land.naver.com/complexes/127503?tab=detail&rf=Y,충청북도 청주시 청원구 율량동 1502(율봉로94번길 61),충청북도,청주시,청원구,율량동,,충청북도 청주시 청원구,0.0,0,0,986.0,1.32
[율량동],127503,8,율량금호어울림센트로,2022.01.,748.0,34.4,113.72,25.7,84.98,22,,,,,,,,,3,2,계단식,113C,29.0,11.0,https://new.land.naver.com/complexes/127503?tab=detail&rf=Y,충청북도 청주시 청원구 율량동 1502(율봉로94번길 61),충청북도,청주시,청원구,율량동,,충청북도 청주시 청원구,0.0,0,0,986.0,1.32
[율량동],107454,1,새하늘빌리지,2001.10.,19.0,37.62,124.38,33.76,111.63,9,,,,,,,,,3,2,복도식,124A,6.0,5.0,https://new.land.naver.com/complexes/107454?tab=detail&rf=Y,충청북도 청주시 청원구 율량동 1089,충청북도,청주시,청원구,율량동,,충청북도 청주시 청원구 율봉로212번길 65,0.0,221,49,22.0,1.16
[율량동],107454,2,새하늘빌리지,2001.10.,19.0,37.71,124.69,33.85,111.91,9,,,,,,,,,3,2,복도식,124B,6.0,5.0,https://new.land.naver.com/complexes/107454?tab=detail&rf=Y,충청북도 청주시 청원구 율량동 1089,충청북도,청주시,청원구,율량동,,충청북도 청주시 청원구 율봉로212번길 65,0.0,221,49,22.0,1.16
[율량동],107454,3,새하늘빌리지,2001.10.,19.0,46.72,154.47,41.94,138.65,1,,,,,,,,,4,2,복도식,154,6.0,5.0,https://new.land.naver.com/complexes/107454?tab=detail&rf=Y,충청북도 청주시 청원구 율량동 1089,충청북도,청주시,청원구,율량동,,충청북도 청주시 청원구 율봉로212번길 65,0.0,221,49,22.0,1.16
[율량동],128196,1,서우,1988.07.,80.0,20.57,68.03,17.37,57.45,16,,,,,,,,,3,1,계단식,68,5.0,4.0,https://new.land.naver.com/complexes/128196?tab=detail&rf=Y,충청북도 청주시 청원구 율량동 1236,충청북도,청주시,청원구,율량동,,충청북도 청주시 청원구 공항로 133,0.0,0,0,0.0,0.0
[율량동],128196,2,서우,1988.07.,80.0,23.8,78.68,20.1,66.45,40,,,,,,,,,3,1,계단식,78A,5.0,4.0,https://new.land.naver.com/complexes/128196?tab=detail&rf=Y,충청북도 청주시 청원구 율량동 1236,충청북도,청주시,청원구,율량동,,충청북도 청주시 청원구 공항로 133,0.0,0,0,0.0,0.0
[율량동],128196,3,서우,1988.07.,80.0,23.93,79.13,20.21,66.81,24,,,,,,,,,3,1,계단식,79B,5.0,4.0,https://new.land.naver.com/complexes/128196?tab=detail&rf=Y,충청북도 청주시 청원구 율량동 1236,충청북도,청주시,청원구,율량동,,충청북도 청주시 청원구 공항로 133,0.0,0,0,0.0,0.0
[율량동],15407,1,율량대창3차,1995.09.,270.0,14.02,46.36,10.52,34.79,270,,,,,,,,,2,1,계단식,46,15.0,15.0,https://new.land.naver.com/complexes/15407?tab=detail&rf=Y,충청북도 청주시 청원구 율량동 1302,충청북도,청주시,청원구,율량동,,충청북도 청주시 청원구 사뜸로52번길 15,0.0,0,0,111.0,0.41
[율량동],7172,1,두진백로그린타운,1996.06.,608.0,12.33,40.79,9.9,32.76,243,,,,,,,,,1,1,복도식,40,15.0,7.0,https://new.land.naver.com/complexes/7172?tab=detail&rf=Y,충청북도 청주시 청원구 율량동 861,충청북도,청주시,청원구,율량동,,충청북도 청주시 청원구 율봉로209번길 35,0.0,272,27,534.0,0.88
[율량동],7172,2,두진백로그린타운,1996.06.,608.0,22.37,73.96,17.96,59.4,147,,,,,,,,,3,1,계단식,73,15.0,7.0,https://new.land.naver.com/complexes/7172?tab=detail&rf=Y,충청북도 청주시 청원구 율량동 861,충청북도,청주시,청원구,율량동,,충청북도 청주시 청원구 율봉로209번길 35,0.0,272,27,534.0,0.88
[율량동],7172,3,두진백로그린타운,1996.06.,608.0,32.01,105.82,25.7,84.99,163,,,,,,,,,3,2,계단식,105B,15.0,7.0,https://new.land.naver.com/complexes/7172?tab=detail&rf=Y,충청북도 청주시 청원구 율량동 861,충청북도,청주시,청원구,율량동,,충청북도 청주시 청원구 율봉로209번길 35,0.0,272,27,534.0,0.88
[율량동],7172,4,두진백로그린타운,1996.06.,608.0,31.95,105.63,25.66,84.84,5,,,,,,,,,3,2,계단식,105A,15.0,7.0,https://new.land.naver.com/complexes/7172?tab=detail&rf=Y,충청북도 청주시 청원구 율량동 861,충청북도,청주시,청원구,율량동,,충청북도 청주시 청원구 율봉로209번길 35,0.0,272,27,534.0,0.88
[율량동],7172,5,두진백로그린타운,1996.06.,608.0,48.6,160.67,39.03,129.04,50,,,,,,,,,4,2,계단식,160,15.0,7.0,https://new.land.naver.com/complexes/7172?tab=detail&rf=Y,충청북도 청주시 청원구 율량동 861,충청북도,청주시,청원구,율량동,,충청북도 청주시 청원구 율봉로209번길 35,0.0,272,27,534.0,0.88
[율량동],15413,1,진화하이츠,1994.10.,136.0,23.16,76.57,18.12,59.93,103,,,,,,,,,3,1,계단식,76,15.0,12.0,https://new.land.naver.com/complexes/15413?tab=detail&rf=Y,충청북도 청주시 청원구 율량동 867,충청북도,청주시,청원구,율량동,,충청북도 청주시 청원구 충청대로139번길 9,0.0,0,0,125.0,0.92
[율량동],15413,2,진화하이츠,1994.10.,136.0,31.64,104.61,25.62,84.72,26,,,,,,,,,3,2,계단식,104,15.0,12.0,https://new.land.naver.com/complexes/15413?tab=detail&rf=Y,충청북도 청주시 청원구 율량동 867,충청북도,청주시,청원구,율량동,,충청북도 청주시 청원구 충청대로139번길 9,0.0,0,0,125.0,0.92
[율량동],15413,3,진화하이츠,1994.10.,136.0,35.43,117.15,29.5,97.55,5,,,,,,,,,4,2,계단식,117,15.0,12.0,https://new.land.naver.com/complexes/15413?tab=detail&rf=Y,충청북도 청주시 청원구 율량동 867,충청북도,청주시,청원구,율량동,,충청북도 청주시 청원구 충청대로139번길 9,0.0,0,0,125.0,0.92
[율량동],15413,4,진화하이츠,1994.10.,136.0,47.0,155.39,39.86,131.79,2,,,,,,,,,4,2,계단식,155,15.0,12.0,https://new.land.naver.com/complexes/15413?tab=detail&rf=Y,충청북도 청주시 청원구 율량동 867,충청북도,청주시,청원구,율량동,,충청북도 청주시 청원구 충청대로139번길 9,0.0,0,0,125.0,0.92
[율량동],7193,1,율량현대,1991.12.,764.0,28.78,95.16,22.69,75.01,224,,,,,,,,,3,1,계단식,95,15.0,10.0,https://new.land.naver.com/complexes/7193?tab=detail&rf=Y,충청북도 청주시 청원구 율량동 890,충청북도,청주시,청원구,율량동,,충청북도 청주시 청원구 율봉로159번길 10,0.0,218,23,389.0,0.51
[율량동],7193,2,율량현대,1991.12.,764.0,29.49,97.5,22.81,75.42,40,,,,,,,,,3,1,계단식,97,15.0,10.0,https://new.land.naver.com/complexes/7193?tab=detail&rf=Y,충청북도 청주시 청원구 율량동 890,충청북도,청주시,청원구,율량동,,충청북도 청주시 청원구 율봉로159번길 10,0.0,218,23,389.0,0.51
[율량동],7193,3,율량현대,1991.12.,764.0,32.24,106.6,25.7,84.98,386,,,,,,,,,3,2,계단식,106,15.0,10.0,https://new.land.naver.com/complexes/7193?tab=detail&rf=Y,충청북도 청주시 청원구 율량동 890,충청북도,청주시,청원구,율량동,,충청북도 청주시 청원구 율봉로159번길 10,0.0,218,23,389.0,0.51
[율량동],7193,4,율량현대,1991.12.,764.0,45.61,150.8,37.99,125.59,114,,,,,,,,,4,2,계단식,150,15.0,10.0,https://new.land.naver.com/complexes/7193?tab=detail&rf=Y,충청북도 청주시 청원구 율량동 890,충청북도,청주시,청원구,율량동,,충청북도 청주시 청원구 율봉로159번길 10,0.0,218,23,389.0,0.51
[율량동],15417,1,한울,1991.11.,85.0,26.83,88.7,18.13,59.94,82,,,,,,,,,3,1,복도식,88,10.0,6.0,https://new.land.naver.com/complexes/15417?tab=detail&rf=Y,충청북도 청주시 청원구 율량동 745,충청북도,청주시,청원구,율량동,,충청북도 청주시 청원구 공항로150번길 51-12,0.0,0,0,0.0,0.0
[율량동],15417,2,한울,1991.11.,85.0,30.29,100.14,21.36,70.62,3,,,,,,,,,3,1,복도식,100,10.0,6.0,https://new.land.naver.com/complexes/15417?tab=detail&rf=Y,충청북도 청주시 청원구 율량동 745,충청북도,청주시,청원구,율량동,,충청북도 청주시 청원구 공항로150번길 51-12,0.0,0,0,0.0,0.0
[율량동],7187,1,삼성,1996.05.,798.0,23.4,77.38,18.02,59.58,412,,,,,,,,,3,1,계단식,77,15.0,12.0,https://new.land.naver.com/complexes/7187?tab=detail&rf=Y,충청북도 청주시 청원구 율량동 1182,충청북도,청주시,청원구,율량동,,충청북도 청주시 청원구 주성로96번길 9,0.0,210,22,735.0,0.92
[율량동],7187,2,삼성,1996.05.,798.0,31.5,104.16,25.61,84.69,386,,,,,,,,,3,2,계단식,104,15.0,12.0,https://new.land.naver.com/complexes/7187?tab=detail&rf=Y,충청북도 청주시 청원구 율량동 1182,충청북도,청주시,청원구,율량동,,충청북도 청주시 청원구 주성로96번길 9,0.0,210,22,735.0,0.92
[율량동],25719,1,율량대창5차,2000.06.,110.0,15.52,51.33,10.89,36.01,16,,,,,,,,,2,1,계단식,51,12.0,7.0,https://new.land.naver.com/complexes/25719?tab=detail&rf=Y,충청북도 청주시 청원구 율량동 1362,충청북도,청주시,청원구,율량동,,충청북도 청주시 청원구 율봉로116번길 19,0.0,0,0,78.0,0.71
[율량동],25719,2,율량대창5차,2000.06.,110.0,18.01,59.57,12.64,41.79,94,,,,,,,,,2,1,계단식,59,12.0,7.0,https://new.land.naver.com/complexes/25719?tab=detail&rf=Y,충청북도 청주시 청원구 율량동 1362,충청북도,청주시,청원구,율량동,,충청북도 청주시 청원구 율봉로116번길 19,0.0,0,0,78.0,0.71
[율량동],7177,1,목화(746),1994.05.,54.0,17.83,58.96,12.97,42.88,20,,,,,,,,,2,1,복도식,58,9.0,5.0,https://new.land.naver.com/complexes/7177?tab=detail&rf=Y,충청북도 청주시 청원구 율량동 746,충청북도,청주시,청원구,율량동,,충청북도 청주시 청원구 율봉로167번길 65-21,0.0,202,33,0.0,0.0
[율량동],7177,2,목화(746),1994.05.,54.0,19.03,62.92,13.84,45.76,34,,,,,,,,,2,1,복도식,62,9.0,5.0,https://new.land.naver.com/complexes/7177?tab=detail&rf=Y,충청북도 청주시 청원구 율량동 746,충청북도,청주시,청원구,율량동,,충청북도 청주시 청원구 율봉로167번길 65-21,0.0,202,33,0.0,0.0
[율량동],108436,1,제일풍경채,2016.07.,422.0,28.51,94.28,21.59,71.4,49,,,,,,,,,3,2,계단식,94B,25.0,18.0,https://new.land.naver.com/complexes/108436?tab=detail&rf=Y,충청북도 청주시 청원구 율량동 2456,충청북도,청주시,청원구,율량동,,충청북도 청주시 청원구 율중로7번길 100,0.0,199,14,623.0,1.48
[율량동],108436,2,제일풍경채,2016.07.,422.0,28.63,94.66,21.59,71.4,48,,,,,,,,,3,2,계단식,94A,25.0,18.0,https://new.land.naver.com/complexes/108436?tab=detail&rf=Y,충청북도 청주시 청원구 율량동 2456,충청북도,청주시,청원구,율량동,,충청북도 청주시 청원구 율중로7번길 100,0.0,199,14,623.0,1.48
[율량동],108436,3,제일풍경채,2016.07.,422.0,33.53,110.85,25.64,84.78,276,,,,,,,,,3,2,계단식,110A,25.0,18.0,https://new.land.naver.com/complexes/108436?tab=detail&rf=Y,충청북도 청주시 청원구 율량동 2456,충청북도,청주시,청원구,율량동,,충청북도 청주시 청원구 율중로7번길 100,0.0,199,14,623.0,1.48
[율량동],108436,4,제일풍경채,2016.07.,422.0,33.75,111.6,25.53,84.42,49,,,,,,,,,3,2,계단식,111B,25.0,18.0,https://new.land.naver.com/complexes/108436?tab=detail&rf=Y,충청북도 청주시 청원구 율량동 2456,충청북도,청주시,청원구,율량동,,충청북도 청주시 청원구 율중로7번길 100,0.0,199,14,623.0,1.48
[율량동],7168,1,율량대창2차,1994.06.,81.0,20.1,66.47,15.1,49.95,11,,,,,,,,,3,1,복도식,66,15.0,12.0,https://new.land.naver.com/complexes/7168?tab=detail&rf=Y,충청북도 청주시 청원구 율량동 715,충청북도,청주시,청원구,율량동,,충청북도 청주시 청원구 율봉로159번길 74-19,0.0,318,32,62.0,0.77
[율량동],7168,2,율량대창2차,1994.06.,81.0,23.28,76.96,18.01,59.55,70,,,,,,,,,3,1,복도식,76,15.0,12.0,https://new.land.naver.com/complexes/7168?tab=detail&rf=Y,충청북도 청주시 청원구 율량동 715,충청북도,청주시,청원구,율량동,,충청북도 청주시 청원구 율봉로159번길 74-19,0.0,318,32,62.0,0.77
[율량동],15408,1,율량대창4차,1996.07.,261.0,20.49,67.74,14.97,49.5,225,,,,,,,,,2,1,계단식,67,15.0,6.0,https://new.land.naver.com/complexes/15408?tab=detail&rf=Y,충청북도 청주시 청원구 율량동 1379,충청북도,청주시,청원구,율량동,,충청북도 청주시 청원구 사뜸로52번길 16,0.0,281,27,211.0,0.81
[율량동],15408,2,율량대창4차,1996.07.,261.0,21.26,70.31,14.97,49.5,36,,,,,,,,,2,1,복도식,70,15.0,6.0,https://new.land.naver.com/complexes/15408?tab=detail&rf=Y,충청북도 청주시 청원구 율량동 1379,충청북도,청주시,청원구,율량동,,충청북도 청주시 청원구 사뜸로52번길 16,0.0,281,27,211.0,0.81
[율량동],13006,1,율량효성2차,1997.01.,440.0,19.22,63.54,13.69,45.28,178,,,,,,,,,2,1,복도식,63,14.0,10.0,https://new.land.naver.com/complexes/13006?tab=detail&rf=Y,충청북도 청주시 청원구 율량동 1263,충청북도,청주시,청원구,율량동,,충청북도 청주시 청원구 사뜸로 62,0.0,0,0,0.0,0.0
[율량동],13006,2,율량효성2차,1997.01.,440.0,25.11,83.01,18.1,59.86,158,,,,,,,,,3,1,복도식,83,14.0,10.0,https://new.land.naver.com/complexes/13006?tab=detail&rf=Y,충청북도 청주시 청원구 율량동 1263,충청북도,청주시,청원구,율량동,,충청북도 청주시 청원구 사뜸로 62,0.0,0,0,0.0,0.0
[율량동],13006,3,율량효성2차,1997.01.,440.0,26.29,86.94,18.1,59.86,104,,,,,,,,,3,1,복도식,86,14.0,10.0,https://new.land.naver.com/complexes/13006?tab=detail&rf=Y,충청북도 청주시 청원구 율량동 1263,충청북도,청주시,청원구,율량동,,충청북도 청주시 청원구 사뜸로 62,0.0,0,0,0.0,0.0
[율량동],104290,1,율량7단지선광로즈웰1차,2014.05.,321.0,39.16,129.48,31.37,103.73,321,,,,,,,,,4,2,계단식,129,25.0,18.0,https://new.land.naver.com/complexes/104290?tab=detail&rf=Y,충청북도 청주시 청원구 율량동 2080,충청북도,청주시,청원구,율량동,,충청북도 청주시 청원구 율량로 157,0.0,199,14,646.0,2.01
[율량동],15410,1,덕성맨션,1989.12.,108.0,30.6,101.16,25.44,84.12,96,,,,,,,,,3,1,계단식,101,6.0,4.0,https://new.land.naver.com/complexes/15410?tab=detail&rf=Y,충청북도 청주시 청원구 율량동 1871,충청북도,청주시,청원구,율량동,,충청북도 청주시 청원구 공항로 105,0.0,0,0,0.0,0.0
[율량동],15410,2,덕성맨션,1989.12.,108.0,33.29,110.07,25.67,84.87,4,,,,,,,,,3,1,계단식,110,6.0,4.0,https://new.land.naver.com/complexes/15410?tab=detail&rf=Y,충청북도 청주시 청원구 율량동 1871,충청북도,청주시,청원구,율량동,,충청북도 청주시 청원구 공항로 105,0.0,0,0,0.0,0.0
[율량동],15410,3,덕성맨션,1989.12.,108.0,35.03,115.83,29.88,98.79,2,,,,,,,,,3,1,계단식,115,6.0,4.0,https://new.land.naver.com/complexes/15410?tab=detail&rf=Y,충청북도 청주시 청원구 율량동 1871,충청북도,청주시,청원구,율량동,,충청북도 청주시 청원구 공항로 105,0.0,0,0,0.0,0.0
[율량동],15410,4,덕성맨션,1989.12.,108.0,37.16,122.85,32.0,105.81,6,,,,,,,,,3,1,계단식,122,6.0,4.0,https://new.land.naver.com/complexes/15410?tab=detail&rf=Y,충청북도 청주시 청원구 율량동 1871,충청북도,청주시,청원구,율량동,,충청북도 청주시 청원구 공항로 105,0.0,0,0,0.0,0.0
[율량동],114959,1,신라타운,1994.10.,300.0,17.82,58.92,16.18,53.52,18,,,,,,,,,3,1,계단식,58A,3.0,3.0,https://new.land.naver.com/complexes/114959?tab=detail&rf=Y,충청북도 청주시 청원구 율량동 1502,충청북도,청주시,청원구,율량동,,충청북도 청주시 청원구 율봉로94번길 68,0.0,0,0,0.0,0.0
[율량동],114959,2,신라타운,1994.10.,300.0,17.87,59.09,16.31,53.93,81,,,,,,,,,3,1,계단식,59B,3.0,3.0,https://new.land.naver.com/complexes/114959?tab=detail&rf=Y,충청북도 청주시 청원구 율량동 1502,충청북도,청주시,청원구,율량동,,충청북도 청주시 청원구 율봉로94번길 68,0.0,0,0,0.0,0.0
[율량동],114959,3,신라타운,1994.10.,300.0,19.46,64.35,17.83,58.95,201,,,,,,,,,3,1,계단식,64,3.0,3.0,https://new.land.naver.com/complexes/114959?tab=detail&rf=Y,충청북도 청주시 청원구 율량동 1502,충청북도,청주시,청원구,율량동,,충청북도 청주시 청원구 율봉로94번길 68,0.0,0,0,0.0,0.0
[율량동],26342,1,실루엣,2007.09.,49.0,33.83,111.86,25.67,84.89,43,,,,,,,,,3,2,복도식,111,7.0,6.0,https://new.land.naver.com/complexes/26342?tab=detail&rf=Y,충청북도 청주시 청원구 율량동 996,충청북도,청주시,청원구,율량동,,충청북도 청주시 청원구 충청대로107번길 65,0.0,181,38,54.0,1.1
[율량동],26342,2,실루엣,2007.09.,49.0,49.83,164.75,37.84,125.12,5,,,,,,,,,5,3,계단식,164A,7.0,6.0,https://new.land.naver.com/complexes/26342?tab=detail&rf=Y,충청북도 청주시 청원구 율량동 996,충청북도,청주시,청원구,율량동,,충청북도 청주시 청원구 충청대로107번길 65,0.0,181,38,54.0,1.1
[율량동],26342,3,실루엣,2007.09.,49.0,49.82,164.7,37.84,125.12,1,,,,,,,,,4,2,복도식,164B,7.0,6.0,https://new.land.naver.com/complexes/26342?tab=detail&rf=Y,충청북도 청주시 청원구 율량동 996,충청북도,청주시,청원구,율량동,,충청북도 청주시 청원구 충청대로107번길 65,0.0,181,38,54.0,1.1
[율량동],100718,1,율량재원,1993.11.,40.0,20.54,67.93,14.33,47.4,40,,,,,,,,,2,1,계단식,67,10.0,10.0,https://new.land.naver.com/complexes/100718?tab=detail&rf=Y,충청북도 청주시 청원구 율량동 725-4,충청북도,청주시,청원구,율량동,,충청북도 청주시 청원구 주성로 216,0.0,241,28,25.0,0.62
[율량동],13005,1,효성,1993.01.,117.0,25.34,83.77,18.14,59.99,117,,,,,,,,,3,1,복도식,83,15.0,9.0,https://new.land.naver.com/complexes/13005?tab=detail&rf=Y,충청북도 청주시 청원구 율량동 1052,충청북도,청주시,청원구,율량동,,충청북도 청주시 청원구 율봉로212번길 17,0.0,388,33,93.0,0.79
[주성동],105322,1,율량5단지선광로즈웰2차,2014.11.,417.0,34.01,112.46,25.7,84.97,228,,,,,,,,,3,2,계단식,112A,25.0,19.0,https://new.land.naver.com/complexes/105322?tab=detail&rf=Y,충청북도 청주시 청원구 주성동 336,충청북도,청주시,청원구,주성동,,충청북도 청주시 청원구 율량로 119,0.0,199,13,629.0,1.51
[주성동],105322,2,율량5단지선광로즈웰2차,2014.11.,417.0,34.03,112.5,25.7,84.97,123,,,,,,,,,3,2,계단식,112C,25.0,19.0,https://new.land.naver.com/complexes/105322?tab=detail&rf=Y,충청북도 청주시 청원구 주성동 336,충청북도,청주시,청원구,주성동,,충청북도 청주시 청원구 율량로 119,0.0,199,13,629.0,1.51
[주성동],105322,3,율량5단지선광로즈웰2차,2014.11.,417.0,34.08,112.68,25.7,84.97,66,,,,,,,,,3,2,계단식,112B,25.0,19.0,https://new.land.naver.com/complexes/105322?tab=detail&rf=Y,충청북도 청주시 청원구 주성동 336,충청북도,청주시,청원구,주성동,,충청북도 청주시 청원구 율량로 119,0.0,199,13,629.0,1.51
[주성동],102720,1,대원칸타빌1차,2013.03.,903.0,32.9,108.78,25.64,84.79,475,,,,,,,,,3,2,계단식,108A,25.0,22.0,https://new.land.naver.com/complexes/102720?tab=detail&rf=Y,충청북도 청주시 청원구 주성동 335,충청북도,청주시,청원구,주성동,,충청북도 청주시 청원구 율량로 103,0.0,199,14,1400.0,1.55
[주성동],102720,2,대원칸타빌1차,2013.03.,903.0,32.9,108.77,25.54,84.45,190,,,,,,,,,3,2,계단식,108C,25.0,22.0,https://new.land.naver.com/complexes/102720?tab=detail&rf=Y,충청북도 청주시 청원구 주성동 335,충청북도,청주시,청원구,주성동,,충청북도 청주시 청원구 율량로 103,0.0,199,14,1400.0,1.55
[주성동],102720,3,대원칸타빌1차,2013.03.,903.0,33.09,109.4,25.54,84.43,238,,,,,,,,,3,2,계단식,109B,25.0,22.0,https://new.land.naver.com/complexes/102720?tab=detail&rf=Y,충청북도 청주시 청원구 주성동 335,충청북도,청주시,청원구,주성동,,충청북도 청주시 청원구 율량로 103,0.0,199,14,1400.0,1.55
[주성동],105039,1,대원칸타빌3차,2015.03.,789.0,33.25,109.93,25.64,84.79,168,,,,,,,,,3,2,계단식,109A,25.0,23.0,https://new.land.naver.com/complexes/105039?tab=detail&rf=Y,충청북도 청주시 청원구 주성동 337,충청북도,청주시,청원구,주성동,,충청북도 청주시 청원구 율량로 135,0.0,191,17,1411.0,1.79
[주성동],105039,2,대원칸타빌3차,2015.03.,789.0,33.24,109.91,25.54,84.44,118,,,,,,,,,3,2,계단식,109C,25.0,23.0,https://new.land.naver.com/complexes/105039?tab=detail&rf=Y,충청북도 청주시 청원구 주성동 337,충청북도,청주시,청원구,주성동,,충청북도 청주시 청원구 율량로 135,0.0,191,17,1411.0,1.79
[주성동],105039,3,대원칸타빌3차,2015.03.,789.0,33.64,111.23,25.7,84.97,94,,,,,,,,,3,2,계단식,111B,25.0,23.0,https://new.land.naver.com/complexes/105039?tab=detail&rf=Y,충청북도 청주시 청원구 주성동 337,충청북도,청주시,청원구,주성동,,충청북도 청주시 청원구 율량로 135,0.0,191,17,1411.0,1.79
[주성동],105039,4,대원칸타빌3차,2015.03.,789.0,39.75,131.41,31.98,105.73,391,,,,,,,,,3,2,계단식,131,25.0,23.0,https://new.land.naver.com/complexes/105039?tab=detail&rf=Y,충청북도 청주시 청원구 주성동 337,충청북도,청주시,청원구,주성동,,충청북도 청주시 청원구 율량로 135,0.0,191,17,1411.0,1.79
[주성동],105039,5,대원칸타빌3차,2015.03.,789.0,49.86,164.84,39.91,131.94,18,,,,,,,,,5,3,계단식,164,25.0,23.0,https://new.land.naver.com/complexes/105039?tab=detail&rf=Y,충청북도 청주시 청원구 주성동 337,충청북도,청주시,청원구,주성동,,충청북도 청주시 청원구 율량로 135,0.0,191,17,1411.0,1.79
[주중동],123851,1,금원휴빌리지(도시형),2017.01.,32.0,29.53,97.65,25.68,84.9,32,,,,,,,,,3,2,계단식,97,4.0,4.0,https://new.land.naver.com/complexes/123851?tab=detail&rf=Y,충청북도 청주시 청원구 주중동 186-8,충청북도,청주시,청원구,주중동,,충청북도 청주시 청원구 공항로220번길 111,0.0,61,0,41.0,1.28
[주중동],121642,1,어웰휴빌리지(도시형),2016.06.,72.0,29.53,97.65,25.68,84.9,40,,,,,,,,,3,2,계단식,97A,4.0,4.0,https://new.land.naver.com/complexes/121642?tab=detail&rf=Y,충청북도 청주시 청원구 주중동 186-46,충청북도,청주시,청원구,주중동,,충청북도 청주시 청원구 공항로220번길 100,0.0,0,0,96.0,1.33
[주중동],121642,2,어웰휴빌리지(도시형),2016.06.,72.0,29.56,97.73,25.7,84.98,32,,,,,,,,,3,2,계단식,97B,4.0,4.0,https://new.land.naver.com/complexes/121642?tab=detail&rf=Y,충청북도 청주시 청원구 주중동 186-46,충청북도,청주시,청원구,주중동,,충청북도 청주시 청원구 공항로220번길 100,0.0,0,0,96.0,1.33
[주중동],103963,1,대원칸타빌2차,2014.04.,780.0,33.04,109.24,25.64,84.79,414,,,,,,,,,3,2,계단식,109A,25.0,22.0,https://new.land.naver.com/complexes/103963?tab=detail&rf=Y,충청북도 청주시 청원구 주중동 1023,충청북도,청주시,청원구,주중동,,충청북도 청주시 청원구 율량로 77,0.0,199,12,1175.0,1.51
[주중동],103963,2,대원칸타빌2차,2014.04.,780.0,33.23,109.86,25.54,84.43,207,,,,,,,,,3,2,계단식,109B,25.0,22.0,https://new.land.naver.com/complexes/103963?tab=detail&rf=Y,충청북도 청주시 청원구 주중동 1023,충청북도,청주시,청원구,주중동,,충청북도 청주시 청원구 율량로 77,0.0,199,12,1175.0,1.51
[주중동],103963,3,대원칸타빌2차,2014.04.,780.0,33.04,109.23,25.54,84.45,159,,,,,,,,,3,2,계단식,109C,25.0,22.0,https://new.land.naver.com/complexes/103963?tab=detail&rf=Y,충청북도 청주시 청원구 주중동 1023,충청북도,청주시,청원구,주중동,,충청북도 청주시 청원구 율량로 77,0.0,199,12,1175.0,1.51
