[강동동],144763,1,에코델타시티한양수자인,2024.06.,554.0,38.52,127.34,30.86,102.02,312,,,,,,,,,3,2,계단식,127A,24.0,12.0,https://new.land.naver.com/complexes/144763?tab=detail&rf=Y,부산시 강서구 강동동 공동21BL,부산시,강서구,강동동,,,부산시 강서구,0.0,199,17,979.0,1.77
[강동동],144763,2,에코델타시티한양수자인,2024.06.,554.0,40.58,134.16,32.62,107.84,68,,,,,,,,,3,2,계단식,134A,24.0,12.0,https://new.land.naver.com/complexes/144763?tab=detail&rf=Y,부산시 강서구 강동동 공동21BL,부산시,강서구,강동동,,,부산시 강서구,0.0,199,17,979.0,1.77
[강동동],144763,3,에코델타시티한양수자인,2024.06.,554.0,49.66,164.19,40.06,132.46,95,,,,,,,,,4,2,계단식,164B,24.0,12.0,https://new.land.naver.com/complexes/144763?tab=detail&rf=Y,부산시 강서구 강동동 공동21BL,부산시,강서구,강동동,,,부산시 강서구,0.0,199,17,979.0,1.77
[강동동],144763,4,에코델타시티한양수자인,2024.06.,554.0,49.71,164.34,40.0,132.24,32,,,,,,,,,4,2,계단식,164C,24.0,12.0,https://new.land.naver.com/complexes/144763?tab=detail&rf=Y,부산시 강서구 강동동 공동21BL,부산시,강서구,강동동,,,부산시 강서구,0.0,199,17,979.0,1.77
[강동동],144763,5,에코델타시티한양수자인,2024.06.,554.0,49.93,165.07,40.22,132.96,47,,,,,,,,,4,2,계단식,165A,24.0,12.0,https://new.land.naver.com/complexes/144763?tab=detail&rf=Y,부산시 강서구 강동동 공동21BL,부산시,강서구,강동동,,,부산시 강서구,0.0,199,17,979.0,1.77
[녹산동],119433,1,유나베네스1차,2017.09.,28.0,22.7,75.05,18.82,62.24,8,,,,,,,,,3,2,계단식,75,11.0,11.0,https://new.land.naver.com/complexes/119433?tab=detail&rf=Y,부산시 강서구 녹산동 262-1,부산시,강서구,녹산동,,,부산시 강서구 화전산업대로 272-9,0.0,194,23,26.0,0.93
[녹산동],119433,2,유나베네스1차,2017.09.,28.0,26.34,87.08,21.93,72.52,20,,,,,,,,,3,2,계단식,87,11.0,11.0,https://new.land.naver.com/complexes/119433?tab=detail&rf=Y,부산시 강서구 녹산동 262-1,부산시,강서구,녹산동,,,부산시 강서구 화전산업대로 272-9,0.0,194,23,26.0,0.93
[녹산동],119502,1,유나베네스2차,2017.11.,28.0,20.22,66.85,15.66,51.8,4,,,,,,,,,3,1,복도식,66,11.0,11.0,https://new.land.naver.com/complexes/119502?tab=detail&rf=Y,부산시 강서구 녹산동 287,부산시,강서구,녹산동,,,부산시 강서구 화전산업대로 272-11,0.0,199,22,25.0,0.89
[녹산동],119502,2,유나베네스2차,2017.11.,28.0,20.62,68.17,16.0,52.91,4,,,,,,,,,3,1,복도식,68,11.0,11.0,https://new.land.naver.com/complexes/119502?tab=detail&rf=Y,부산시 강서구 녹산동 287,부산시,강서구,녹산동,,,부산시 강서구 화전산업대로 272-11,0.0,199,22,25.0,0.89
[녹산동],119502,3,유나베네스2차,2017.11.,28.0,26.69,88.26,21.56,71.3,20,,,,,,,,,3,2,복도식,88,11.0,11.0,https://new.land.naver.com/complexes/119502?tab=detail&rf=Y,부산시 강서구 녹산동 287,부산시,강서구,녹산동,,,부산시 강서구 화전산업대로 272-11,0.0,199,22,25.0,0.89
[대저1동],135286,1,우창팰리스,2017.05.,16.0,23.91,79.06,19.78,65.4,16,,,,,,,,,3,2,계단식,79,9.0,9.0,https://new.land.naver.com/complexes/135286?tab=detail&rf=Y,부산시 강서구 대저1동 1728-1,부산시,강서구,대저1동,,,부산시 강서구 낙동북로187번길 10,0.0,199,27,19.0,1.19
[대저1동],125041,1,우창더뷰,2019.03.,47.0,19.6,64.82,15.76,52.12,10,,,,,,,,,2,1,계단식,64A,11.0,9.0,https://new.land.naver.com/complexes/125041?tab=detail&rf=Y,부산시 강서구 대저1동 7375,부산시,강서구,대저1동,,,부산시 강서구 대저중앙로 9,0.0,198,27,47.0,1.0
[대저1동],125041,2,우창더뷰,2019.03.,47.0,20.45,67.62,16.49,54.52,10,,,,,,,,,3,1,계단식,67C,11.0,9.0,https://new.land.naver.com/complexes/125041?tab=detail&rf=Y,부산시 강서구 대저1동 7375,부산시,강서구,대저1동,,,부산시 강서구 대저중앙로 9,0.0,198,27,47.0,1.0
[대저1동],125041,3,우창더뷰,2019.03.,47.0,20.32,67.2,16.43,54.34,8,,,,,,,,,3,1,계단식,67B,11.0,9.0,https://new.land.naver.com/complexes/125041?tab=detail&rf=Y,부산시 강서구 대저1동 7375,부산시,강서구,대저1동,,,부산시 강서구 대저중앙로 9,0.0,198,27,47.0,1.0
[대저1동],125041,4,우창더뷰,2019.03.,47.0,26.12,86.35,20.78,68.7,9,,,,,,,,,3,2,계단식,86,11.0,9.0,https://new.land.naver.com/complexes/125041?tab=detail&rf=Y,부산시 강서구 대저1동 7375,부산시,강서구,대저1동,,,부산시 강서구 대저중앙로 9,0.0,198,27,47.0,1.0
[대저1동],125041,5,우창더뷰,2019.03.,47.0,27.94,92.39,22.57,74.62,10,,,,,,,,,3,2,계단식,92,11.0,9.0,https://new.land.naver.com/complexes/125041?tab=detail&rf=Y,부산시 강서구 대저1동 7375,부산시,강서구,대저1동,,,부산시 강서구 대저중앙로 9,0.0,198,27,47.0,1.0
[대저1동],127136,1,외진가센트럴타워,2019.07.,77.0,16.74,55.36,11.94,39.5,2,,,,,,,,,2,1,계단식,55,20.0,16.0,https://new.land.naver.com/complexes/127136?tab=detail&rf=Y,부산시 강서구 대저1동 2388-17,부산시,강서구,대저1동,,,부산시 강서구 대저로273번길 25,12.0,528,64,80.0,1.04
[대저1동],127136,2,외진가센트럴타워,2019.07.,77.0,17.62,58.25,12.37,40.91,14,,,,,,,,,2,1,계단식,58,20.0,16.0,https://new.land.naver.com/complexes/127136?tab=detail&rf=Y,부산시 강서구 대저1동 2388-17,부산시,강서구,대저1동,,,부산시 강서구 대저로273번길 25,12.0,528,64,80.0,1.04
[대저1동],127136,3,외진가센트럴타워,2019.07.,77.0,19.12,63.22,13.31,44.0,14,,,,,,,,,2,1,계단식,63,20.0,16.0,https://new.land.naver.com/complexes/127136?tab=detail&rf=Y,부산시 강서구 대저1동 2388-17,부산시,강서구,대저1동,,,부산시 강서구 대저로273번길 25,12.0,528,64,80.0,1.04
[대저1동],127136,4,외진가센트럴타워,2019.07.,77.0,26.51,87.64,18.63,61.59,17,,,,,,,,,3,2,계단식,87A,20.0,16.0,https://new.land.naver.com/complexes/127136?tab=detail&rf=Y,부산시 강서구 대저1동 2388-17,부산시,강서구,대저1동,,,부산시 강서구 대저로273번길 25,12.0,528,64,80.0,1.04
[대저1동],127136,5,외진가센트럴타워,2019.07.,77.0,26.4,87.28,18.66,61.7,14,,,,,,,,,3,2,계단식,87B,20.0,16.0,https://new.land.naver.com/complexes/127136?tab=detail&rf=Y,부산시 강서구 대저1동 2388-17,부산시,강서구,대저1동,,,부산시 강서구 대저로273번길 25,12.0,528,64,80.0,1.04
[대저1동],127136,6,외진가센트럴타워,2019.07.,77.0,30.66,101.38,21.55,71.27,3,,,,,,,,,3,2,계단식,101,20.0,16.0,https://new.land.naver.com/complexes/127136?tab=detail&rf=Y,부산시 강서구 대저1동 2388-17,부산시,강서구,대저1동,,,부산시 강서구 대저로273번길 25,12.0,528,64,80.0,1.04
[대저1동],127136,7,외진가센트럴타워,2019.07.,77.0,37.99,125.61,26.29,86.93,1,,,,,,,,,3,2,계단식,125,20.0,16.0,https://new.land.naver.com/complexes/127136?tab=detail&rf=Y,부산시 강서구 대저1동 2388-17,부산시,강서구,대저1동,,,부산시 강서구 대저로273번길 25,12.0,528,64,80.0,1.04
[대저1동],121320,1,태원더블루원,2017.12.,36.0,20.87,69.02,15.29,50.55,4,,,,,,,,,2,1,복도식,69A,15.0,15.0,https://new.land.naver.com/complexes/121320?tab=detail&rf=Y,부산시 강서구 대저1동 2338-2,부산시,강서구,대저1동,,,부산시 강서구 대저로 286,0.0,496,53,36.0,1.0
[대저1동],121320,2,태원더블루원,2017.12.,36.0,21.05,69.6,15.53,51.36,4,,,,,,,,,2,1,복도식,69B,15.0,15.0,https://new.land.naver.com/complexes/121320?tab=detail&rf=Y,부산시 강서구 대저1동 2338-2,부산시,강서구,대저1동,,,부산시 강서구 대저로 286,0.0,496,53,36.0,1.0
[대저1동],121320,3,태원더블루원,2017.12.,36.0,22.4,74.07,16.45,54.41,4,,,,,,,,,2,1,복도식,74,15.0,15.0,https://new.land.naver.com/complexes/121320?tab=detail&rf=Y,부산시 강서구 대저1동 2338-2,부산시,강서구,대저1동,,,부산시 강서구 대저로 286,0.0,496,53,36.0,1.0
[대저1동],121320,4,태원더블루원,2017.12.,36.0,25.05,82.84,18.36,60.72,12,,,,,,,,,3,2,복도식,82A,15.0,15.0,https://new.land.naver.com/complexes/121320?tab=detail&rf=Y,부산시 강서구 대저1동 2338-2,부산시,강서구,대저1동,,,부산시 강서구 대저로 286,0.0,496,53,36.0,1.0
[대저1동],121320,5,태원더블루원,2017.12.,36.0,25.33,83.74,18.61,61.53,12,,,,,,,,,3,2,복도식,83B,15.0,15.0,https://new.land.naver.com/complexes/121320?tab=detail&rf=Y,부산시 강서구 대저1동 2338-2,부산시,강서구,대저1동,,,부산시 강서구 대저로 286,0.0,496,53,36.0,1.0
[동선동],127946,1,팰리스(도시형),2015.03.,8.0,17.76,58.74,15.88,52.5,8,,,,,,,,,3,2,계단식,58,4.0,4.0,https://new.land.naver.com/complexes/127946?tab=detail&rf=Y,부산시 강서구 동선동 245-2,부산시,강서구,동선동,,,부산시 강서구 동선길 57-25,0.0,79,19,6.0,0.75
[명지동],113505,1,e편한세상명지,2019.02.,377.0,34.45,113.9,26.61,87.98,71,,,,,,,,,3,2,계단식,113C,27.0,27.0,https://new.land.naver.com/complexes/113505?tab=detail&rf=Y,부산시 강서구 명지동 3599-1,부산시,강서구,명지동,,,부산시 강서구 명지국제2로 80,0.0,415,59,794.0,2.11
[명지동],113505,2,e편한세상명지,2019.02.,377.0,34.54,114.21,26.61,87.98,71,,,,,,,,,3,2,계단식,114B,27.0,27.0,https://new.land.naver.com/complexes/113505?tab=detail&rf=Y,부산시 강서구 명지동 3599-1,부산시,강서구,명지동,,,부산시 강서구 명지국제2로 80,0.0,415,59,794.0,2.11
[명지동],113505,3,e편한세상명지,2019.02.,377.0,35.17,116.29,26.57,87.85,140,,,,,,,,,3,2,계단식,116A,27.0,27.0,https://new.land.naver.com/complexes/113505?tab=detail&rf=Y,부산시 강서구 명지동 3599-1,부산시,강서구,명지동,,,부산시 강서구 명지국제2로 80,0.0,415,59,794.0,2.11
[명지동],113505,4,e편한세상명지,2019.02.,377.0,38.83,128.38,29.93,98.96,24,,,,,,,,,4,2,계단식,128B,27.0,27.0,https://new.land.naver.com/complexes/113505?tab=detail&rf=Y,부산시 강서구 명지동 3599-1,부산시,강서구,명지동,,,부산시 강서구 명지국제2로 80,0.0,415,59,794.0,2.11
[명지동],113505,5,e편한세상명지,2019.02.,377.0,38.91,128.63,29.93,98.97,24,,,,,,,,,4,2,계단식,128C,27.0,27.0,https://new.land.naver.com/complexes/113505?tab=detail&rf=Y,부산시 강서구 명지동 3599-1,부산시,강서구,명지동,,,부산시 강서구 명지국제2로 80,0.0,415,59,794.0,2.11
[명지동],113505,6,e편한세상명지,2019.02.,377.0,39.37,130.17,29.93,98.96,47,,,,,,,,,4,2,계단식,130A,27.0,27.0,https://new.land.naver.com/complexes/113505?tab=detail&rf=Y,부산시 강서구 명지동 3599-1,부산시,강서구,명지동,,,부산시 강서구 명지국제2로 80,0.0,415,59,794.0,2.11
[명지동],109074,1,명지국제신도시호반베르디움2차,2017.01.,694.0,28.28,93.5,21.41,70.8,174,,,,,,,,,3,2,계단식,93A,29.0,29.0,https://new.land.naver.com/complexes/109074?tab=detail&rf=Y,부산시 강서구 명지동 3344,부산시,강서구,명지동,,,부산시 강서구 명지국제5로 89,0.0,219,12,757.0,1.09
[명지동],109074,2,명지국제신도시호반베르디움2차,2017.01.,694.0,28.23,93.34,21.39,70.74,56,,,,,,,,,3,2,계단식,93B,29.0,29.0,https://new.land.naver.com/complexes/109074?tab=detail&rf=Y,부산시 강서구 명지동 3344,부산시,강서구,명지동,,,부산시 강서구 명지국제5로 89,0.0,219,12,757.0,1.09
[명지동],109074,3,명지국제신도시호반베르디움2차,2017.01.,694.0,28.55,94.39,21.42,70.81,58,,,,,,,,,4,2,계단식,94C,29.0,29.0,https://new.land.naver.com/complexes/109074?tab=detail&rf=Y,부산시 강서구 명지동 3344,부산시,강서구,명지동,,,부산시 강서구 명지국제5로 89,0.0,219,12,757.0,1.09
[명지동],109074,4,명지국제신도시호반베르디움2차,2017.01.,694.0,33.66,111.28,25.65,84.8,406,,,,,,,,,4,2,계단식,111,29.0,29.0,https://new.land.naver.com/complexes/109074?tab=detail&rf=Y,부산시 강서구 명지동 3344,부산시,강서구,명지동,,,부산시 강서구 명지국제5로 89,0.0,219,12,757.0,1.09
[명지동],104870,1,명지오션시티삼정그린코아,2014.07.,610.0,28.76,95.09,21.38,70.69,199,,,,,,,,,3,2,계단식,95,10.0,10.0,https://new.land.naver.com/complexes/104870?tab=detail&rf=Y,부산시 강서구 명지동 3246,부산시,강서구,명지동,,,부산시 강서구 명지오션시티10로 114,0.0,198,29,649.0,1.06
[명지동],104870,2,명지오션시티삼정그린코아,2014.07.,610.0,28.76,95.08,21.38,70.69,1,,,,,,,,,3,2,계단식,95A,10.0,10.0,https://new.land.naver.com/complexes/104870?tab=detail&rf=Y,부산시 강서구 명지동 3246,부산시,강서구,명지동,,,부산시 강서구 명지오션시티10로 114,0.0,198,29,649.0,1.06
[명지동],104870,3,명지오션시티삼정그린코아,2014.07.,610.0,31.93,105.56,23.94,79.17,150,,,,,,,,,3,2,계단식,105,10.0,10.0,https://new.land.naver.com/complexes/104870?tab=detail&rf=Y,부산시 강서구 명지동 3246,부산시,강서구,명지동,,,부산시 강서구 명지오션시티10로 114,0.0,198,29,649.0,1.06
[명지동],104870,4,명지오션시티삼정그린코아,2014.07.,610.0,34.26,113.28,25.69,84.95,120,,,,,,,,,3,2,계단식,113B,10.0,10.0,https://new.land.naver.com/complexes/104870?tab=detail&rf=Y,부산시 강서구 명지동 3246,부산시,강서구,명지동,,,부산시 강서구 명지오션시티10로 114,0.0,198,29,649.0,1.06
[명지동],104870,5,명지오션시티삼정그린코아,2014.07.,610.0,34.31,113.45,25.69,84.94,100,,,,,,,,,3,2,계단식,113A,10.0,10.0,https://new.land.naver.com/complexes/104870?tab=detail&rf=Y,부산시 강서구 명지동 3246,부산시,강서구,명지동,,,부산시 강서구 명지오션시티10로 114,0.0,198,29,649.0,1.06
[명지동],104870,6,명지오션시티삼정그린코아,2014.07.,610.0,39.62,131.0,29.7,98.2,40,,,,,,,,,4,2,계단식,131,10.0,10.0,https://new.land.naver.com/complexes/104870?tab=detail&rf=Y,부산시 강서구 명지동 3246,부산시,강서구,명지동,,,부산시 강서구 명지오션시티10로 114,0.0,198,29,649.0,1.06
[명지동],102843,1,명지두산위브포세이돈,2013.03.,1256.0,28.31,93.61,21.43,70.86,120,,,,,,,,,3,2,계단식,93,15.0,14.0,https://new.land.naver.com/complexes/102843?tab=detail&rf=Y,부산시 강서구 명지동 3234,부산시,강서구,명지동,,,부산시 강서구 명지오션시티11로 22,0.0,210,21,1449.0,1.15
[명지동],102843,2,명지두산위브포세이돈,2013.03.,1256.0,33.21,109.81,25.7,84.98,237,,,,,,,,,3,2,계단식,109C,15.0,14.0,https://new.land.naver.com/complexes/102843?tab=detail&rf=Y,부산시 강서구 명지동 3234,부산시,강서구,명지동,,,부산시 강서구 명지오션시티11로 22,0.0,210,21,1449.0,1.15
[명지동],102843,3,명지두산위브포세이돈,2013.03.,1256.0,33.74,111.57,25.7,84.98,480,,,,,,,,,3,2,계단식,111A,15.0,14.0,https://new.land.naver.com/complexes/102843?tab=detail&rf=Y,부산시 강서구 명지동 3234,부산시,강서구,명지동,,,부산시 강서구 명지오션시티11로 22,0.0,210,21,1449.0,1.15
[명지동],102843,4,명지두산위브포세이돈,2013.03.,1256.0,33.92,112.16,25.7,84.97,300,,,,,,,,,3,2,계단식,112B,15.0,14.0,https://new.land.naver.com/complexes/102843?tab=detail&rf=Y,부산시 강서구 명지동 3234,부산시,강서구,명지동,,,부산시 강서구 명지오션시티11로 22,0.0,210,21,1449.0,1.15
[명지동],102843,5,명지두산위브포세이돈,2013.03.,1256.0,34.18,113.0,25.7,84.98,60,,,,,,,,,3,2,계단식,113D,15.0,14.0,https://new.land.naver.com/complexes/102843?tab=detail&rf=Y,부산시 강서구 명지동 3234,부산시,강서구,명지동,,,부산시 강서구 명지오션시티11로 22,0.0,210,21,1449.0,1.15
[명지동],102843,6,명지두산위브포세이돈,2013.03.,1256.0,49.72,164.37,38.65,127.79,59,,,,,,,,,4,2,계단식,164,15.0,14.0,https://new.land.naver.com/complexes/102843?tab=detail&rf=Y,부산시 강서구 명지동 3234,부산시,강서구,명지동,,,부산시 강서구 명지오션시티11로 22,0.0,210,21,1449.0,1.15
[명지동],108371,1,명지협성휴포레,2016.11.,1664.0,22.22,73.48,16.42,54.31,399,,,,,,,,,3,2,계단식,73A,20.0,20.0,https://new.land.naver.com/complexes/108371?tab=detail&rf=Y,부산시 강서구 명지동 3328,부산시,강서구,명지동,,,부산시 강서구 명지국제5로 141,0.0,218,18,1705.0,1.02
[명지동],108371,2,명지협성휴포레,2016.11.,1664.0,22.15,73.24,16.4,54.22,100,,,,,,,,,3,2,계단식,73A1,20.0,20.0,https://new.land.naver.com/complexes/108371?tab=detail&rf=Y,부산시 강서구 명지동 3328,부산시,강서구,명지동,,,부산시 강서구 명지국제5로 141,0.0,218,18,1705.0,1.02
[명지동],108371,3,명지협성휴포레,2016.11.,1664.0,24.75,81.84,18.14,59.98,707,,,,,,,,,3,2,계단식,81B,20.0,20.0,https://new.land.naver.com/complexes/108371?tab=detail&rf=Y,부산시 강서구 명지동 3328,부산시,강서구,명지동,,,부산시 강서구 명지국제5로 141,0.0,218,18,1705.0,1.02
[명지동],108371,4,명지협성휴포레,2016.11.,1664.0,24.69,81.63,18.12,59.93,100,,,,,,,,,3,2,계단식,81B1,20.0,20.0,https://new.land.naver.com/complexes/108371?tab=detail&rf=Y,부산시 강서구 명지동 3328,부산시,강서구,명지동,,,부산시 강서구 명지국제5로 141,0.0,218,18,1705.0,1.02
[명지동],108371,5,명지협성휴포레,2016.11.,1664.0,24.92,82.39,18.13,59.95,198,,,,,,,,,3,2,계단식,82C,20.0,20.0,https://new.land.naver.com/complexes/108371?tab=detail&rf=Y,부산시 강서구 명지동 3328,부산시,강서구,명지동,,,부산시 강서구 명지국제5로 141,0.0,218,18,1705.0,1.02
[명지동],108371,6,명지협성휴포레,2016.11.,1664.0,24.86,82.19,18.12,59.92,160,,,,,,,,,3,2,계단식,82D,20.0,20.0,https://new.land.naver.com/complexes/108371?tab=detail&rf=Y,부산시 강서구 명지동 3328,부산시,강서구,명지동,,,부산시 강서구 명지국제5로 141,0.0,218,18,1705.0,1.02
[명지동],26079,1,엘크루블루오션5단지,2012.06.,375.0,46.01,152.13,37.65,124.47,80,,,,,,,,,4,2,계단식,152B,10.0,5.0,https://new.land.naver.com/complexes/26079?tab=detail&rf=Y,부산시 강서구 명지동 3243,부산시,강서구,명지동,,,부산시 강서구 명지오션시티12로 92,0.0,138,24,857.0,2.29
[명지동],26079,2,엘크루블루오션5단지,2012.06.,375.0,54.48,180.12,44.62,147.52,40,,,,,,,,,3,2,계단식,180B,10.0,5.0,https://new.land.naver.com/complexes/26079?tab=detail&rf=Y,부산시 강서구 명지동 3243,부산시,강서구,명지동,,,부산시 강서구 명지오션시티12로 92,0.0,138,24,857.0,2.29
[명지동],26079,3,엘크루블루오션5단지,2012.06.,375.0,54.75,181.02,44.76,147.97,100,,,,,,,,,3,2,계단식,181A,10.0,5.0,https://new.land.naver.com/complexes/26079?tab=detail&rf=Y,부산시 강서구 명지동 3243,부산시,강서구,명지동,,,부산시 강서구 명지오션시티12로 92,0.0,138,24,857.0,2.29
[명지동],26079,4,엘크루블루오션5단지,2012.06.,375.0,64.89,214.53,54.61,180.56,16,,,,,,,,,4,2,계단식,214,10.0,5.0,https://new.land.naver.com/complexes/26079?tab=detail&rf=Y,부산시 강서구 명지동 3243,부산시,강서구,명지동,,,부산시 강서구 명지오션시티12로 92,0.0,138,24,857.0,2.29
[명지동],26079,5,엘크루블루오션5단지,2012.06.,375.0,66.0,218.21,54.44,179.97,70,,,,,,,,,3,2,계단식,218,10.0,5.0,https://new.land.naver.com/complexes/26079?tab=detail&rf=Y,부산시 강서구 명지동 3243,부산시,강서구,명지동,,,부산시 강서구 명지오션시티12로 92,0.0,138,24,857.0,2.29
[명지동],26079,6,엘크루블루오션5단지,2012.06.,375.0,68.44,226.28,57.36,189.65,2,,,,,,,,,3,3,계단식,226B,10.0,5.0,https://new.land.naver.com/complexes/26079?tab=detail&rf=Y,부산시 강서구 명지동 3243,부산시,강서구,명지동,,,부산시 강서구 명지오션시티12로 92,0.0,138,24,857.0,2.29
[명지동],26079,7,엘크루블루오션5단지,2012.06.,375.0,68.87,227.67,56.32,186.21,16,,,,,,,,,3,3,계단식,227A,10.0,5.0,https://new.land.naver.com/complexes/26079?tab=detail&rf=Y,부산시 강서구 명지동 3243,부산시,강서구,명지동,,,부산시 강서구 명지오션시티12로 92,0.0,138,24,857.0,2.29
[명지동],26079,8,엘크루블루오션5단지,2012.06.,375.0,77.89,257.52,66.39,219.5,19,,,,,,,,,4,2,계단식,257,10.0,5.0,https://new.land.naver.com/complexes/26079?tab=detail&rf=Y,부산시 강서구 명지동 3243,부산시,강서구,명지동,,,부산시 강서구 명지오션시티12로 92,0.0,138,24,857.0,2.29
[명지동],26079,9,엘크루블루오션5단지,2012.06.,375.0,79.43,262.59,66.28,219.11,5,,,,,,,,,5,2,계단식,262,10.0,5.0,https://new.land.naver.com/complexes/26079?tab=detail&rf=Y,부산시 강서구 명지동 3243,부산시,강서구,명지동,,,부산시 강서구 명지오션시티12로 92,0.0,138,24,857.0,2.29
[명지동],26079,10,엘크루블루오션5단지,2012.06.,375.0,87.37,288.83,73.86,244.19,3,,,,,,,,,4,3,계단식,288B,10.0,5.0,https://new.land.naver.com/complexes/26079?tab=detail&rf=Y,부산시 강서구 명지동 3243,부산시,강서구,명지동,,,부산시 강서구 명지오션시티12로 92,0.0,138,24,857.0,2.29
[명지동],26079,11,엘크루블루오션5단지,2012.06.,375.0,88.55,292.76,74.05,244.81,24,,,,,,,,,4,3,계단식,292A,10.0,5.0,https://new.land.naver.com/complexes/26079?tab=detail&rf=Y,부산시 강서구 명지동 3243,부산시,강서구,명지동,,,부산시 강서구 명지오션시티12로 92,0.0,138,24,857.0,2.29
[명지동],109854,1,부산명지중흥S-클래스에듀오션,2018.02.,750.0,27.59,91.21,20.45,67.62,234,,,,,,,,,3,2,계단식,91,20.0,14.0,https://new.land.naver.com/complexes/109854?tab=detail&rf=Y,부산시 강서구 명지동 3350,부산시,강서구,명지동,,,부산시 강서구 명지국제5로 90,0.0,199,17,858.0,1.14
[명지동],109854,2,부산명지중흥S-클래스에듀오션,2018.02.,750.0,30.52,100.92,22.82,75.45,178,,,,,,,,,3,2,계단식,100A,20.0,14.0,https://new.land.naver.com/complexes/109854?tab=detail&rf=Y,부산시 강서구 명지동 3350,부산시,강서구,명지동,,,부산시 강서구 명지국제5로 90,0.0,199,17,858.0,1.14
[명지동],109854,3,부산명지중흥S-클래스에듀오션,2018.02.,750.0,30.84,101.98,22.97,75.95,118,,,,,,,,,3,2,계단식,101B,20.0,14.0,https://new.land.naver.com/complexes/109854?tab=detail&rf=Y,부산시 강서구 명지동 3350,부산시,강서구,명지동,,,부산시 강서구 명지국제5로 90,0.0,199,17,858.0,1.14
[명지동],109854,4,부산명지중흥S-클래스에듀오션,2018.02.,750.0,34.48,113.99,25.6,84.66,220,,,,,,,,,3,2,계단식,113,20.0,14.0,https://new.land.naver.com/complexes/109854?tab=detail&rf=Y,부산시 강서구 명지동 3350,부산시,강서구,명지동,,,부산시 강서구 명지국제5로 90,0.0,199,17,858.0,1.14
[명지동],107737,1,명지금강펜테리움센트럴파크2차,2016.03.,670.0,26.99,89.23,20.16,66.66,220,,,,,,,,,3,2,계단식,89A,29.0,26.0,https://new.land.naver.com/complexes/107737?tab=detail&rf=Y,부산시 강서구 명지동 3343,부산시,강서구,명지동,,,부산시 강서구 명지국제5로 109,0.0,214,13,740.0,1.1
[명지동],107737,2,명지금강펜테리움센트럴파크2차,2016.03.,670.0,26.97,89.18,19.98,66.06,55,,,,,,,,,3,2,계단식,89B,29.0,26.0,https://new.land.naver.com/complexes/107737?tab=detail&rf=Y,부산시 강서구 명지동 3343,부산시,강서구,명지동,,,부산시 강서구 명지국제5로 109,0.0,214,13,740.0,1.1
[명지동],107737,3,명지금강펜테리움센트럴파크2차,2016.03.,670.0,26.96,89.13,20.12,66.52,55,,,,,,,,,3,2,계단식,89C,29.0,26.0,https://new.land.naver.com/complexes/107737?tab=detail&rf=Y,부산시 강서구 명지동 3343,부산시,강서구,명지동,,,부산시 강서구 명지국제5로 109,0.0,214,13,740.0,1.1
[명지동],107737,4,명지금강펜테리움센트럴파크2차,2016.03.,670.0,33.79,111.73,25.48,84.25,282,,,,,,,,,3,2,계단식,111A,29.0,26.0,https://new.land.naver.com/complexes/107737?tab=detail&rf=Y,부산시 강서구 명지동 3343,부산시,강서구,명지동,,,부산시 강서구 명지국제5로 109,0.0,214,13,740.0,1.1
[명지동],107737,5,명지금강펜테리움센트럴파크2차,2016.03.,670.0,33.96,112.28,25.5,84.32,58,,,,,,,,,3,2,계단식,112B,29.0,26.0,https://new.land.naver.com/complexes/107737?tab=detail&rf=Y,부산시 강서구 명지동 3343,부산시,강서구,명지동,,,부산시 강서구 명지국제5로 109,0.0,214,13,740.0,1.1
[명지동],108771,1,부산명지중흥S-클래스프라디움,2016.12.,1033.0,25.0,82.67,18.14,59.99,393,,,,,,,,,3,2,계단식,82A,29.0,19.0,https://new.land.naver.com/complexes/108771?tab=detail&rf=Y,부산시 강서구 명지동 3400,부산시,강서구,명지동,,,부산시 강서구 명지국제7로 133,0.0,217,14,1194.0,1.16
[명지동],108771,2,부산명지중흥S-클래스프라디움,2016.12.,1033.0,25.04,82.8,18.14,59.99,211,,,,,,,,,3,2,계단식,82E,29.0,19.0,https://new.land.naver.com/complexes/108771?tab=detail&rf=Y,부산시 강서구 명지동 3400,부산시,강서구,명지동,,,부산시 강서구 명지국제7로 133,0.0,217,14,1194.0,1.16
[명지동],108771,3,부산명지중흥S-클래스프라디움,2016.12.,1033.0,25.09,82.95,18.14,59.99,156,,,,,,,,,3,2,계단식,82D,29.0,19.0,https://new.land.naver.com/complexes/108771?tab=detail&rf=Y,부산시 강서구 명지동 3400,부산시,강서구,명지동,,,부산시 강서구 명지국제7로 133,0.0,217,14,1194.0,1.16
[명지동],108771,4,부산명지중흥S-클래스프라디움,2016.12.,1033.0,25.05,82.81,18.14,59.98,150,,,,,,,,,3,2,계단식,82A1,29.0,19.0,https://new.land.naver.com/complexes/108771?tab=detail&rf=Y,부산시 강서구 명지동 3400,부산시,강서구,명지동,,,부산시 강서구 명지국제7로 133,0.0,217,14,1194.0,1.16
[명지동],108771,5,부산명지중흥S-클래스프라디움,2016.12.,1033.0,25.21,83.36,18.14,59.99,58,,,,,,,,,3,2,계단식,83B,29.0,19.0,https://new.land.naver.com/complexes/108771?tab=detail&rf=Y,부산시 강서구 명지동 3400,부산시,강서구,명지동,,,부산시 강서구 명지국제7로 133,0.0,217,14,1194.0,1.16
[명지동],108771,6,부산명지중흥S-클래스프라디움,2016.12.,1033.0,25.21,83.37,18.14,59.99,20,,,,,,,,,3,2,계단식,83B1,29.0,19.0,https://new.land.naver.com/complexes/108771?tab=detail&rf=Y,부산시 강서구 명지동 3400,부산시,강서구,명지동,,,부산시 강서구 명지국제7로 133,0.0,217,14,1194.0,1.16
[명지동],108771,7,부산명지중흥S-클래스프라디움,2016.12.,1033.0,25.45,84.16,18.14,59.97,45,,,,,,,,,3,2,계단식,84C,29.0,19.0,https://new.land.naver.com/complexes/108771?tab=detail&rf=Y,부산시 강서구 명지동 3400,부산시,강서구,명지동,,,부산시 강서구 명지국제7로 133,0.0,217,14,1194.0,1.16
[명지동],25769,1,명지롯데캐슬,2008.12.,1122.0,33.08,109.36,25.69,84.94,350,,,,,,,,,3,2,계단식,109A,15.0,12.0,https://new.land.naver.com/complexes/25769?tab=detail&rf=Y,부산시 강서구 명지동 3244,부산시,강서구,명지동,,,부산시 강서구 명지오션시티11로 84,0.0,219,19,1690.0,1.51
[명지동],25769,2,명지롯데캐슬,2008.12.,1122.0,33.46,110.63,25.69,84.93,206,,,,,,,,,3,2,계단식,110B,15.0,12.0,https://new.land.naver.com/complexes/25769?tab=detail&rf=Y,부산시 강서구 명지동 3244,부산시,강서구,명지동,,,부산시 강서구 명지오션시티11로 84,0.0,219,19,1690.0,1.51
[명지동],25769,3,명지롯데캐슬,2008.12.,1122.0,38.96,128.8,30.81,101.88,266,,,,,,,,,3,2,계단식,128,15.0,12.0,https://new.land.naver.com/complexes/25769?tab=detail&rf=Y,부산시 강서구 명지동 3244,부산시,강서구,명지동,,,부산시 강서구 명지오션시티11로 84,0.0,219,19,1690.0,1.51
[명지동],25769,4,명지롯데캐슬,2008.12.,1122.0,46.37,153.29,38.05,125.79,90,,,,,,,,,4,2,계단식,153B,15.0,12.0,https://new.land.naver.com/complexes/25769?tab=detail&rf=Y,부산시 강서구 명지동 3244,부산시,강서구,명지동,,,부산시 강서구 명지오션시티11로 84,0.0,219,19,1690.0,1.51
[명지동],25769,5,명지롯데캐슬,2008.12.,1122.0,46.83,154.82,38.34,126.77,90,,,,,,,,,4,2,계단식,154A,15.0,12.0,https://new.land.naver.com/complexes/25769?tab=detail&rf=Y,부산시 강서구 명지동 3244,부산시,강서구,명지동,,,부산시 강서구 명지오션시티11로 84,0.0,219,19,1690.0,1.51
[명지동],25769,6,명지롯데캐슬,2008.12.,1122.0,54.39,179.81,44.75,147.94,120,,,,,,,,,4,2,계단식,179,15.0,12.0,https://new.land.naver.com/complexes/25769?tab=detail&rf=Y,부산시 강서구 명지동 3244,부산시,강서구,명지동,,,부산시 강서구 명지오션시티11로 84,0.0,219,19,1690.0,1.51
[명지동],26078,1,엘크루블루오션4단지,2012.06.,414.0,46.01,152.13,37.65,124.47,80,,,,,,,,,4,2,계단식,152B,10.0,3.0,https://new.land.naver.com/complexes/26078?tab=detail&rf=Y,부산시 강서구 명지동 3243,부산시,강서구,명지동,,,부산시 강서구 명지오션시티6로 33,0.0,126,22,946.0,2.29
[명지동],26078,2,엘크루블루오션4단지,2012.06.,414.0,46.91,155.09,37.72,124.71,40,,,,,,,,,4,2,계단식,155A,10.0,3.0,https://new.land.naver.com/complexes/26078?tab=detail&rf=Y,부산시 강서구 명지동 3243,부산시,강서구,명지동,,,부산시 강서구 명지오션시티6로 33,0.0,126,22,946.0,2.29
[명지동],26078,3,엘크루블루오션4단지,2012.06.,414.0,54.65,180.67,44.76,147.97,120,,,,,,,,,4,2,계단식,180A,10.0,3.0,https://new.land.naver.com/complexes/26078?tab=detail&rf=Y,부산시 강서구 명지동 3243,부산시,강서구,명지동,,,부산시 강서구 명지오션시티6로 33,0.0,126,22,946.0,2.29
[명지동],26078,4,엘크루블루오션4단지,2012.06.,414.0,54.48,180.12,44.62,147.52,40,,,,,,,,,4,2,계단식,180B,10.0,3.0,https://new.land.naver.com/complexes/26078?tab=detail&rf=Y,부산시 강서구 명지동 3243,부산시,강서구,명지동,,,부산시 강서구 명지오션시티6로 33,0.0,126,22,946.0,2.29
[명지동],26078,5,엘크루블루오션4단지,2012.06.,414.0,65.49,216.5,54.61,180.56,13,,,,,,,,,4,2,계단식,216,10.0,3.0,https://new.land.naver.com/complexes/26078?tab=detail&rf=Y,부산시 강서구 명지동 3243,부산시,강서구,명지동,,,부산시 강서구 명지오션시티6로 33,0.0,126,22,946.0,2.29
[명지동],26078,6,엘크루블루오션4단지,2012.06.,414.0,66.01,218.24,54.44,179.97,55,,,,,,,,,5,2,계단식,218,10.0,3.0,https://new.land.naver.com/complexes/26078?tab=detail&rf=Y,부산시 강서구 명지동 3243,부산시,강서구,명지동,,,부산시 강서구 명지오션시티6로 33,0.0,126,22,946.0,2.29
[명지동],26078,7,엘크루블루오션4단지,2012.06.,414.0,69.42,229.5,57.36,189.65,9,,,,,,,,,4,3,계단식,229,10.0,3.0,https://new.land.naver.com/complexes/26078?tab=detail&rf=Y,부산시 강서구 명지동 3243,부산시,강서구,명지동,,,부산시 강서구 명지오션시티6로 33,0.0,126,22,946.0,2.29
[명지동],26078,8,엘크루블루오션4단지,2012.06.,414.0,76.0,251.25,63.74,210.74,20,,,,,,,,,4,3,계단식,251,10.0,3.0,https://new.land.naver.com/complexes/26078?tab=detail&rf=Y,부산시 강서구 명지동 3243,부산시,강서구,명지동,,,부산시 강서구 명지오션시티6로 33,0.0,126,22,946.0,2.29
[명지동],26078,9,엘크루블루오션4단지,2012.06.,414.0,78.77,260.42,66.39,219.5,18,,,,,,,,,4,2,계단식,260A,10.0,3.0,https://new.land.naver.com/complexes/26078?tab=detail&rf=Y,부산시 강서구 명지동 3243,부산시,강서구,명지동,,,부산시 강서구 명지오션시티6로 33,0.0,126,22,946.0,2.29
[명지동],26078,10,엘크루블루오션4단지,2012.06.,414.0,79.11,261.53,66.28,219.11,5,,,,,,,,,4,2,계단식,261B,10.0,3.0,https://new.land.naver.com/complexes/26078?tab=detail&rf=Y,부산시 강서구 명지동 3243,부산시,강서구,명지동,,,부산시 강서구 명지오션시티6로 33,0.0,126,22,946.0,2.29
[명지동],26078,11,엘크루블루오션4단지,2012.06.,414.0,88.67,293.13,73.86,244.19,14,,,,,,,,,4,3,계단식,293B,10.0,3.0,https://new.land.naver.com/complexes/26078?tab=detail&rf=Y,부산시 강서구 명지동 3243,부산시,강서구,명지동,,,부산시 강서구 명지오션시티6로 33,0.0,126,22,946.0,2.29
[명지동],113098,1,명지더웨스턴,2018.06.,1201.0,30.88,102.11,22.57,74.62,532,,,,,,,,,3,2,계단식,102A1,21.0,19.0,https://new.land.naver.com/complexes/113098?tab=detail&rf=Y,부산시 강서구 명지동 3399,부산시,강서구,명지동,,,부산시 강서구 명지국제7로 111,0.0,219,18,1329.0,1.11
[명지동],113098,2,명지더웨스턴,2018.06.,1201.0,30.88,102.11,22.57,74.62,175,,,,,,,,,3,2,계단식,102A2,21.0,19.0,https://new.land.naver.com/complexes/113098?tab=detail&rf=Y,부산시 강서구 명지동 3399,부산시,강서구,명지동,,,부산시 강서구 명지국제7로 111,0.0,219,18,1329.0,1.11
[명지동],113098,3,명지더웨스턴,2018.06.,1201.0,30.96,102.36,22.62,74.8,124,,,,,,,,,4,2,계단식,102B,21.0,19.0,https://new.land.naver.com/complexes/113098?tab=detail&rf=Y,부산시 강서구 명지동 3399,부산시,강서구,명지동,,,부산시 강서구 명지국제7로 111,0.0,219,18,1329.0,1.11
[명지동],113098,4,명지더웨스턴,2018.06.,1201.0,35.02,115.78,25.59,84.61,166,,,,,,,,,3,2,계단식,115A1,21.0,19.0,https://new.land.naver.com/complexes/113098?tab=detail&rf=Y,부산시 강서구 명지동 3399,부산시,강서구,명지동,,,부산시 강서구 명지국제7로 111,0.0,219,18,1329.0,1.11
[명지동],113098,5,명지더웨스턴,2018.06.,1201.0,35.0,115.71,25.57,84.56,103,,,,,,,,,4,2,계단식,115B,21.0,19.0,https://new.land.naver.com/complexes/113098?tab=detail&rf=Y,부산시 강서구 명지동 3399,부산시,강서구,명지동,,,부산시 강서구 명지국제7로 111,0.0,219,18,1329.0,1.11
[명지동],113098,6,명지더웨스턴,2018.06.,1201.0,35.02,115.78,25.59,84.61,101,,,,,,,,,3,2,계단식,115A2,21.0,19.0,https://new.land.naver.com/complexes/113098?tab=detail&rf=Y,부산시 강서구 명지동 3399,부산시,강서구,명지동,,,부산시 강서구 명지국제7로 111,0.0,219,18,1329.0,1.11
[명지동],116374,1,부산명지중흥S-클래스더테라스(도시형),2019.01.,222.0,33.55,110.94,25.45,84.15,51,,,,,,,,,3,2,계단식,110A1,4.0,4.0,https://new.land.naver.com/complexes/116374?tab=detail&rf=Y,부산시 강서구 명지동 3478-4,부산시,강서구,명지동,,,부산시 강서구 명지국제13로38번길 11,0.0,93,39,317.0,1.43
[명지동],116374,2,부산명지중흥S-클래스더테라스(도시형),2019.01.,222.0,33.72,111.48,25.54,84.46,53,,,,,,,,,3,2,계단식,111A3,4.0,4.0,https://new.land.naver.com/complexes/116374?tab=detail&rf=Y,부산시 강서구 명지동 3478-4,부산시,강서구,명지동,,,부산시 강서구 명지국제13로38번길 11,0.0,93,39,317.0,1.43
[명지동],116374,3,부산명지중흥S-클래스더테라스(도시형),2019.01.,222.0,33.71,111.46,25.54,84.46,53,,,,,,,,,3,2,계단식,111A4,4.0,4.0,https://new.land.naver.com/complexes/116374?tab=detail&rf=Y,부산시 강서구 명지동 3478-4,부산시,강서구,명지동,,,부산시 강서구 명지국제13로38번길 11,0.0,93,39,317.0,1.43
[명지동],116374,4,부산명지중흥S-클래스더테라스(도시형),2019.01.,222.0,33.92,112.15,25.67,84.89,53,,,,,,,,,3,2,계단식,112A2,4.0,4.0,https://new.land.naver.com/complexes/116374?tab=detail&rf=Y,부산시 강서구 명지동 3478-4,부산시,강서구,명지동,,,부산시 강서구 명지국제13로38번길 11,0.0,93,39,317.0,1.43
[명지동],116374,5,부산명지중흥S-클래스더테라스(도시형),2019.01.,222.0,33.96,112.29,25.67,84.88,3,,,,,,,,,3,2,계단식,112B1,4.0,4.0,https://new.land.naver.com/complexes/116374?tab=detail&rf=Y,부산시 강서구 명지동 3478-4,부산시,강서구,명지동,,,부산시 강서구 명지국제13로38번길 11,0.0,93,39,317.0,1.43
[명지동],116374,6,부산명지중흥S-클래스더테라스(도시형),2019.01.,222.0,33.98,112.34,25.68,84.92,3,,,,,,,,,3,2,계단식,112B2,4.0,4.0,https://new.land.naver.com/complexes/116374?tab=detail&rf=Y,부산시 강서구 명지동 3478-4,부산시,강서구,명지동,,,부산시 강서구 명지국제13로38번길 11,0.0,93,39,317.0,1.43
[명지동],116374,7,부산명지중흥S-클래스더테라스(도시형),2019.01.,222.0,34.38,113.67,25.56,84.5,3,,,,,,,,,3,2,계단식,113B3,4.0,4.0,https://new.land.naver.com/complexes/116374?tab=detail&rf=Y,부산시 강서구 명지동 3478-4,부산시,강서구,명지동,,,부산시 강서구 명지국제13로38번길 11,0.0,93,39,317.0,1.43
[명지동],116374,8,부산명지중흥S-클래스더테라스(도시형),2019.01.,222.0,34.38,113.67,25.56,84.5,3,,,,,,,,,3,2,계단식,113B4,4.0,4.0,https://new.land.naver.com/complexes/116374?tab=detail&rf=Y,부산시 강서구 명지동 3478-4,부산시,강서구,명지동,,,부산시 강서구 명지국제13로38번길 11,0.0,93,39,317.0,1.43
[명지동],119328,1,더샵명지퍼스트월드2단지,2020.08.,1406.0,32.99,109.06,24.43,80.78,118,,,,,,,,,3,2,계단식,109A,30.0,30.0,https://new.land.naver.com/complexes/119328?tab=detail&rf=Y,부산시 강서구 명지동 3594,부산시,강서구,명지동,,,부산시 강서구 명지국제7로 37,0.0,333,23,1690.0,1.2
[명지동],119328,2,더샵명지퍼스트월드2단지,2020.08.,1406.0,34.63,114.48,25.7,84.99,756,,,,,,,,,3,2,계단식,114A,30.0,30.0,https://new.land.naver.com/complexes/119328?tab=detail&rf=Y,부산시 강서구 명지동 3594,부산시,강서구,명지동,,,부산시 강서구 명지국제7로 37,0.0,333,23,1690.0,1.2
[명지동],119328,3,더샵명지퍼스트월드2단지,2020.08.,1406.0,34.79,115.02,25.69,84.95,292,,,,,,,,,3,2,계단식,115B,30.0,30.0,https://new.land.naver.com/complexes/119328?tab=detail&rf=Y,부산시 강서구 명지동 3594,부산시,강서구,명지동,,,부산시 강서구 명지국제7로 37,0.0,333,23,1690.0,1.2
[명지동],119328,4,더샵명지퍼스트월드2단지,2020.08.,1406.0,40.88,135.16,30.22,99.92,120,,,,,,,,,3,2,계단식,135,30.0,30.0,https://new.land.naver.com/complexes/119328?tab=detail&rf=Y,부산시 강서구 명지동 3594,부산시,강서구,명지동,,,부산시 강서구 명지국제7로 37,0.0,333,23,1690.0,1.2
[명지동],119328,5,더샵명지퍼스트월드2단지,2020.08.,1406.0,46.04,152.21,34.46,113.93,120,,,,,,,,,3,2,계단식,152,30.0,30.0,https://new.land.naver.com/complexes/119328?tab=detail&rf=Y,부산시 강서구 명지동 3594,부산시,강서구,명지동,,,부산시 강서구 명지국제7로 37,0.0,333,23,1690.0,1.2
[명지동],105610,1,명지오션시티한신휴플러스,2014.08.,841.0,29.82,98.58,22.58,74.65,130,,,,,,,,,3,2,계단식,98B,11.0,6.0,https://new.land.naver.com/complexes/105610?tab=detail&rf=Y,부산시 강서구 명지동 3236,부산시,강서구,명지동,,,부산시 강서구 명지오션시티1로 155,0.0,167,28,932.0,1.11
[명지동],105610,2,명지오션시티한신휴플러스,2014.08.,841.0,30.01,99.21,22.6,74.74,45,,,,,,,,,3,2,계단식,99A,11.0,6.0,https://new.land.naver.com/complexes/105610?tab=detail&rf=Y,부산시 강서구 명지동 3236,부산시,강서구,명지동,,,부산시 강서구 명지오션시티1로 155,0.0,167,28,932.0,1.11
[명지동],105610,3,명지오션시티한신휴플러스,2014.08.,841.0,33.62,111.17,25.7,84.99,120,,,,,,,,,3,2,계단식,111D,11.0,6.0,https://new.land.naver.com/complexes/105610?tab=detail&rf=Y,부산시 강서구 명지동 3236,부산시,강서구,명지동,,,부산시 강서구 명지오션시티1로 155,0.0,167,28,932.0,1.11
[명지동],105610,4,명지오션시티한신휴플러스,2014.08.,841.0,33.68,111.34,25.7,84.99,120,,,,,,,,,3,2,계단식,111E,11.0,6.0,https://new.land.naver.com/complexes/105610?tab=detail&rf=Y,부산시 강서구 명지동 3236,부산시,강서구,명지동,,,부산시 강서구 명지오션시티1로 155,0.0,167,28,932.0,1.11
[명지동],105610,5,명지오션시티한신휴플러스,2014.08.,841.0,33.83,111.85,25.7,84.99,80,,,,,,,,,3,2,계단식,111A,11.0,6.0,https://new.land.naver.com/complexes/105610?tab=detail&rf=Y,부산시 강서구 명지동 3236,부산시,강서구,명지동,,,부산시 강서구 명지오션시티1로 155,0.0,167,28,932.0,1.11
[명지동],105610,6,명지오션시티한신휴플러스,2014.08.,841.0,34.12,112.8,25.7,84.99,211,,,,,,,,,3,2,계단식,112C,11.0,6.0,https://new.land.naver.com/complexes/105610?tab=detail&rf=Y,부산시 강서구 명지동 3236,부산시,강서구,명지동,,,부산시 강서구 명지오션시티1로 155,0.0,167,28,932.0,1.11
[명지동],105610,7,명지오션시티한신휴플러스,2014.08.,841.0,33.95,112.25,25.7,84.99,135,,,,,,,,,3,2,계단식,112B,11.0,6.0,https://new.land.naver.com/complexes/105610?tab=detail&rf=Y,부산시 강서구 명지동 3236,부산시,강서구,명지동,,,부산시 강서구 명지오션시티1로 155,0.0,167,28,932.0,1.11
[명지동],107717,1,명지국제신도시호반베르디움1차,2016.02.,642.0,27.12,89.68,20.24,66.91,98,,,,,,,,,3,2,계단식,89,25.0,17.0,https://new.land.naver.com/complexes/107717?tab=detail&rf=Y,부산시 강서구 명지동 3415,부산시,강서구,명지동,,,부산시 강서구 명지국제5로 29,0.0,194,15,718.0,1.12
[명지동],107717,2,명지국제신도시호반베르디움1차,2016.02.,642.0,30.2,99.84,22.66,74.93,224,,,,,,,,,3,2,계단식,99A,25.0,17.0,https://new.land.naver.com/complexes/107717?tab=detail&rf=Y,부산시 강서구 명지동 3415,부산시,강서구,명지동,,,부산시 강서구 명지국제5로 29,0.0,194,15,718.0,1.12
[명지동],107717,3,명지국제신도시호반베르디움1차,2016.02.,642.0,30.09,99.5,22.63,74.81,94,,,,,,,,,3,2,계단식,99B,25.0,17.0,https://new.land.naver.com/complexes/107717?tab=detail&rf=Y,부산시 강서구 명지동 3415,부산시,강서구,명지동,,,부산시 강서구 명지국제5로 29,0.0,194,15,718.0,1.12
[명지동],107717,4,명지국제신도시호반베르디움1차,2016.02.,642.0,34.33,113.5,25.7,84.96,226,,,,,,,,,4,2,계단식,113,25.0,17.0,https://new.land.naver.com/complexes/107717?tab=detail&rf=Y,부산시 강서구 명지동 3415,부산시,강서구,명지동,,,부산시 강서구 명지국제5로 29,0.0,194,15,718.0,1.12
[명지동],106554,1,명지대방노블랜드오션뷰1차,2015.12.,737.0,35.05,115.88,25.68,84.91,311,,,,,,,,,3,2,계단식,115A,20.0,16.0,https://new.land.naver.com/complexes/106554?tab=detail&rf=Y,부산시 강서구 명지동 3423,부산시,강서구,명지동,,,부산시 강서구 명지국제5로 30,0.0,199,17,836.0,1.13
[명지동],106554,2,명지대방노블랜드오션뷰1차,2015.12.,737.0,35.37,116.93,25.69,84.93,426,,,,,,,,,3,2,계단식,116B,20.0,16.0,https://new.land.naver.com/complexes/106554?tab=detail&rf=Y,부산시 강서구 명지동 3423,부산시,강서구,명지동,,,부산시 강서구 명지국제5로 30,0.0,199,17,836.0,1.13
[명지동],112596,1,명지국제신도시삼정그린코아더베스트,2019.08.,431.0,33.91,112.11,25.68,84.9,53,,,,,,,,,3,2,계단식,112B,30.0,30.0,https://new.land.naver.com/complexes/112596?tab=detail&rf=Y,부산시 강서구 명지동 3599-3,부산시,강서구,명지동,,,부산시 강서구 명지국제3로 97,0.0,645,50,1167.0,2.71
[명지동],112596,2,명지국제신도시삼정그린코아더베스트,2019.08.,431.0,34.5,114.06,25.7,84.97,54,,,,,,,,,3,2,계단식,114A,30.0,30.0,https://new.land.naver.com/complexes/112596?tab=detail&rf=Y,부산시 강서구 명지동 3599-3,부산시,강서구,명지동,,,부산시 강서구 명지국제3로 97,0.0,645,50,1167.0,2.71
[명지동],112596,3,명지국제신도시삼정그린코아더베스트,2019.08.,431.0,40.58,134.15,30.8,101.84,108,,,,,,,,,4,2,계단식,134B,30.0,30.0,https://new.land.naver.com/complexes/112596?tab=detail&rf=Y,부산시 강서구 명지동 3599-3,부산시,강서구,명지동,,,부산시 강서구 명지국제3로 97,0.0,645,50,1167.0,2.71
[명지동],112596,4,명지국제신도시삼정그린코아더베스트,2019.08.,431.0,40.9,135.23,30.57,101.07,108,,,,,,,,,3,2,계단식,135A,30.0,30.0,https://new.land.naver.com/complexes/112596?tab=detail&rf=Y,부산시 강서구 명지동 3599-3,부산시,강서구,명지동,,,부산시 강서구 명지국제3로 97,0.0,645,50,1167.0,2.71
[명지동],112596,5,명지국제신도시삼정그린코아더베스트,2019.08.,431.0,45.32,149.84,34.08,112.67,54,,,,,,,,,4,2,계단식,149A,30.0,30.0,https://new.land.naver.com/complexes/112596?tab=detail&rf=Y,부산시 강서구 명지동 3599-3,부산시,강서구,명지동,,,부산시 강서구 명지국제3로 97,0.0,645,50,1167.0,2.71
[명지동],112596,6,명지국제신도시삼정그린코아더베스트,2019.08.,431.0,45.23,149.54,34.52,114.14,54,,,,,,,,,4,2,계단식,149B,30.0,30.0,https://new.land.naver.com/complexes/112596?tab=detail&rf=Y,부산시 강서구 명지동 3599-3,부산시,강서구,명지동,,,부산시 강서구 명지국제3로 97,0.0,645,50,1167.0,2.71
[명지동],107738,1,명지대방노블랜드오션뷰2차,2016.04.,600.0,34.07,112.64,25.7,84.99,320,,,,,,,,,3,2,계단식,112A,20.0,20.0,https://new.land.naver.com/complexes/107738?tab=detail&rf=Y,부산시 강서구 명지동 3417,부산시,강서구,명지동,,,부산시 강서구 명지국제5로 11,0.0,179,14,679.0,1.13
[명지동],107738,2,명지대방노블랜드오션뷰2차,2016.04.,600.0,34.24,113.21,25.7,84.99,280,,,,,,,,,3,2,계단식,113B,20.0,20.0,https://new.land.naver.com/complexes/107738?tab=detail&rf=Y,부산시 강서구 명지동 3417,부산시,강서구,명지동,,,부산시 강서구 명지국제5로 11,0.0,179,14,679.0,1.13
[명지동],25241,1,영어도시퀸덤1차링컨타운,2009.05.,1102.0,33.23,109.87,25.66,84.85,118,,,,,,,,,3,2,계단식,109A,15.0,13.0,https://new.land.naver.com/complexes/25241?tab=detail&rf=Y,부산시 강서구 명지동 3231,부산시,강서구,명지동,,,부산시 강서구 명지오션시티10로 16,0.0,217,24,1556.0,1.41
[명지동],25241,2,영어도시퀸덤1차링컨타운,2009.05.,1102.0,33.0,109.12,25.7,84.97,118,,,,,,,,,3,2,계단식,109B,15.0,13.0,https://new.land.naver.com/complexes/25241?tab=detail&rf=Y,부산시 강서구 명지동 3231,부산시,강서구,명지동,,,부산시 강서구 명지오션시티10로 16,0.0,217,24,1556.0,1.41
[명지동],25241,3,영어도시퀸덤1차링컨타운,2009.05.,1102.0,34.63,114.48,25.66,84.84,105,,,,,,,,,3,2,계단식,114A,15.0,13.0,https://new.land.naver.com/complexes/25241?tab=detail&rf=Y,부산시 강서구 명지동 3231,부산시,강서구,명지동,,,부산시 강서구 명지오션시티10로 16,0.0,217,24,1556.0,1.41
[명지동],25241,4,영어도시퀸덤1차링컨타운,2009.05.,1102.0,34.57,114.3,25.65,84.81,88,,,,,,,,,3,2,계단식,114B,15.0,13.0,https://new.land.naver.com/complexes/25241?tab=detail&rf=Y,부산시 강서구 명지동 3231,부산시,강서구,명지동,,,부산시 강서구 명지오션시티10로 16,0.0,217,24,1556.0,1.41
[명지동],25241,5,영어도시퀸덤1차링컨타운,2009.05.,1102.0,39.51,130.64,30.67,101.4,260,,,,,,,,,3,2,계단식,130C,15.0,13.0,https://new.land.naver.com/complexes/25241?tab=detail&rf=Y,부산시 강서구 명지동 3231,부산시,강서구,명지동,,,부산시 강서구 명지오션시티10로 16,0.0,217,24,1556.0,1.41
[명지동],25241,6,영어도시퀸덤1차링컨타운,2009.05.,1102.0,39.55,130.75,30.81,101.86,30,,,,,,,,,3,2,계단식,130A,15.0,13.0,https://new.land.naver.com/complexes/25241?tab=detail&rf=Y,부산시 강서구 명지동 3231,부산시,강서구,명지동,,,부산시 강서구 명지오션시티10로 16,0.0,217,24,1556.0,1.41
[명지동],25241,7,영어도시퀸덤1차링컨타운,2009.05.,1102.0,39.88,131.84,30.81,101.88,30,,,,,,,,,3,2,계단식,131B,15.0,13.0,https://new.land.naver.com/complexes/25241?tab=detail&rf=Y,부산시 강서구 명지동 3231,부산시,강서구,명지동,,,부산시 강서구 명지오션시티10로 16,0.0,217,24,1556.0,1.41
[명지동],25241,8,영어도시퀸덤1차링컨타운,2009.05.,1102.0,39.9,131.93,30.81,101.86,28,,,,,,,,,3,2,계단식,131D,15.0,13.0,https://new.land.naver.com/complexes/25241?tab=detail&rf=Y,부산시 강서구 명지동 3231,부산시,강서구,명지동,,,부산시 강서구 명지오션시티10로 16,0.0,217,24,1556.0,1.41
[명지동],25241,9,영어도시퀸덤1차링컨타운,2009.05.,1102.0,46.07,152.33,35.47,117.27,160,,,,,,,,,4,2,계단식,152A,15.0,13.0,https://new.land.naver.com/complexes/25241?tab=detail&rf=Y,부산시 강서구 명지동 3231,부산시,강서구,명지동,,,부산시 강서구 명지오션시티10로 16,0.0,217,24,1556.0,1.41
[명지동],25241,10,영어도시퀸덤1차링컨타운,2009.05.,1102.0,46.47,153.63,35.09,116.02,70,,,,,,,,,4,2,계단식,153C,15.0,13.0,https://new.land.naver.com/complexes/25241?tab=detail&rf=Y,부산시 강서구 명지동 3231,부산시,강서구,명지동,,,부산시 강서구 명지오션시티10로 16,0.0,217,24,1556.0,1.41
[명지동],25241,11,영어도시퀸덤1차링컨타운,2009.05.,1102.0,46.39,153.36,35.25,116.55,30,,,,,,,,,4,2,계단식,153B,15.0,13.0,https://new.land.naver.com/complexes/25241?tab=detail&rf=Y,부산시 강서구 명지동 3231,부산시,강서구,명지동,,,부산시 강서구 명지오션시티10로 16,0.0,217,24,1556.0,1.41
[명지동],25241,12,영어도시퀸덤1차링컨타운,2009.05.,1102.0,55.09,182.13,43.71,144.5,60,,,,,,,,,4,2,계단식,182,15.0,13.0,https://new.land.naver.com/complexes/25241?tab=detail&rf=Y,부산시 강서구 명지동 3231,부산시,강서구,명지동,,,부산시 강서구 명지오션시티10로 16,0.0,217,24,1556.0,1.41
[명지동],25241,13,영어도시퀸덤1차링컨타운,2009.05.,1102.0,87.7,289.92,70.2,232.09,5,,,,,,,,,3,3,계단식,289,15.0,13.0,https://new.land.naver.com/complexes/25241?tab=detail&rf=Y,부산시 강서구 명지동 3231,부산시,강서구,명지동,,,부산시 강서구 명지오션시티10로 16,0.0,217,24,1556.0,1.41
[명지동],24757,1,영어도시퀸덤1차에디슨타운,2009.05.,652.0,33.27,109.99,25.66,84.85,50,,,,,,,,,3,2,계단식,109A,15.0,12.0,https://new.land.naver.com/complexes/24757?tab=detail&rf=Y,부산시 강서구 명지동 3230-11,부산시,강서구,명지동,,,부산시 강서구 명지오션시티10로 17,0.0,212,23,941.0,1.44
[명지동],24757,2,영어도시퀸덤1차에디슨타운,2009.05.,652.0,33.04,109.24,25.7,84.97,50,,,,,,,,,3,2,계단식,109B,15.0,12.0,https://new.land.naver.com/complexes/24757?tab=detail&rf=Y,부산시 강서구 명지동 3230-11,부산시,강서구,명지동,,,부산시 강서구 명지오션시티10로 17,0.0,212,23,941.0,1.44
[명지동],24757,3,영어도시퀸덤1차에디슨타운,2009.05.,652.0,34.59,114.35,25.65,84.81,90,,,,,,,,,3,2,계단식,114B,15.0,12.0,https://new.land.naver.com/complexes/24757?tab=detail&rf=Y,부산시 강서구 명지동 3230-11,부산시,강서구,명지동,,,부산시 강서구 명지오션시티10로 17,0.0,212,23,941.0,1.44
[명지동],24757,4,영어도시퀸덤1차에디슨타운,2009.05.,652.0,34.9,115.39,25.66,84.84,60,,,,,,,,,3,2,계단식,115A,15.0,12.0,https://new.land.naver.com/complexes/24757?tab=detail&rf=Y,부산시 강서구 명지동 3230-11,부산시,강서구,명지동,,,부산시 강서구 명지오션시티10로 17,0.0,212,23,941.0,1.44
[명지동],24757,5,영어도시퀸덤1차에디슨타운,2009.05.,652.0,39.99,132.2,30.67,101.4,90,,,,,,,,,3,2,계단식,132C,15.0,12.0,https://new.land.naver.com/complexes/24757?tab=detail&rf=Y,부산시 강서구 명지동 3230-11,부산시,강서구,명지동,,,부산시 강서구 명지오션시티10로 17,0.0,212,23,941.0,1.44
[명지동],24757,6,영어도시퀸덤1차에디슨타운,2009.05.,652.0,39.95,132.08,30.81,101.86,78,,,,,,,,,3,2,계단식,132D,15.0,12.0,https://new.land.naver.com/complexes/24757?tab=detail&rf=Y,부산시 강서구 명지동 3230-11,부산시,강서구,명지동,,,부산시 강서구 명지오션시티10로 17,0.0,212,23,941.0,1.44
[명지동],24757,7,영어도시퀸덤1차에디슨타운,2009.05.,652.0,46.9,155.05,35.47,117.27,187,,,,,,,,,4,2,계단식,155A,15.0,12.0,https://new.land.naver.com/complexes/24757?tab=detail&rf=Y,부산시 강서구 명지동 3230-11,부산시,강서구,명지동,,,부산시 강서구 명지오션시티10로 17,0.0,212,23,941.0,1.44
[명지동],24757,8,영어도시퀸덤1차에디슨타운,2009.05.,652.0,55.18,182.42,43.71,144.5,43,,,,,,,,,4,2,계단식,182,15.0,12.0,https://new.land.naver.com/complexes/24757?tab=detail&rf=Y,부산시 강서구 명지동 3230-11,부산시,강서구,명지동,,,부산시 강서구 명지오션시티10로 17,0.0,212,23,941.0,1.44
[명지동],24757,9,영어도시퀸덤1차에디슨타운,2009.05.,652.0,87.84,290.39,70.2,232.09,4,,,,,,,,,3,3,계단식,290,15.0,12.0,https://new.land.naver.com/complexes/24757?tab=detail&rf=Y,부산시 강서구 명지동 3230-11,부산시,강서구,명지동,,,부산시 강서구 명지오션시티10로 17,0.0,212,23,941.0,1.44
[명지동],24846,1,영어도시퀸덤1차아인슈타인타운,2009.05.,1112.0,33.23,109.86,25.66,84.85,240,,,,,,,,,3,2,계단식,109A,15.0,13.0,https://new.land.naver.com/complexes/24846?tab=detail&rf=Y,부산시 강서구 명지동 3232,부산시,강서구,명지동,,,부산시 강서구 명지오션시티11로 51,0.0,215,22,1576.0,1.42
[명지동],24846,2,영어도시퀸덤1차아인슈타인타운,2009.05.,1112.0,33.0,109.11,25.7,84.97,240,,,,,,,,,3,2,계단식,109B,15.0,13.0,https://new.land.naver.com/complexes/24846?tab=detail&rf=Y,부산시 강서구 명지동 3232,부산시,강서구,명지동,,,부산시 강서구 명지오션시티11로 51,0.0,215,22,1576.0,1.42
[명지동],24846,3,영어도시퀸덤1차아인슈타인타운,2009.05.,1112.0,39.37,130.16,30.67,101.4,136,,,,,,,,,3,2,계단식,130C,15.0,13.0,https://new.land.naver.com/complexes/24846?tab=detail&rf=Y,부산시 강서구 명지동 3232,부산시,강서구,명지동,,,부산시 강서구 명지오션시티11로 51,0.0,215,22,1576.0,1.42
[명지동],24846,4,영어도시퀸덤1차아인슈타인타운,2009.05.,1112.0,39.55,130.75,30.81,101.86,30,,,,,,,,,3,2,계단식,130A,15.0,13.0,https://new.land.naver.com/complexes/24846?tab=detail&rf=Y,부산시 강서구 명지동 3232,부산시,강서구,명지동,,,부산시 강서구 명지오션시티11로 51,0.0,215,22,1576.0,1.42
[명지동],24846,5,영어도시퀸덤1차아인슈타인타운,2009.05.,1112.0,39.88,131.86,30.81,101.86,116,,,,,,,,,3,2,계단식,131D,15.0,13.0,https://new.land.naver.com/complexes/24846?tab=detail&rf=Y,부산시 강서구 명지동 3232,부산시,강서구,명지동,,,부산시 강서구 명지오션시티11로 51,0.0,215,22,1576.0,1.42
[명지동],24846,6,영어도시퀸덤1차아인슈타인타운,2009.05.,1112.0,46.32,153.13,35.47,117.27,214,,,,,,,,,4,2,계단식,153A,15.0,13.0,https://new.land.naver.com/complexes/24846?tab=detail&rf=Y,부산시 강서구 명지동 3232,부산시,강서구,명지동,,,부산시 강서구 명지오션시티11로 51,0.0,215,22,1576.0,1.42
[명지동],24846,7,영어도시퀸덤1차아인슈타인타운,2009.05.,1112.0,46.37,153.31,35.09,116.02,68,,,,,,,,,4,2,계단식,153C,15.0,13.0,https://new.land.naver.com/complexes/24846?tab=detail&rf=Y,부산시 강서구 명지동 3232,부산시,강서구,명지동,,,부산시 강서구 명지오션시티11로 51,0.0,215,22,1576.0,1.42
[명지동],24846,8,영어도시퀸덤1차아인슈타인타운,2009.05.,1112.0,55.02,181.91,43.71,144.5,68,,,,,,,,,4,2,계단식,181,15.0,13.0,https://new.land.naver.com/complexes/24846?tab=detail&rf=Y,부산시 강서구 명지동 3232,부산시,강서구,명지동,,,부산시 강서구 명지오션시티11로 51,0.0,215,22,1576.0,1.42
[명지동],100118,1,명지오션시티엘크루솔마레,2014.11.,480.0,29.98,99.11,21.99,72.71,52,,,,,,,,,3,2,계단식,99,11.0,5.0,https://new.land.naver.com/complexes/100118?tab=detail&rf=Y,부산시 강서구 명지동 3235,부산시,강서구,명지동,,,부산시 강서구 명지오션시티12로 10,0.0,150,30,554.0,1.15
[명지동],100118,2,명지오션시티엘크루솔마레,2014.11.,480.0,32.26,106.67,23.79,78.65,8,,,,,,,,,3,2,계단식,106,11.0,5.0,https://new.land.naver.com/complexes/100118?tab=detail&rf=Y,부산시 강서구 명지동 3235,부산시,강서구,명지동,,,부산시 강서구 명지오션시티12로 10,0.0,150,30,554.0,1.15
[명지동],100118,3,명지오션시티엘크루솔마레,2014.11.,480.0,33.66,111.28,25.7,84.98,282,,,,,,,,,3,2,계단식,111A,11.0,5.0,https://new.land.naver.com/complexes/100118?tab=detail&rf=Y,부산시 강서구 명지동 3235,부산시,강서구,명지동,,,부산시 강서구 명지오션시티12로 10,0.0,150,30,554.0,1.15
[명지동],100118,4,명지오션시티엘크루솔마레,2014.11.,480.0,33.81,111.79,25.7,84.99,24,,,,,,,,,3,2,계단식,111C,11.0,5.0,https://new.land.naver.com/complexes/100118?tab=detail&rf=Y,부산시 강서구 명지동 3235,부산시,강서구,명지동,,,부산시 강서구 명지오션시티12로 10,0.0,150,30,554.0,1.15
[명지동],100118,5,명지오션시티엘크루솔마레,2014.11.,480.0,33.94,112.2,25.7,84.98,66,,,,,,,,,3,2,계단식,112B,11.0,5.0,https://new.land.naver.com/complexes/100118?tab=detail&rf=Y,부산시 강서구 명지동 3235,부산시,강서구,명지동,,,부산시 강서구 명지오션시티12로 10,0.0,150,30,554.0,1.15
[명지동],100118,6,명지오션시티엘크루솔마레,2014.11.,480.0,36.03,119.14,27.63,91.35,18,,,,,,,,,3,2,계단식,119A,11.0,5.0,https://new.land.naver.com/complexes/100118?tab=detail&rf=Y,부산시 강서구 명지동 3235,부산시,강서구,명지동,,,부산시 강서구 명지오션시티12로 10,0.0,150,30,554.0,1.15
[명지동],100118,7,명지오션시티엘크루솔마레,2014.11.,480.0,36.19,119.66,27.63,91.36,6,,,,,,,,,3,2,계단식,119B,11.0,5.0,https://new.land.naver.com/complexes/100118?tab=detail&rf=Y,부산시 강서구 명지동 3235,부산시,강서구,명지동,,,부산시 강서구 명지오션시티12로 10,0.0,150,30,554.0,1.15
[명지동],100118,8,명지오션시티엘크루솔마레,2014.11.,480.0,36.61,121.05,27.87,92.15,4,,,,,,,,,3,2,계단식,121,11.0,5.0,https://new.land.naver.com/complexes/100118?tab=detail&rf=Y,부산시 강서구 명지동 3235,부산시,강서구,명지동,,,부산시 강서구 명지오션시티12로 10,0.0,150,30,554.0,1.15
[명지동],100118,9,명지오션시티엘크루솔마레,2014.11.,480.0,39.52,130.67,30.84,101.98,16,,,,,,,,,3,2,계단식,130,11.0,5.0,https://new.land.naver.com/complexes/100118?tab=detail&rf=Y,부산시 강서구 명지동 3235,부산시,강서구,명지동,,,부산시 강서구 명지오션시티12로 10,0.0,150,30,554.0,1.15
[명지동],100118,10,명지오션시티엘크루솔마레,2014.11.,480.0,42.13,139.28,32.99,109.07,4,,,,,,,,,3,2,계단식,139,11.0,5.0,https://new.land.naver.com/complexes/100118?tab=detail&rf=Y,부산시 강서구 명지동 3235,부산시,강서구,명지동,,,부산시 강서구 명지오션시티12로 10,0.0,150,30,554.0,1.15
[명지동],106178,1,명지1차금강펜테리움센트럴파크,2015.07.,850.0,26.95,89.1,18.52,61.25,251,,,,,,,,,3,2,계단식,89A,29.0,23.0,https://new.land.naver.com/complexes/106178?tab=detail&rf=Y,부산시 강서구 명지동 3354,부산시,강서구,명지동,,,부산시 강서구 명지국제5로 59,0.0,219,12,931.0,1.1
[명지동],106178,2,명지1차금강펜테리움센트럴파크,2015.07.,850.0,27.28,90.19,18.52,61.25,54,,,,,,,,,3,2,계단식,90B,29.0,23.0,https://new.land.naver.com/complexes/106178?tab=detail&rf=Y,부산시 강서구 명지동 3354,부산시,강서구,명지동,,,부산시 강서구 명지국제5로 59,0.0,219,12,931.0,1.1
[명지동],106178,3,명지1차금강펜테리움센트럴파크,2015.07.,850.0,33.55,110.94,25.52,84.39,80,,,,,,,,,3,2,계단식,110C,29.0,23.0,https://new.land.naver.com/complexes/106178?tab=detail&rf=Y,부산시 강서구 명지동 3354,부산시,강서구,명지동,,,부산시 강서구 명지국제5로 59,0.0,219,12,931.0,1.1
[명지동],106178,4,명지1차금강펜테리움센트럴파크,2015.07.,850.0,34.23,113.19,25.48,84.25,383,,,,,,,,,3,2,계단식,113A,29.0,23.0,https://new.land.naver.com/complexes/106178?tab=detail&rf=Y,부산시 강서구 명지동 3354,부산시,강서구,명지동,,,부산시 강서구 명지국제5로 59,0.0,219,12,931.0,1.1
[명지동],106178,5,명지1차금강펜테리움센트럴파크,2015.07.,850.0,34.61,114.43,25.48,84.24,82,,,,,,,,,3,2,계단식,114B,29.0,23.0,https://new.land.naver.com/complexes/106178?tab=detail&rf=Y,부산시 강서구 명지동 3354,부산시,강서구,명지동,,,부산시 강서구 명지국제5로 59,0.0,219,12,931.0,1.1
[명지동],114880,1,더에듀팰리스부영,2019.01.,1210.0,33.74,111.55,27.71,91.63,530,,,,,,,,,3,2,계단식,111,20.0,18.0,https://new.land.naver.com/complexes/114880?tab=detail&rf=Y,부산시 강서구 명지동 3404,부산시,강서구,명지동,,,부산시 강서구 명지국제7로 110,0.0,199,15,2136.0,1.77
[명지동],114880,2,더에듀팰리스부영,2019.01.,1210.0,48.95,161.82,40.92,135.3,140,,,,,,,,,4,2,계단식,161C,20.0,18.0,https://new.land.naver.com/complexes/114880?tab=detail&rf=Y,부산시 강서구 명지동 3404,부산시,강서구,명지동,,,부산시 강서구 명지국제7로 110,0.0,199,15,2136.0,1.77
[명지동],114880,3,더에듀팰리스부영,2019.01.,1210.0,49.02,162.06,41.07,135.8,400,,,,,,,,,4,2,계단식,162A,20.0,18.0,https://new.land.naver.com/complexes/114880?tab=detail&rf=Y,부산시 강서구 명지동 3404,부산시,강서구,명지동,,,부산시 강서구 명지국제7로 110,0.0,199,15,2136.0,1.77
[명지동],114880,4,더에듀팰리스부영,2019.01.,1210.0,49.05,162.15,41.0,135.55,140,,,,,,,,,4,2,계단식,162B,20.0,18.0,https://new.land.naver.com/complexes/114880?tab=detail&rf=Y,부산시 강서구 명지동 3404,부산시,강서구,명지동,,,부산시 강서구 명지국제7로 110,0.0,199,15,2136.0,1.77
[명지동],26080,1,엘크루블루오션6단지,2012.06.,252.0,46.01,152.13,37.65,124.47,40,,,,,,,,,4,2,계단식,152B,10.0,5.0,https://new.land.naver.com/complexes/26080?tab=detail&rf=Y,부산시 강서구 명지동 3243,부산시,강서구,명지동,,,부산시 강서구 명지오션시티6로 33,0.0,126,22,984.0,3.9
[명지동],26080,2,엘크루블루오션6단지,2012.06.,252.0,46.98,155.33,37.72,124.71,36,,,,,,,,,3,2,계단식,155A,10.0,5.0,https://new.land.naver.com/complexes/26080?tab=detail&rf=Y,부산시 강서구 명지동 3243,부산시,강서구,명지동,,,부산시 강서구 명지오션시티6로 33,0.0,126,22,984.0,3.9
[명지동],26080,3,엘크루블루오션6단지,2012.06.,252.0,54.48,180.12,44.62,147.52,20,,,,,,,,,3,2,계단식,180B,10.0,5.0,https://new.land.naver.com/complexes/26080?tab=detail&rf=Y,부산시 강서구 명지동 3243,부산시,강서구,명지동,,,부산시 강서구 명지오션시티6로 33,0.0,126,22,984.0,3.9
[명지동],26080,4,엘크루블루오션6단지,2012.06.,252.0,54.71,180.87,44.76,147.97,18,,,,,,,,,3,2,계단식,180A,10.0,5.0,https://new.land.naver.com/complexes/26080?tab=detail&rf=Y,부산시 강서구 명지동 3243,부산시,강서구,명지동,,,부산시 강서구 명지오션시티6로 33,0.0,126,22,984.0,3.9
[명지동],26080,5,엘크루블루오션6단지,2012.06.,252.0,65.52,216.62,54.61,180.56,16,,,,,,,,,4,2,계단식,216A,10.0,5.0,https://new.land.naver.com/complexes/26080?tab=detail&rf=Y,부산시 강서구 명지동 3243,부산시,강서구,명지동,,,부산시 강서구 명지오션시티6로 33,0.0,126,22,984.0,3.9
[명지동],26080,6,엘크루블루오션6단지,2012.06.,252.0,66.27,219.09,54.44,179.97,35,,,,,,,,,4,2,계단식,219B,10.0,5.0,https://new.land.naver.com/complexes/26080?tab=detail&rf=Y,부산시 강서구 명지동 3243,부산시,강서구,명지동,,,부산시 강서구 명지오션시티6로 33,0.0,126,22,984.0,3.9
[명지동],26080,7,엘크루블루오션6단지,2012.06.,252.0,67.7,223.82,56.32,186.21,10,,,,,,,,,3,2,계단식,223A,10.0,5.0,https://new.land.naver.com/complexes/26080?tab=detail&rf=Y,부산시 강서구 명지동 3243,부산시,강서구,명지동,,,부산시 강서구 명지오션시티6로 33,0.0,126,22,984.0,3.9
[명지동],26080,8,엘크루블루오션6단지,2012.06.,252.0,69.26,228.98,57.36,189.65,10,,,,,,,,,3,2,계단식,228B,10.0,5.0,https://new.land.naver.com/complexes/26080?tab=detail&rf=Y,부산시 강서구 명지동 3243,부산시,강서구,명지동,,,부산시 강서구 명지오션시티6로 33,0.0,126,22,984.0,3.9
[명지동],26080,9,엘크루블루오션6단지,2012.06.,252.0,76.0,251.25,63.74,210.74,10,,,,,,,,,4,3,계단식,251,10.0,5.0,https://new.land.naver.com/complexes/26080?tab=detail&rf=Y,부산시 강서구 명지동 3243,부산시,강서구,명지동,,,부산시 강서구 명지오션시티6로 33,0.0,126,22,984.0,3.9
[명지동],26080,10,엘크루블루오션6단지,2012.06.,252.0,78.68,260.1,66.39,219.5,24,,,,,,,,,4,2,계단식,260B,10.0,5.0,https://new.land.naver.com/complexes/26080?tab=detail&rf=Y,부산시 강서구 명지동 3243,부산시,강서구,명지동,,,부산시 강서구 명지오션시티6로 33,0.0,126,22,984.0,3.9
[명지동],26080,11,엘크루블루오션6단지,2012.06.,252.0,79.11,261.53,66.28,219.11,5,,,,,,,,,4,3,계단식,261A,10.0,5.0,https://new.land.naver.com/complexes/26080?tab=detail&rf=Y,부산시 강서구 명지동 3243,부산시,강서구,명지동,,,부산시 강서구 명지오션시티6로 33,0.0,126,22,984.0,3.9
[명지동],26080,12,엘크루블루오션6단지,2012.06.,252.0,87.09,287.91,74.05,244.81,13,,,,,,,,,4,3,계단식,287A,10.0,5.0,https://new.land.naver.com/complexes/26080?tab=detail&rf=Y,부산시 강서구 명지동 3243,부산시,강서구,명지동,,,부산시 강서구 명지오션시티6로 33,0.0,126,22,984.0,3.9
[명지동],26080,13,엘크루블루오션6단지,2012.06.,252.0,88.42,292.31,73.86,244.19,15,,,,,,,,,4,3,계단식,292B,10.0,5.0,https://new.land.naver.com/complexes/26080?tab=detail&rf=Y,부산시 강서구 명지동 3243,부산시,강서구,명지동,,,부산시 강서구 명지오션시티6로 33,0.0,126,22,984.0,3.9
[명지동],106120,1,에일린의뜰,2015.05.,980.0,26.58,87.89,20.24,66.93,160,,,,,,,,,3,2,계단식,87,20.0,17.0,https://new.land.naver.com/complexes/106120?tab=detail&rf=Y,부산시 강서구 명지동 3361,부산시,강서구,명지동,,,부산시 강서구 명지국제5로 60,0.0,199,17,1070.0,1.09
[명지동],106120,2,에일린의뜰,2015.05.,980.0,29.94,98.98,22.89,75.7,179,,,,,,,,,3,2,계단식,98B,20.0,17.0,https://new.land.naver.com/complexes/106120?tab=detail&rf=Y,부산시 강서구 명지동 3361,부산시,강서구,명지동,,,부산시 강서구 명지국제5로 60,0.0,199,17,1070.0,1.09
[명지동],106120,3,에일린의뜰,2015.05.,980.0,29.98,99.13,22.77,75.28,160,,,,,,,,,3,2,계단식,99A,20.0,17.0,https://new.land.naver.com/complexes/106120?tab=detail&rf=Y,부산시 강서구 명지동 3361,부산시,강서구,명지동,,,부산시 강서구 명지국제5로 60,0.0,199,17,1070.0,1.09
[명지동],106120,4,에일린의뜰,2015.05.,980.0,33.47,110.67,25.7,84.99,282,,,,,,,,,3,2,계단식,110B,20.0,17.0,https://new.land.naver.com/complexes/106120?tab=detail&rf=Y,부산시 강서구 명지동 3361,부산시,강서구,명지동,,,부산시 강서구 명지국제5로 60,0.0,199,17,1070.0,1.09
[명지동],106120,5,에일린의뜰,2015.05.,980.0,33.68,111.34,25.7,84.98,199,,,,,,,,,3,2,계단식,111A,20.0,17.0,https://new.land.naver.com/complexes/106120?tab=detail&rf=Y,부산시 강서구 명지동 3361,부산시,강서구,명지동,,,부산시 강서구 명지국제5로 60,0.0,199,17,1070.0,1.09
[명지동],25894,1,극동스타클래스,2008.11.,1124.0,34.07,112.63,25.7,84.97,257,,,,,,,,,3,2,계단식,112B,15.0,13.0,https://new.land.naver.com/complexes/25894?tab=detail&rf=Y,부산시 강서구 명지동 3233,부산시,강서구,명지동,,,부산시 강서구 명지오션시티2로 71,0.0,219,18,1551.0,1.38
[명지동],25894,2,극동스타클래스,2008.11.,1124.0,34.07,112.63,25.7,84.97,90,,,,,,,,,3,2,계단식,112C,15.0,13.0,https://new.land.naver.com/complexes/25894?tab=detail&rf=Y,부산시 강서구 명지동 3233,부산시,강서구,명지동,,,부산시 강서구 명지오션시티2로 71,0.0,219,18,1551.0,1.38
[명지동],25894,3,극동스타클래스,2008.11.,1124.0,34.2,113.07,25.7,84.99,79,,,,,,,,,3,2,계단식,113A,15.0,13.0,https://new.land.naver.com/complexes/25894?tab=detail&rf=Y,부산시 강서구 명지동 3233,부산시,강서구,명지동,,,부산시 강서구 명지오션시티2로 71,0.0,219,18,1551.0,1.38
[명지동],25894,4,극동스타클래스,2008.11.,1124.0,39.24,129.74,30.84,101.96,168,,,,,,,,,3,2,계단식,129A,15.0,13.0,https://new.land.naver.com/complexes/25894?tab=detail&rf=Y,부산시 강서구 명지동 3233,부산시,강서구,명지동,,,부산시 강서구 명지오션시티2로 71,0.0,219,18,1551.0,1.38
[명지동],25894,5,극동스타클래스,2008.11.,1124.0,39.44,130.39,30.85,101.99,58,,,,,,,,,3,2,계단식,130B,15.0,13.0,https://new.land.naver.com/complexes/25894?tab=detail&rf=Y,부산시 강서구 명지동 3233,부산시,강서구,명지동,,,부산시 강서구 명지오션시티2로 71,0.0,219,18,1551.0,1.38
[명지동],25894,6,극동스타클래스,2008.11.,1124.0,39.99,132.21,30.83,101.92,216,,,,,,,,,3,2,계단식,132C,15.0,13.0,https://new.land.naver.com/complexes/25894?tab=detail&rf=Y,부산시 강서구 명지동 3233,부산시,강서구,명지동,,,부산시 강서구 명지오션시티2로 71,0.0,219,18,1551.0,1.38
[명지동],25894,7,극동스타클래스,2008.11.,1124.0,43.55,143.99,34.63,114.49,109,,,,,,,,,4,2,계단식,143,15.0,13.0,https://new.land.naver.com/complexes/25894?tab=detail&rf=Y,부산시 강서구 명지동 3233,부산시,강서구,명지동,,,부산시 강서구 명지오션시티2로 71,0.0,219,18,1551.0,1.38
[명지동],25894,8,극동스타클래스,2008.11.,1124.0,49.67,164.23,40.46,133.77,130,,,,,,,,,4,2,계단식,164,15.0,13.0,https://new.land.naver.com/complexes/25894?tab=detail&rf=Y,부산시 강서구 명지동 3233,부산시,강서구,명지동,,,부산시 강서구 명지오션시티2로 71,0.0,219,18,1551.0,1.38
[명지동],25894,9,극동스타클래스,2008.11.,1124.0,59.21,195.76,45.33,149.87,12,,,,,,,,,4,2,계단식,195,15.0,13.0,https://new.land.naver.com/complexes/25894?tab=detail&rf=Y,부산시 강서구 명지동 3233,부산시,강서구,명지동,,,부산시 강서구 명지오션시티2로 71,0.0,219,18,1551.0,1.38
[명지동],25894,10,극동스타클래스,2008.11.,1124.0,75.24,248.75,61.2,202.34,5,,,,,,,,,5,2,계단식,248,15.0,13.0,https://new.land.naver.com/complexes/25894?tab=detail&rf=Y,부산시 강서구 명지동 3233,부산시,강서구,명지동,,,부산시 강서구 명지오션시티2로 71,0.0,219,18,1551.0,1.38
[명지동],119329,1,더샵명지퍼스트월드3단지,2020.08.,1530.0,32.91,108.82,24.43,80.78,266,,,,,,,,,3,2,계단식,108A,34.0,34.0,https://new.land.naver.com/complexes/119329?tab=detail&rf=Y,부산시 강서구 명지동 3595-3,부산시,강서구,명지동,,,부산시 강서구 명지국제2로 41,0.0,392,24,1830.0,1.2
[명지동],119329,2,더샵명지퍼스트월드3단지,2020.08.,1530.0,32.91,108.82,24.43,80.78,66,,,,,,,,,3,2,계단식,108B,34.0,34.0,https://new.land.naver.com/complexes/119329?tab=detail&rf=Y,부산시 강서구 명지동 3595-3,부산시,강서구,명지동,,,부산시 강서구 명지국제2로 41,0.0,392,24,1830.0,1.2
[명지동],119329,3,더샵명지퍼스트월드3단지,2020.08.,1530.0,34.55,114.23,25.7,84.99,794,,,,,,,,,3,2,계단식,114A,34.0,34.0,https://new.land.naver.com/complexes/119329?tab=detail&rf=Y,부산시 강서구 명지동 3595-3,부산시,강서구,명지동,,,부산시 강서구 명지국제2로 41,0.0,392,24,1830.0,1.2
[명지동],119329,4,더샵명지퍼스트월드3단지,2020.08.,1530.0,34.71,114.77,25.69,84.95,200,,,,,,,,,3,2,계단식,114B,34.0,34.0,https://new.land.naver.com/complexes/119329?tab=detail&rf=Y,부산시 강서구 명지동 3595-3,부산시,강서구,명지동,,,부산시 강서구 명지국제2로 41,0.0,392,24,1830.0,1.2
[명지동],119329,5,더샵명지퍼스트월드3단지,2020.08.,1530.0,40.79,134.87,30.22,99.92,102,,,,,,,,,3,2,계단식,134,34.0,34.0,https://new.land.naver.com/complexes/119329?tab=detail&rf=Y,부산시 강서구 명지동 3595-3,부산시,강서구,명지동,,,부산시 강서구 명지국제2로 41,0.0,392,24,1830.0,1.2
[명지동],119329,6,더샵명지퍼스트월드3단지,2020.08.,1530.0,45.94,151.87,34.46,113.93,102,,,,,,,,,3,2,계단식,151,34.0,34.0,https://new.land.naver.com/complexes/119329?tab=detail&rf=Y,부산시 강서구 명지동 3595-3,부산시,강서구,명지동,,,부산시 강서구 명지국제2로 41,0.0,392,24,1830.0,1.2
[신호동],107340,1,부산신호사랑으로부영1차,2013.12.,1064.0,53.35,176.38,44.49,147.1,40,,,,,,,,,4,2,계단식,176,20.0,19.0,https://new.land.naver.com/complexes/107340?tab=detail&rf=Y,부산시 강서구 신호동 296-1,부산시,강서구,신호동,,,부산시 강서구 신호산단3로 27,1024.0,233,17,1077.0,1.01
[신호동],108393,1,부산신호사랑으로부영2차,2014.06.,1388.0,53.37,176.43,44.49,147.1,64,,,,,,,,,4,2,계단식,176,20.0,16.0,https://new.land.naver.com/complexes/108393?tab=detail&rf=Y,부산시 강서구 신호동 298-1,부산시,강서구,신호동,,,부산시 강서구 신호산단4로 27,1324.0,233,18,1400.0,1.01
[신호동],17615,1,부산신호윌더하임,2005.11.,671.0,33.18,109.69,25.7,84.99,352,,,,,,,,,3,2,계단식,109,15.0,10.0,https://new.land.naver.com/complexes/17615?tab=detail&rf=Y,부산시 강서구 신호동 205-1,부산시,강서구,신호동,,,부산시 강서구 신호산단3로 55,0.0,234,20,869.0,1.3
[신호동],17615,2,부산신호윌더하임,2005.11.,671.0,37.19,122.95,29.45,97.37,169,,,,,,,,,3,2,계단식,122,15.0,10.0,https://new.land.naver.com/complexes/17615?tab=detail&rf=Y,부산시 강서구 신호동 205-1,부산시,강서구,신호동,,,부산시 강서구 신호산단3로 55,0.0,234,20,869.0,1.3
[신호동],17615,3,부산신호윌더하임,2005.11.,671.0,45.0,148.79,38.6,127.63,150,,,,,,,,,4,2,계단식,148,15.0,10.0,https://new.land.naver.com/complexes/17615?tab=detail&rf=Y,부산시 강서구 신호동 205-1,부산시,강서구,신호동,,,부산시 강서구 신호산단3로 55,0.0,234,20,869.0,1.3
[지사동],109546,1,지사과학삼정그린코아,2017.04.,1013.0,25.67,84.89,18.14,59.99,464,,,,,,,,,3,2,계단식,84A,25.0,17.0,https://new.land.naver.com/complexes/109546?tab=detail&rf=Y,부산시 강서구 지사동 1185-1,부산시,강서구,지사동,,,부산시 강서구 과학산단2로20번길 91,0.0,218,15,1057.0,1.04
[지사동],109546,2,지사과학삼정그린코아,2017.04.,1013.0,25.59,84.6,18.14,59.98,125,,,,,,,,,3,2,계단식,84C,25.0,17.0,https://new.land.naver.com/complexes/109546?tab=detail&rf=Y,부산시 강서구 지사동 1185-1,부산시,강서구,지사동,,,부산시 강서구 과학산단2로20번길 91,0.0,218,15,1057.0,1.04
[지사동],109546,3,지사과학삼정그린코아,2017.04.,1013.0,25.58,84.58,18.13,59.95,85,,,,,,,,,3,2,계단식,84B,25.0,17.0,https://new.land.naver.com/complexes/109546?tab=detail&rf=Y,부산시 강서구 지사동 1185-1,부산시,강서구,지사동,,,부산시 강서구 과학산단2로20번길 91,0.0,218,15,1057.0,1.04
[지사동],109546,4,지사과학삼정그린코아,2017.04.,1013.0,27.94,92.38,20.05,66.3,121,,,,,,,,,3,2,계단식,92D,25.0,17.0,https://new.land.naver.com/complexes/109546?tab=detail&rf=Y,부산시 강서구 지사동 1185-1,부산시,강서구,지사동,,,부산시 강서구 과학산단2로20번길 91,0.0,218,15,1057.0,1.04
[지사동],109546,5,지사과학삼정그린코아,2017.04.,1013.0,30.87,102.06,22.75,75.23,122,,,,,,,,,3,2,계단식,102E,25.0,17.0,https://new.land.naver.com/complexes/109546?tab=detail&rf=Y,부산시 강서구 지사동 1185-1,부산시,강서구,지사동,,,부산시 강서구 과학산단2로20번길 91,0.0,218,15,1057.0,1.04
[지사동],109546,6,지사과학삼정그린코아,2017.04.,1013.0,32.8,108.44,24.6,81.33,96,,,,,,,,,3,2,계단식,108F,25.0,17.0,https://new.land.naver.com/complexes/109546?tab=detail&rf=Y,부산시 강서구 지사동 1185-1,부산시,강서구,지사동,,,부산시 강서구 과학산단2로20번길 91,0.0,218,15,1057.0,1.04
[지사동],114287,1,명진파크뷰(도시형),2016.10.,132.0,10.11,33.45,6.39,21.14,66,,,,,,,,,1,1,복도식,33A,14.0,14.0,https://new.land.naver.com/complexes/114287?tab=detail&rf=Y,부산시 강서구 지사동 1182-2,부산시,강서구,지사동,,,부산시 강서구 과학산단2로20번길 11,0.0,632,59,92.0,0.7
[지사동],114287,2,명진파크뷰(도시형),2016.10.,132.0,10.15,33.57,6.41,21.2,22,,,,,,,,,1,1,복도식,33B,14.0,14.0,https://new.land.naver.com/complexes/114287?tab=detail&rf=Y,부산시 강서구 지사동 1182-2,부산시,강서구,지사동,,,부산시 강서구 과학산단2로20번길 11,0.0,632,59,92.0,0.7
[지사동],114287,3,명진파크뷰(도시형),2016.10.,132.0,16.41,54.28,10.41,34.42,11,,,,,,,,,2,1,복도식,54D,14.0,14.0,https://new.land.naver.com/complexes/114287?tab=detail&rf=Y,부산시 강서구 지사동 1182-2,부산시,강서구,지사동,,,부산시 강서구 과학산단2로20번길 11,0.0,632,59,92.0,0.7
[지사동],114287,4,명진파크뷰(도시형),2016.10.,132.0,16.5,54.56,10.41,34.42,11,,,,,,,,,2,1,복도식,54E,14.0,14.0,https://new.land.naver.com/complexes/114287?tab=detail&rf=Y,부산시 강서구 지사동 1182-2,부산시,강서구,지사동,,,부산시 강서구 과학산단2로20번길 11,0.0,632,59,92.0,0.7
[지사동],114287,5,명진파크뷰(도시형),2016.10.,132.0,17.25,57.05,10.98,36.32,22,,,,,,,,,2,1,복도식,57C,14.0,14.0,https://new.land.naver.com/complexes/114287?tab=detail&rf=Y,부산시 강서구 지사동 1182-2,부산시,강서구,지사동,,,부산시 강서구 과학산단2로20번길 11,0.0,632,59,92.0,0.7
[지사동],104076,1,지사금강펜테리움,2013.11.,1111.0,26.33,87.07,18.14,59.98,428,,,,,,,,,3,2,계단식,87E,25.0,7.0,https://new.land.naver.com/complexes/104076?tab=detail&rf=Y,부산시 강서구 지사동 1184-1,부산시,강서구,지사동,,,부산시 강서구 과학산단2로20번길 69,0.0,219,19,1117.0,1.01
[지사동],104076,2,지사금강펜테리움,2013.11.,1111.0,26.47,87.51,18.13,59.94,164,,,,,,,,,3,2,계단식,87F,25.0,7.0,https://new.land.naver.com/complexes/104076?tab=detail&rf=Y,부산시 강서구 지사동 1184-1,부산시,강서구,지사동,,,부산시 강서구 과학산단2로20번길 69,0.0,219,19,1117.0,1.01
[지사동],104076,3,지사금강펜테리움,2013.11.,1111.0,26.37,87.18,18.13,59.95,115,,,,,,,,,3,2,계단식,87G,25.0,7.0,https://new.land.naver.com/complexes/104076?tab=detail&rf=Y,부산시 강서구 지사동 1184-1,부산시,강서구,지사동,,,부산시 강서구 과학산단2로20번길 69,0.0,219,19,1117.0,1.01
[지사동],104076,4,지사금강펜테리움,2013.11.,1111.0,26.39,87.27,18.12,59.93,103,,,,,,,,,3,2,계단식,87D,25.0,7.0,https://new.land.naver.com/complexes/104076?tab=detail&rf=Y,부산시 강서구 지사동 1184-1,부산시,강서구,지사동,,,부산시 강서구 과학산단2로20번길 69,0.0,219,19,1117.0,1.01
[지사동],104076,5,지사금강펜테리움,2013.11.,1111.0,26.52,87.67,18.13,59.94,99,,,,,,,,,3,2,계단식,87B,25.0,7.0,https://new.land.naver.com/complexes/104076?tab=detail&rf=Y,부산시 강서구 지사동 1184-1,부산시,강서구,지사동,,,부산시 강서구 과학산단2로20번길 69,0.0,219,19,1117.0,1.01
[지사동],104076,6,지사금강펜테리움,2013.11.,1111.0,26.78,88.56,18.14,59.98,103,,,,,,,,,3,2,계단식,88C,25.0,7.0,https://new.land.naver.com/complexes/104076?tab=detail&rf=Y,부산시 강서구 지사동 1184-1,부산시,강서구,지사동,,,부산시 강서구 과학산단2로20번길 69,0.0,219,19,1117.0,1.01
[지사동],104076,7,지사금강펜테리움,2013.11.,1111.0,26.66,88.14,18.14,59.97,99,,,,,,,,,3,2,계단식,88A,25.0,7.0,https://new.land.naver.com/complexes/104076?tab=detail&rf=Y,부산시 강서구 지사동 1184-1,부산시,강서구,지사동,,,부산시 강서구 과학산단2로20번길 69,0.0,219,19,1117.0,1.01
[지사동],106179,1,협성DS엘리시안,2015.04.,1277.0,26.06,86.18,18.13,59.95,527,,,,,,,,,3,2,계단식,86A,25.0,13.0,https://new.land.naver.com/complexes/106179?tab=detail&rf=Y,부산시 강서구 지사동 1186,부산시,강서구,지사동,,,부산시 강서구 과학산단로306번길 10,0.0,219,17,1320.0,1.03
[지사동],106179,2,협성DS엘리시안,2015.04.,1277.0,26.29,86.93,18.12,59.93,227,,,,,,,,,3,2,계단식,86C,25.0,13.0,https://new.land.naver.com/complexes/106179?tab=detail&rf=Y,부산시 강서구 지사동 1186,부산시,강서구,지사동,,,부산시 강서구 과학산단로306번길 10,0.0,219,17,1320.0,1.03
[지사동],106179,3,협성DS엘리시안,2015.04.,1277.0,26.45,87.47,18.14,59.99,234,,,,,,,,,3,2,계단식,87B,25.0,13.0,https://new.land.naver.com/complexes/106179?tab=detail&rf=Y,부산시 강서구 지사동 1186,부산시,강서구,지사동,,,부산시 강서구 과학산단로306번길 10,0.0,219,17,1320.0,1.03
[지사동],106179,4,협성DS엘리시안,2015.04.,1277.0,29.53,97.62,20.6,68.13,190,,,,,,,,,3,2,계단식,97D,25.0,13.0,https://new.land.naver.com/complexes/106179?tab=detail&rf=Y,부산시 강서구 지사동 1186,부산시,강서구,지사동,,,부산시 강서구 과학산단로306번길 10,0.0,219,17,1320.0,1.03
[지사동],106179,5,협성DS엘리시안,2015.04.,1277.0,34.63,114.49,25.67,84.88,75,,,,,,,,,3,2,계단식,114E,25.0,13.0,https://new.land.naver.com/complexes/106179?tab=detail&rf=Y,부산시 강서구 지사동 1186,부산시,강서구,지사동,,,부산시 강서구 과학산단로306번길 10,0.0,219,17,1320.0,1.03
[지사동],106179,6,협성DS엘리시안,2015.04.,1277.0,34.58,114.34,25.7,84.98,24,,,,,,,,,3,2,계단식,114F,25.0,13.0,https://new.land.naver.com/complexes/106179?tab=detail&rf=Y,부산시 강서구 지사동 1186,부산시,강서구,지사동,,,부산시 강서구 과학산단로306번길 10,0.0,219,17,1320.0,1.03
