[무안읍],121741,1,대선해시앙,2017.06.,175.0,25.67,84.86,19.08,63.1,99,,,,,,,,,3,2,복도식,84,17.0,17.0,https://new.land.naver.com/complexes/121741?tab=detail&rf=Y,전라남도 무안군 무안읍 성남리 1001,전라남도,무안군,무안읍,,,전라남도 무안군 창포로 55,0.0,266,29,174.0,0.99
[무안읍],121741,2,대선해시앙,2017.06.,175.0,34.51,114.09,25.66,84.84,76,,,,,,,,,3,2,복도식,114,17.0,17.0,https://new.land.naver.com/complexes/121741?tab=detail&rf=Y,전라남도 무안군 무안읍 성남리 1001,전라남도,무안군,무안읍,,,전라남도 무안군 창포로 55,0.0,266,29,174.0,0.99
[무안읍],114065,1,미목,1993.03.,48.0,24.33,80.44,18.04,59.65,24,,,,,,,,,3,1,계단식,80,6.0,6.0,https://new.land.naver.com/complexes/114065?tab=detail&rf=Y,전라남도 무안군 무안읍 성남리 812-5,전라남도,무안군,무안읍,,,전라남도 무안군 면성1길 136-7,0.0,193,38,11.0,0.23
[무안읍],114065,2,미목,1993.03.,48.0,32.28,106.73,23.93,79.14,12,,,,,,,,,3,2,계단식,106,6.0,6.0,https://new.land.naver.com/complexes/114065?tab=detail&rf=Y,전라남도 무안군 무안읍 성남리 812-5,전라남도,무안군,무안읍,,,전라남도 무안군 면성1길 136-7,0.0,193,38,11.0,0.23
[무안읍],114065,3,미목,1993.03.,48.0,33.69,111.39,24.98,82.6,12,,,,,,,,,3,2,계단식,111,6.0,6.0,https://new.land.naver.com/complexes/114065?tab=detail&rf=Y,전라남도 무안군 무안읍 성남리 812-5,전라남도,무안군,무안읍,,,전라남도 무안군 면성1길 136-7,0.0,193,38,11.0,0.23
[무안읍],126329,1,무안센텀시티,2021.07.,137.0,31.36,103.68,25.69,84.95,69,,,,,,,,,3,2,계단식,103B,20.0,20.0,https://new.land.naver.com/complexes/126329?tab=detail&rf=Y,전라남도 무안군 무안읍 성동리 625-1,전라남도,무안군,무안읍,,,전라남도 무안군 무안로 556,137.0,0,0,173.0,1.26
[무안읍],126329,2,무안센텀시티,2021.07.,137.0,31.62,104.53,25.64,84.78,68,,,,,,,,,3,2,계단식,104A,20.0,20.0,https://new.land.naver.com/complexes/126329?tab=detail&rf=Y,전라남도 무안군 무안읍 성동리 625-1,전라남도,무안군,무안읍,,,전라남도 무안군 무안로 556,137.0,0,0,173.0,1.26
[무안읍],101152,1,석호가람휘,2004.05.,114.0,32.28,106.73,25.67,84.87,54,,,,,,,,,3,2,계단식,106,15.0,12.0,https://new.land.naver.com/complexes/101152?tab=detail&rf=Y,전라남도 무안군 무안읍 교촌리 1043,전라남도,무안군,무안읍,,,전라남도 무안군 창포로 24,0.0,230,17,127.0,1.11
[무안읍],101152,2,석호가람휘,2004.05.,114.0,40.54,134.04,34.01,112.45,60,,,,,,,,,4,2,계단식,134,15.0,12.0,https://new.land.naver.com/complexes/101152?tab=detail&rf=Y,전라남도 무안군 무안읍 교촌리 1043,전라남도,무안군,무안읍,,,전라남도 무안군 창포로 24,0.0,230,17,127.0,1.11
[무안읍],106058,1,무안서라,1996.10.,434.0,23.74,78.5,18.14,59.98,434,,,,,,,,,3,2,복도식,78,18.0,11.0,https://new.land.naver.com/complexes/106058?tab=detail&rf=Y,전라남도 무안군 무안읍 성남리 811-6,전라남도,무안군,무안읍,,,전라남도 무안군 면성1길 146,0.0,262,70,0.0,0.0
[무안읍],16861,1,광명샤인빌,2001.08.,150.0,33.54,110.89,25.68,84.9,150,,,,,,,,,3,2,계단식,110,15.0,15.0,https://new.land.naver.com/complexes/16861?tab=detail&rf=Y,전라남도 무안군 무안읍 교촌리 1039,전라남도,무안군,무안읍,,,전라남도 무안군 창포로 16,0.0,0,0,153.0,1.02
[무안읍],4626,1,승달타워,1992.03.,88.0,29.0,95.88,25.34,83.79,88,,,,,,,,,3,2,계단식,95,11.0,11.0,https://new.land.naver.com/complexes/4626?tab=detail&rf=Y,전라남도 무안군 무안읍 성남리 95-3,전라남도,무안군,무안읍,,,전라남도 무안군 성남2길 7,0.0,185,17,0.0,0.0
[무안읍],103098,1,이에스아뜨리움,2011.08.,168.0,33.91,112.13,25.67,84.87,168,,,,,,,,,3,2,계단식,112,15.0,13.0,https://new.land.naver.com/complexes/103098?tab=detail&rf=Y,전라남도 무안군 무안읍 성남리 999,전라남도,무안군,무안읍,,,전라남도 무안군 하마로 31,0.0,183,20,175.0,1.04
[무안읍],111116,1,청담웰피아,2016.04.,72.0,30.02,99.25,22.68,74.98,72,,,,,,,,,3,2,계단식,99,20.0,20.0,https://new.land.naver.com/complexes/111116?tab=detail&rf=Y,전라남도 무안군 무안읍 성동리 972,전라남도,무안군,무안읍,,,전라남도 무안군 공항로 38,0.0,0,0,88.0,1.22
[무안읍],114061,1,삼신파크빌,2002.05.,144.0,36.3,120.01,25.68,84.92,144,,,,,,,,,3,2,복도식,120,15.0,12.0,https://new.land.naver.com/complexes/114061?tab=detail&rf=Y,전라남도 무안군 무안읍 교촌리 1040,전라남도,무안군,무안읍,,,전라남도 무안군 불무로 40-11,0.0,266,22,147.0,1.02
[무안읍],113051,1,일봉그레이스빌,2001.08.,88.0,13.8,45.63,10.76,35.59,2,,,,,,,,,2,1,계단식,45,15.0,13.0,https://new.land.naver.com/complexes/113051?tab=detail&rf=Y,전라남도 무안군 무안읍 성남리 812-2,전라남도,무안군,무안읍,,,전라남도 무안군 면성1길 136-13,0.0,194,16,96.0,1.09
[무안읍],113051,2,일봉그레이스빌,2001.08.,88.0,23.79,78.66,18.64,61.63,56,,,,,,,,,3,2,계단식,78,15.0,13.0,https://new.land.naver.com/complexes/113051?tab=detail&rf=Y,전라남도 무안군 무안읍 성남리 812-2,전라남도,무안군,무안읍,,,전라남도 무안군 면성1길 136-13,0.0,194,16,96.0,1.09
[무안읍],113051,3,일봉그레이스빌,2001.08.,88.0,31.97,105.7,25.48,84.24,29,,,,,,,,,3,2,계단식,105A,15.0,13.0,https://new.land.naver.com/complexes/113051?tab=detail&rf=Y,전라남도 무안군 무안읍 성남리 812-2,전라남도,무안군,무안읍,,,전라남도 무안군 면성1길 136-13,0.0,194,16,96.0,1.09
[무안읍],113051,4,일봉그레이스빌,2001.08.,88.0,31.97,105.7,25.48,84.25,1,,,,,,,,,3,2,계단식,105B,15.0,13.0,https://new.land.naver.com/complexes/113051?tab=detail&rf=Y,전라남도 무안군 무안읍 성남리 812-2,전라남도,무안군,무안읍,,,전라남도 무안군 면성1길 136-13,0.0,194,16,96.0,1.09
[삼향읍],105127,1,남악리젠시빌,2006.09.,394.0,24.42,80.73,17.74,58.65,394,,,,,,,,,3,2,계단식,80,23.0,17.0,https://new.land.naver.com/complexes/105127?tab=detail&rf=Y,전라남도 무안군 삼향읍 남악리 1578,전라남도,무안군,삼향읍,,,전라남도 무안군 남악4로60번길 14,0.0,219,16,404.0,1.03
[삼향읍],111883,1,뉴캐슬,2015.11.,102.0,29.23,96.64,22.19,73.37,52,,,,,,,,,3,2,계단식,96,15.0,15.0,https://new.land.naver.com/complexes/111883?tab=detail&rf=Y,전라남도 무안군 삼향읍 남악리 2273,전라남도,무안군,삼향읍,,,전라남도 무안군 남악2로22번길 30,0.0,261,66,196.0,1.92
[삼향읍],111883,2,뉴캐슬,2015.11.,102.0,32.76,108.31,24.87,82.23,50,,,,,,,,,3,2,계단식,108,15.0,15.0,https://new.land.naver.com/complexes/111883?tab=detail&rf=Y,전라남도 무안군 삼향읍 남악리 2273,전라남도,무안군,삼향읍,,,전라남도 무안군 남악2로22번길 30,0.0,261,66,196.0,1.92
[삼향읍],103532,1,남악신도시모아엘가2차,2013.09.,498.0,29.3,96.88,22.24,73.55,132,,,,,,,,,3,2,계단식,96,20.0,17.0,https://new.land.naver.com/complexes/103532?tab=detail&rf=Y,전라남도 무안군 삼향읍 남악리 2321,전라남도,무안군,삼향읍,,,전라남도 무안군 남악4로34번길 8,0.0,190,16,579.0,1.16
[삼향읍],103532,2,남악신도시모아엘가2차,2013.09.,498.0,32.62,107.85,25.67,84.86,132,,,,,,,,,3,2,계단식,107C,20.0,17.0,https://new.land.naver.com/complexes/103532?tab=detail&rf=Y,전라남도 무안군 삼향읍 남악리 2321,전라남도,무안군,삼향읍,,,전라남도 무안군 남악4로34번길 8,0.0,190,16,579.0,1.16
[삼향읍],103532,3,남악신도시모아엘가2차,2013.09.,498.0,34.14,112.88,25.67,84.86,114,,,,,,,,,3,2,계단식,112B,20.0,17.0,https://new.land.naver.com/complexes/103532?tab=detail&rf=Y,전라남도 무안군 삼향읍 남악리 2321,전라남도,무안군,삼향읍,,,전라남도 무안군 남악4로34번길 8,0.0,190,16,579.0,1.16
[삼향읍],103532,4,남악신도시모아엘가2차,2013.09.,498.0,34.61,114.44,25.69,84.94,120,,,,,,,,,3,2,계단식,114A,20.0,17.0,https://new.land.naver.com/complexes/103532?tab=detail&rf=Y,전라남도 무안군 삼향읍 남악리 2321,전라남도,무안군,삼향읍,,,전라남도 무안군 남악4로34번길 8,0.0,190,16,579.0,1.16
[삼향읍],112166,1,근화베아체비올레,2014.02.,397.0,34.01,112.44,25.63,84.75,181,,,,,,,,,3,2,계단식,112,18.0,15.0,https://new.land.naver.com/complexes/112166?tab=detail&rf=Y,전라남도 무안군 삼향읍 남악리 2531,전라남도,무안군,삼향읍,,,전라남도 무안군 남악5로22번길 10,0.0,178,18,601.0,1.51
[삼향읍],112166,2,근화베아체비올레,2014.02.,397.0,41.7,137.87,31.88,105.4,84,,,,,,,,,4,2,계단식,137,18.0,15.0,https://new.land.naver.com/complexes/112166?tab=detail&rf=Y,전라남도 무안군 삼향읍 남악리 2531,전라남도,무안군,삼향읍,,,전라남도 무안군 남악5로22번길 10,0.0,178,18,601.0,1.51
[삼향읍],112166,3,근화베아체비올레,2014.02.,397.0,44.21,146.17,36.98,122.28,132,,,,,,,,,4,2,계단식,146,18.0,15.0,https://new.land.naver.com/complexes/112166?tab=detail&rf=Y,전라남도 무안군 삼향읍 남악리 2531,전라남도,무안군,삼향읍,,,전라남도 무안군 남악5로22번길 10,0.0,178,18,601.0,1.51
[삼향읍],116882,1,남악에드가채움,2017.04.,116.0,29.97,99.1,22.45,74.22,54,,,,,,,,,3,2,계단식,99A,18.0,17.0,https://new.land.naver.com/complexes/116882?tab=detail&rf=Y,전라남도 무안군 삼향읍 남악리 2317,전라남도,무안군,삼향읍,,,전라남도 무안군 남악4로34번길 6,0.0,259,59,0.0,0.0
[삼향읍],116882,2,남악에드가채움,2017.04.,116.0,30.32,100.24,22.56,74.59,54,,,,,,,,,3,2,계단식,100B,18.0,17.0,https://new.land.naver.com/complexes/116882?tab=detail&rf=Y,전라남도 무안군 삼향읍 남악리 2317,전라남도,무안군,삼향읍,,,전라남도 무안군 남악4로34번길 6,0.0,259,59,0.0,0.0
[삼향읍],116882,3,남악에드가채움,2017.04.,116.0,35.03,115.83,25.7,84.99,4,,,,,,,,,3,2,계단식,115A,18.0,17.0,https://new.land.naver.com/complexes/116882?tab=detail&rf=Y,전라남도 무안군 삼향읍 남악리 2317,전라남도,무안군,삼향읍,,,전라남도 무안군 남악4로34번길 6,0.0,259,59,0.0,0.0
[삼향읍],116882,4,남악에드가채움,2017.04.,116.0,35.06,115.91,25.69,84.93,4,,,,,,,,,3,2,계단식,115B,18.0,17.0,https://new.land.naver.com/complexes/116882?tab=detail&rf=Y,전라남도 무안군 삼향읍 남악리 2317,전라남도,무안군,삼향읍,,,전라남도 무안군 남악4로34번길 6,0.0,259,59,0.0,0.0
[삼향읍],137754,1,골드디움,2013.04.,340.0,28.3,93.56,21.27,70.32,36,,,,,,,,,3,2,계단식,93,15.0,14.0,https://new.land.naver.com/complexes/137754?tab=detail&rf=Y,전라남도 무안군 삼향읍 남악리 2609,전라남도,무안군,삼향읍,,,전라남도 무안군 남악5로72번길 81-21,260.0,179,20,414.0,1.22
[삼향읍],137754,2,골드디움,2013.04.,340.0,33.21,109.81,25.67,84.87,44,,,,,,,,,3,2,계단식,109,15.0,14.0,https://new.land.naver.com/complexes/137754?tab=detail&rf=Y,전라남도 무안군 삼향읍 남악리 2609,전라남도,무안군,삼향읍,,,전라남도 무안군 남악5로72번길 81-21,260.0,179,20,414.0,1.22
[삼향읍],124923,1,남악신도시중흥S-클래스퍼스트뷰,2021.06.,137.0,49.08,162.27,40.57,134.14,129,,,,,,,,,4,2,계단식,162,24.0,11.0,https://new.land.naver.com/complexes/124923?tab=detail&rf=Y,전라남도 무안군 삼향읍 남악리 2276,전라남도,무안군,삼향읍,,,전라남도 무안군 남악2로22번길 30-33,0.0,285,69,325.0,2.37
[삼향읍],124923,2,남악신도시중흥S-클래스퍼스트뷰,2021.06.,137.0,74.44,246.09,60.7,200.67,8,,,,,,,,,5,4,계단식,246,24.0,11.0,https://new.land.naver.com/complexes/124923?tab=detail&rf=Y,전라남도 무안군 삼향읍 남악리 2276,전라남도,무안군,삼향읍,,,전라남도 무안군 남악2로22번길 30-33,0.0,285,69,325.0,2.37
[삼향읍],103696,1,부영애시앙,2007.09.,610.0,38.38,126.89,31.23,103.24,132,,,,,,,,,3,2,계단식,126A,18.0,15.0,https://new.land.naver.com/complexes/103696?tab=detail&rf=Y,전라남도 무안군 삼향읍 남악리 1584,전라남도,무안군,삼향읍,,,전라남도 무안군 남악5로72번길 7,0.0,178,14,1009.0,1.65
[삼향읍],103696,2,부영애시앙,2007.09.,610.0,38.3,126.62,31.0,102.51,132,,,,,,,,,4,2,계단식,126B,18.0,15.0,https://new.land.naver.com/complexes/103696?tab=detail&rf=Y,전라남도 무안군 삼향읍 남악리 1584,전라남도,무안군,삼향읍,,,전라남도 무안군 남악5로72번길 7,0.0,178,14,1009.0,1.65
[삼향읍],103696,3,부영애시앙,2007.09.,610.0,45.71,151.14,35.01,115.75,346,,,,,,,,,4,2,계단식,151,18.0,15.0,https://new.land.naver.com/complexes/103696?tab=detail&rf=Y,전라남도 무안군 삼향읍 남악리 1584,전라남도,무안군,삼향읍,,,전라남도 무안군 남악5로72번길 7,0.0,178,14,1009.0,1.65
[삼향읍],103551,1,남악세영리첼,2013.06.,395.0,33.04,109.23,25.67,84.86,86,,,,,,,,,3,2,계단식,109A,18.0,15.0,https://new.land.naver.com/complexes/103551?tab=detail&rf=Y,전라남도 무안군 삼향읍 남악리 2314,전라남도,무안군,삼향읍,,,전라남도 무안군 남악4로34번길 31,0.0,153,15,515.0,1.3
[삼향읍],103551,2,남악세영리첼,2013.06.,395.0,33.38,110.38,25.67,84.86,101,,,,,,,,,3,2,계단식,110B,18.0,15.0,https://new.land.naver.com/complexes/103551?tab=detail&rf=Y,전라남도 무안군 삼향읍 남악리 2314,전라남도,무안군,삼향읍,,,전라남도 무안군 남악4로34번길 31,0.0,153,15,515.0,1.3
[삼향읍],103551,3,남악세영리첼,2013.06.,395.0,35.49,117.33,25.68,84.92,119,,,,,,,,,3,2,계단식,117A,18.0,15.0,https://new.land.naver.com/complexes/103551?tab=detail&rf=Y,전라남도 무안군 삼향읍 남악리 2314,전라남도,무안군,삼향읍,,,전라남도 무안군 남악4로34번길 31,0.0,153,15,515.0,1.3
[삼향읍],103551,4,남악세영리첼,2013.06.,395.0,35.49,117.33,25.68,84.92,89,,,,,,,,,3,2,계단식,117B,18.0,15.0,https://new.land.naver.com/complexes/103551?tab=detail&rf=Y,전라남도 무안군 삼향읍 남악리 2314,전라남도,무안군,삼향읍,,,전라남도 무안군 남악4로34번길 31,0.0,153,15,515.0,1.3
[삼향읍],114066,1,해원,1995.11.,50.0,13.06,43.2,11.29,37.35,50,,,,,,,,,2,1,복도식,43,5.0,5.0,https://new.land.naver.com/complexes/114066?tab=detail&rf=Y,전라남도 무안군 삼향읍 맥포리 195,전라남도,무안군,삼향읍,,,전라남도 무안군 삼일로 337,0.0,58,14,30.0,0.6
[삼향읍],109043,1,펠리시티2차,2013.03.,83.0,27.23,90.04,20.87,69.02,41,,,,,,,,,3,2,복도식,90,13.0,12.0,https://new.land.naver.com/complexes/109043?tab=detail&rf=Y,전라남도 무안군 삼향읍 남악리 2310,전라남도,무안군,삼향읍,,,전라남도 무안군 남악4로 40,0.0,271,68,135.0,1.63
[삼향읍],109043,2,펠리시티2차,2013.03.,83.0,33.47,110.67,25.7,84.96,42,,,,,,,,,3,2,복도식,110,13.0,12.0,https://new.land.naver.com/complexes/109043?tab=detail&rf=Y,전라남도 무안군 삼향읍 남악리 2310,전라남도,무안군,삼향읍,,,전라남도 무안군 남악4로 40,0.0,271,68,135.0,1.63
[삼향읍],103552,1,근화베아채스위트,2013.04.,516.0,35.07,115.94,25.63,84.75,264,,,,,,,,,4,2,계단식,115B,18.0,15.0,https://new.land.naver.com/complexes/103552?tab=detail&rf=Y,전라남도 무안군 삼향읍 남악리 2532,전라남도,무안군,삼향읍,,,전라남도 무안군 남악5로22번길 20,0.0,179,17,619.0,1.2
[삼향읍],103552,2,근화베아채스위트,2013.04.,516.0,35.38,116.97,25.66,84.85,252,,,,,,,,,3,2,계단식,116A,18.0,15.0,https://new.land.naver.com/complexes/103552?tab=detail&rf=Y,전라남도 무안군 삼향읍 남악리 2532,전라남도,무안군,삼향읍,,,전라남도 무안군 남악5로22번길 20,0.0,179,17,619.0,1.2
[삼향읍],117094,1,펠리시티리버뷰5차,2018.09.,140.0,47.06,155.59,37.24,123.11,114,,,,,,,,,4,2,계단식,155,24.0,21.0,https://new.land.naver.com/complexes/117094?tab=detail&rf=Y,전라남도 무안군 삼향읍 남악리 2320,전라남도,무안군,삼향읍,,,전라남도 무안군 남악로 267,0.0,288,69,277.0,1.98
[삼향읍],117094,2,펠리시티리버뷰5차,2018.09.,140.0,65.76,217.39,51.38,169.86,6,,,,,,,,,7,4,계단식,217,24.0,21.0,https://new.land.naver.com/complexes/117094?tab=detail&rf=Y,전라남도 무안군 삼향읍 남악리 2320,전라남도,무안군,삼향읍,,,전라남도 무안군 남악로 267,0.0,288,69,277.0,1.98
[삼향읍],117094,3,펠리시티리버뷰5차,2018.09.,140.0,76.69,253.53,60.49,199.97,19,,,,,,,,,5,3,계단식,253,24.0,21.0,https://new.land.naver.com/complexes/117094?tab=detail&rf=Y,전라남도 무안군 삼향읍 남악리 2320,전라남도,무안군,삼향읍,,,전라남도 무안군 남악로 267,0.0,288,69,277.0,1.98
[삼향읍],117094,4,펠리시티리버뷰5차,2018.09.,140.0,95.3,315.06,74.53,246.39,1,,,,,,,,,7,4,계단식,315,24.0,21.0,https://new.land.naver.com/complexes/117094?tab=detail&rf=Y,전라남도 무안군 삼향읍 남악리 2320,전라남도,무안군,삼향읍,,,전라남도 무안군 남악로 267,0.0,288,69,277.0,1.98
[삼향읍],101692,1,근화베아채,2008.12.,862.0,25.6,84.64,18.12,59.93,570,,,,,,,,,3,2,계단식,84,25.0,17.0,https://new.land.naver.com/complexes/101692?tab=detail&rf=Y,전라남도 무안군 삼향읍 남악리 1480,전라남도,무안군,삼향읍,,,전라남도 무안군 남악4로82번길 31,0.0,219,18,879.0,1.02
[삼향읍],101692,2,근화베아채,2008.12.,862.0,27.28,90.19,18.14,59.98,292,,,,,,,,,3,2,계단식,90,25.0,17.0,https://new.land.naver.com/complexes/101692?tab=detail&rf=Y,전라남도 무안군 삼향읍 남악리 1480,전라남도,무안군,삼향읍,,,전라남도 무안군 남악4로82번길 31,0.0,219,18,879.0,1.02
[삼향읍],111884,1,골든스위트,2013.06.,120.0,25.67,84.89,18.11,59.88,60,,,,,,,,,3,2,계단식,84A,18.0,18.0,https://new.land.naver.com/complexes/111884?tab=detail&rf=Y,전라남도 무안군 삼향읍 남악리 1577,전라남도,무안군,삼향읍,,,전라남도 무안군 남악4로 50,0.0,275,64,130.0,1.08
[삼향읍],111884,2,골든스위트,2013.06.,120.0,25.67,84.86,18.13,59.96,60,,,,,,,,,3,2,계단식,84B,18.0,18.0,https://new.land.naver.com/complexes/111884?tab=detail&rf=Y,전라남도 무안군 삼향읍 남악리 1577,전라남도,무안군,삼향읍,,,전라남도 무안군 남악4로 50,0.0,275,64,130.0,1.08
[삼향읍],105202,1,남악신도시경남아너스빌,2008.11.,488.0,35.16,116.24,25.68,84.9,41,,,,,,,,,3,2,복도식,116,18.0,15.0,https://new.land.naver.com/complexes/105202?tab=detail&rf=Y,전라남도 무안군 삼향읍 남악리 1863,전라남도,무안군,삼향읍,,,전라남도 무안군 남악5로22번길 60,200.0,179,15,520.0,1.07
[삼향읍],105202,2,남악신도시경남아너스빌,2008.11.,488.0,36.06,119.22,25.59,84.62,173,,,,,,,,,3,2,계단식,119A,18.0,15.0,https://new.land.naver.com/complexes/105202?tab=detail&rf=Y,전라남도 무안군 삼향읍 남악리 1863,전라남도,무안군,삼향읍,,,전라남도 무안군 남악5로22번길 60,200.0,179,15,520.0,1.07
[삼향읍],105202,3,남악신도시경남아너스빌,2008.11.,488.0,36.3,120.0,25.7,84.99,74,,,,,,,,,3,2,계단식,120B,18.0,15.0,https://new.land.naver.com/complexes/105202?tab=detail&rf=Y,전라남도 무안군 삼향읍 남악리 1863,전라남도,무안군,삼향읍,,,전라남도 무안군 남악5로22번길 60,200.0,179,15,520.0,1.07
[삼향읍],25192,1,남악신도시아이파크,2007.10.,581.0,34.09,112.7,25.69,84.95,114,,,,,,,,,3,2,계단식,112C,20.0,14.0,https://new.land.naver.com/complexes/25192?tab=detail&rf=Y,전라남도 무안군 삼향읍 남악리 2100,전라남도,무안군,삼향읍,,,전라남도 무안군 남악2로74번길 14,0.0,199,16,611.0,1.05
[삼향읍],25192,2,남악신도시아이파크,2007.10.,581.0,34.02,112.47,25.7,84.96,108,,,,,,,,,3,2,계단식,112B,20.0,14.0,https://new.land.naver.com/complexes/25192?tab=detail&rf=Y,전라남도 무안군 삼향읍 남악리 2100,전라남도,무안군,삼향읍,,,전라남도 무안군 남악2로74번길 14,0.0,199,16,611.0,1.05
[삼향읍],25192,3,남악신도시아이파크,2007.10.,581.0,34.41,113.78,25.68,84.91,359,,,,,,,,,3,2,계단식,113A,20.0,14.0,https://new.land.naver.com/complexes/25192?tab=detail&rf=Y,전라남도 무안군 삼향읍 남악리 2100,전라남도,무안군,삼향읍,,,전라남도 무안군 남악2로74번길 14,0.0,199,16,611.0,1.05
[삼향읍],105111,1,제일풍경채리버파크,2014.07.,538.0,33.16,109.62,25.62,84.72,358,,,,,,,,,3,2,계단식,109A,18.0,18.0,https://new.land.naver.com/complexes/105111?tab=detail&rf=Y,전라남도 무안군 삼향읍 남악리 2601,전라남도,무안군,삼향읍,,,전라남도 무안군 남악5로72번길 81-30,0.0,179,16,660.0,1.23
[삼향읍],105111,2,제일풍경채리버파크,2014.07.,538.0,33.31,110.14,25.63,84.75,108,,,,,,,,,3,2,계단식,110C,18.0,18.0,https://new.land.naver.com/complexes/105111?tab=detail&rf=Y,전라남도 무안군 삼향읍 남악리 2601,전라남도,무안군,삼향읍,,,전라남도 무안군 남악5로72번길 81-30,0.0,179,16,660.0,1.23
[삼향읍],105111,3,제일풍경채리버파크,2014.07.,538.0,33.47,110.65,25.62,84.72,72,,,,,,,,,3,2,계단식,110B,18.0,18.0,https://new.land.naver.com/complexes/105111?tab=detail&rf=Y,전라남도 무안군 삼향읍 남악리 2601,전라남도,무안군,삼향읍,,,전라남도 무안군 남악5로72번길 81-30,0.0,179,16,660.0,1.23
[삼향읍],135026,1,오룡마을휴먼시아,2009.08.,660.0,29.85,98.68,22.54,74.54,108,,,,,,,,,3,2,복도식,98,20.0,17.0,https://new.land.naver.com/complexes/135026?tab=detail&rf=Y,전라남도 무안군 삼향읍 남악리 2072,전라남도,무안군,삼향읍,,,전라남도 무안군 남악2로74번길 13,0.0,191,17,716.0,1.08
[삼향읍],135026,2,오룡마을휴먼시아,2009.08.,660.0,33.84,111.88,25.56,84.51,112,,,,,,,,,3,2,복도식,111B,20.0,17.0,https://new.land.naver.com/complexes/135026?tab=detail&rf=Y,전라남도 무안군 삼향읍 남악리 2072,전라남도,무안군,삼향읍,,,전라남도 무안군 남악2로74번길 13,0.0,191,17,716.0,1.08
[삼향읍],135026,3,오룡마을휴먼시아,2009.08.,660.0,33.97,112.33,25.66,84.85,141,,,,,,,,,3,2,복도식,112A,20.0,17.0,https://new.land.naver.com/complexes/135026?tab=detail&rf=Y,전라남도 무안군 삼향읍 남악리 2072,전라남도,무안군,삼향읍,,,전라남도 무안군 남악2로74번길 13,0.0,191,17,716.0,1.08
[삼향읍],135026,4,오룡마을휴먼시아,2009.08.,660.0,34.0,112.42,25.68,84.92,115,,,,,,,,,3,2,복도식,112C,20.0,17.0,https://new.land.naver.com/complexes/135026?tab=detail&rf=Y,전라남도 무안군 삼향읍 남악리 2072,전라남도,무안군,삼향읍,,,전라남도 무안군 남악2로74번길 13,0.0,191,17,716.0,1.08
[삼향읍],116008,1,펠리시티3차,2016.05.,132.0,24.98,82.59,18.12,59.93,68,,,,,,,,,3,2,계단식,82A,20.0,19.0,https://new.land.naver.com/complexes/116008?tab=detail&rf=Y,전라남도 무안군 삼향읍 남악리 2105,전라남도,무안군,삼향읍,,,전라남도 무안군 남악3로 55,0.0,286,68,185.0,1.4
[삼향읍],116008,2,펠리시티3차,2016.05.,132.0,25.06,82.85,18.1,59.84,64,,,,,,,,,3,2,계단식,82B,20.0,19.0,https://new.land.naver.com/complexes/116008?tab=detail&rf=Y,전라남도 무안군 삼향읍 남악리 2105,전라남도,무안군,삼향읍,,,전라남도 무안군 남악3로 55,0.0,286,68,185.0,1.4
[삼향읍],104087,1,더트리폴리앙,2013.11.,172.0,24.84,82.13,18.12,59.91,84,,,,,,,,,3,2,계단식,82B,25.0,24.0,https://new.land.naver.com/complexes/104087?tab=detail&rf=Y,전라남도 무안군 삼향읍 남악리 2104,전라남도,무안군,삼향읍,,,전라남도 무안군 남악3로 71,0.0,289,60,249.0,1.45
[삼향읍],104087,2,더트리폴리앙,2013.11.,172.0,25.14,83.13,18.12,59.91,88,,,,,,,,,3,2,계단식,83A,25.0,24.0,https://new.land.naver.com/complexes/104087?tab=detail&rf=Y,전라남도 무안군 삼향읍 남악리 2104,전라남도,무안군,삼향읍,,,전라남도 무안군 남악3로 71,0.0,289,60,249.0,1.45
[삼향읍],106614,1,펠리시티,2012.12.,80.0,35.77,118.26,18.45,61.02,40,,,,,,,,,3,2,복도식,118,12.0,12.0,https://new.land.naver.com/complexes/106614?tab=detail&rf=Y,전라남도 무안군 삼향읍 남악리 2272,전라남도,무안군,삼향읍,,,전라남도 무안군 남악3로 39,0.0,238,69,125.0,1.56
[삼향읍],106614,2,펠리시티,2012.12.,80.0,37.96,125.49,19.78,65.39,40,,,,,,,,,3,2,복도식,125,12.0,12.0,https://new.land.naver.com/complexes/106614?tab=detail&rf=Y,전라남도 무안군 삼향읍 남악리 2272,전라남도,무안군,삼향읍,,,전라남도 무안군 남악3로 39,0.0,238,69,125.0,1.56
[삼향읍],25335,1,신동아파밀리에,2008.02.,750.0,33.77,111.65,25.7,84.99,445,,,,,,,,,3,2,계단식,111A,20.0,16.0,https://new.land.naver.com/complexes/25335?tab=detail&rf=Y,전라남도 무안군 삼향읍 남악리 1592,전라남도,무안군,삼향읍,,,전라남도 무안군 남악영산길 39,65.0,196,50,772.0,1.03
[삼향읍],25335,2,신동아파밀리에,2008.02.,750.0,33.85,111.92,25.7,84.96,120,,,,,,,,,3,2,계단식,111C,20.0,16.0,https://new.land.naver.com/complexes/25335?tab=detail&rf=Y,전라남도 무안군 삼향읍 남악리 1592,전라남도,무안군,삼향읍,,,전라남도 무안군 남악영산길 39,65.0,196,50,772.0,1.03
[삼향읍],25335,3,신동아파밀리에,2008.02.,750.0,33.99,112.37,25.69,84.93,120,,,,,,,,,3,2,계단식,112B,20.0,16.0,https://new.land.naver.com/complexes/25335?tab=detail&rf=Y,전라남도 무안군 삼향읍 남악리 1592,전라남도,무안군,삼향읍,,,전라남도 무안군 남악영산길 39,65.0,196,50,772.0,1.03
[삼향읍],127203,1,남악오투그란데더테라스,2021.03.,144.0,40.96,135.41,36.11,119.38,36,,,,,,,,,4,2,계단식,135,4.0,4.0,https://new.land.naver.com/complexes/127203?tab=detail&rf=Y,전라남도 무안군 삼향읍 남악리 2326,전라남도,무안군,삼향읍,,,전라남도 무안군 남악4로34번길 34,0.0,81,31,271.0,1.88
[삼향읍],127203,2,남악오투그란데더테라스,2021.03.,144.0,43.59,144.1,38.42,127.01,36,,,,,,,,,4,2,계단식,144A,4.0,4.0,https://new.land.naver.com/complexes/127203?tab=detail&rf=Y,전라남도 무안군 삼향읍 남악리 2326,전라남도,무안군,삼향읍,,,전라남도 무안군 남악4로34번길 34,0.0,81,31,271.0,1.88
[삼향읍],127203,3,남악오투그란데더테라스,2021.03.,144.0,43.93,145.24,38.77,128.19,36,,,,,,,,,4,2,계단식,145B,4.0,4.0,https://new.land.naver.com/complexes/127203?tab=detail&rf=Y,전라남도 무안군 삼향읍 남악리 2326,전라남도,무안군,삼향읍,,,전라남도 무안군 남악4로34번길 34,0.0,81,31,271.0,1.88
[삼향읍],127203,4,남악오투그란데더테라스,2021.03.,144.0,45.0,148.77,39.73,131.37,36,,,,,,,,,4,2,계단식,148,4.0,4.0,https://new.land.naver.com/complexes/127203?tab=detail&rf=Y,전라남도 무안군 삼향읍 남악리 2326,전라남도,무안군,삼향읍,,,전라남도 무안군 남악4로34번길 34,0.0,81,31,271.0,1.88
[일로읍],114067,1,다복1차,1991.08.,19.0,23.93,79.11,21.97,72.63,19,,,,,,,,,3,1,계단식,79,5.0,5.0,https://new.land.naver.com/complexes/114067?tab=detail&rf=Y,전라남도 무안군 일로읍 월암리 321-1,전라남도,무안군,일로읍,,,전라남도 무안군 삼일로 530-3,0.0,118,23,0.0,0.0
[일로읍],114068,1,서호골드,1993.05.,25.0,19.54,64.62,17.91,59.22,20,,,,,,,,,3,1,계단식,64,5.0,5.0,https://new.land.naver.com/complexes/114068?tab=detail&rf=Y,전라남도 무안군 일로읍 월암리 366-1,전라남도,무안군,일로읍,,,전라남도 무안군 삼일로 561-6,0.0,170,39,9.0,0.36
[일로읍],114068,2,서호골드,1993.05.,25.0,28.87,95.46,25.24,83.46,5,,,,,,,,,3,2,계단식,95,5.0,5.0,https://new.land.naver.com/complexes/114068?tab=detail&rf=Y,전라남도 무안군 일로읍 월암리 366-1,전라남도,무안군,일로읍,,,전라남도 무안군 삼일로 561-6,0.0,170,39,9.0,0.36
[일로읍],120037,1,호반써밋남악오룡2차,2020.08.,359.0,39.62,131.0,32.18,106.41,144,,,,,,,,,4,2,계단식,131,18.0,18.0,https://new.land.naver.com/complexes/120037?tab=detail&rf=Y,전라남도 무안군 일로읍 오룡리 5,전라남도,무안군,일로읍,,,전라남도 무안군 오룡번영로 153,0.0,150,15,563.0,1.57
[일로읍],120037,2,호반써밋남악오룡2차,2020.08.,359.0,44.06,145.66,35.9,118.71,215,,,,,,,,,4,2,계단식,145,18.0,18.0,https://new.land.naver.com/complexes/120037?tab=detail&rf=Y,전라남도 무안군 일로읍 오룡리 5,전라남도,무안군,일로읍,,,전라남도 무안군 오룡번영로 153,0.0,150,15,563.0,1.57
[일로읍],120115,1,오룡에듀포레푸르지오34블록,2020.07.,787.0,33.81,111.78,25.7,84.97,353,,,,,,,,,4,2,계단식,111A,20.0,17.0,https://new.land.naver.com/complexes/120115?tab=detail&rf=Y,전라남도 무안군 일로읍 오룡리 17,전라남도,무안군,일로읍,,,전라남도 무안군 오룡중앙동로 37,0.0,179,19,1034.0,1.31
[일로읍],120115,2,오룡에듀포레푸르지오34블록,2020.07.,787.0,33.7,111.43,25.7,84.97,140,,,,,,,,,3,2,계단식,111B,20.0,17.0,https://new.land.naver.com/complexes/120115?tab=detail&rf=Y,전라남도 무안군 일로읍 오룡리 17,전라남도,무안군,일로읍,,,전라남도 무안군 오룡중앙동로 37,0.0,179,19,1034.0,1.31
[일로읍],120115,3,오룡에듀포레푸르지오34블록,2020.07.,787.0,33.99,112.39,25.7,84.99,158,,,,,,,,,3,2,계단식,112C,20.0,17.0,https://new.land.naver.com/complexes/120115?tab=detail&rf=Y,전라남도 무안군 일로읍 오룡리 17,전라남도,무안군,일로읍,,,전라남도 무안군 오룡중앙동로 37,0.0,179,19,1034.0,1.31
[일로읍],120115,4,오룡에듀포레푸르지오34블록,2020.07.,787.0,34.0,112.42,25.68,84.9,116,,,,,,,,,3,2,계단식,112D,20.0,17.0,https://new.land.naver.com/complexes/120115?tab=detail&rf=Y,전라남도 무안군 일로읍 오룡리 17,전라남도,무안군,일로읍,,,전라남도 무안군 오룡중앙동로 37,0.0,179,19,1034.0,1.31
[일로읍],120115,5,오룡에듀포레푸르지오34블록,2020.07.,787.0,33.89,112.04,25.67,84.86,20,,,,,,,,,3,2,계단식,112E,20.0,17.0,https://new.land.naver.com/complexes/120115?tab=detail&rf=Y,전라남도 무안군 일로읍 오룡리 17,전라남도,무안군,일로읍,,,전라남도 무안군 오룡중앙동로 37,0.0,179,19,1034.0,1.31
[일로읍],120036,1,호반써밋남악오룡1차,2020.08.,364.0,39.95,132.09,32.18,106.41,364,,,,,,,,,4,2,계단식,132,18.0,15.0,https://new.land.naver.com/complexes/120036?tab=detail&rf=Y,전라남도 무안군 일로읍 오룡리 1,전라남도,무안군,일로읍,,,전라남도 무안군 오룡번영로 131,0.0,141,15,532.0,1.46
[일로읍],120038,1,호반써밋남악오룡3차,2020.08.,665.0,33.32,110.18,25.69,84.93,551,,,,,,,,,4,2,계단식,110A,20.0,16.0,https://new.land.naver.com/complexes/120038?tab=detail&rf=Y,전라남도 무안군 일로읍 오룡리 6,전라남도,무안군,일로읍,,,전라남도 무안군 오룡번영로 185,0.0,176,18,844.0,1.27
[일로읍],120038,2,호반써밋남악오룡3차,2020.08.,665.0,33.36,110.29,25.67,84.89,114,,,,,,,,,4,2,계단식,110B,20.0,16.0,https://new.land.naver.com/complexes/120038?tab=detail&rf=Y,전라남도 무안군 일로읍 오룡리 6,전라남도,무안군,일로읍,,,전라남도 무안군 오룡번영로 185,0.0,176,18,844.0,1.27
[일로읍],125064,1,오룡지구한국아델리움,2021.02.,310.0,33.12,109.49,25.65,84.82,37,,,,,,,,,3,2,계단식,109A,20.0,16.0,https://new.land.naver.com/complexes/125064?tab=detail&rf=Y,전라남도 무안군 일로읍 오룡리 21,전라남도,무안군,일로읍,,,전라남도 무안군 오남로 43,0.0,178,14,412.0,1.33
[일로읍],125064,2,오룡지구한국아델리움,2021.02.,310.0,33.29,110.06,25.7,84.99,180,,,,,,,,,4,2,계단식,110C,20.0,16.0,https://new.land.naver.com/complexes/125064?tab=detail&rf=Y,전라남도 무안군 일로읍 오룡리 21,전라남도,무안군,일로읍,,,전라남도 무안군 오남로 43,0.0,178,14,412.0,1.33
[일로읍],125064,3,오룡지구한국아델리움,2021.02.,310.0,33.29,110.08,25.7,84.99,93,,,,,,,,,3,2,계단식,110B,20.0,16.0,https://new.land.naver.com/complexes/125064?tab=detail&rf=Y,전라남도 무안군 일로읍 오룡리 21,전라남도,무안군,일로읍,,,전라남도 무안군 오남로 43,0.0,178,14,412.0,1.33
[일로읍],120118,1,오룡에듀포레푸르지오35블록,2020.07.,744.0,33.86,111.95,25.7,84.97,334,,,,,,,,,4,2,계단식,111A,20.0,17.0,https://new.land.naver.com/complexes/120118?tab=detail&rf=Y,전라남도 무안군 일로읍 오룡리 111,전라남도,무안군,일로읍,,,전라남도 무안군 오룡중앙동로 65,0.0,179,17,978.0,1.31
[일로읍],120118,2,오룡에듀포레푸르지오35블록,2020.07.,744.0,33.75,111.6,25.7,84.97,133,,,,,,,,,3,2,계단식,111B,20.0,17.0,https://new.land.naver.com/complexes/120118?tab=detail&rf=Y,전라남도 무안군 일로읍 오룡리 111,전라남도,무안군,일로읍,,,전라남도 무안군 오룡중앙동로 65,0.0,179,17,978.0,1.31
[일로읍],120118,3,오룡에듀포레푸르지오35블록,2020.07.,744.0,34.04,112.55,25.7,84.99,157,,,,,,,,,3,2,계단식,112C,20.0,17.0,https://new.land.naver.com/complexes/120118?tab=detail&rf=Y,전라남도 무안군 일로읍 오룡리 111,전라남도,무안군,일로읍,,,전라남도 무안군 오룡중앙동로 65,0.0,179,17,978.0,1.31
[일로읍],120118,4,오룡에듀포레푸르지오35블록,2020.07.,744.0,34.05,112.59,25.68,84.9,80,,,,,,,,,3,2,계단식,112D,20.0,17.0,https://new.land.naver.com/complexes/120118?tab=detail&rf=Y,전라남도 무안군 일로읍 오룡리 111,전라남도,무안군,일로읍,,,전라남도 무안군 오룡중앙동로 65,0.0,179,17,978.0,1.31
[일로읍],120118,5,오룡에듀포레푸르지오35블록,2020.07.,744.0,33.94,112.21,25.67,84.86,40,,,,,,,,,3,2,계단식,112E,20.0,17.0,https://new.land.naver.com/complexes/120118?tab=detail&rf=Y,전라남도 무안군 일로읍 오룡리 111,전라남도,무안군,일로읍,,,전라남도 무안군 오룡중앙동로 65,0.0,179,17,978.0,1.31
[일로읍],143183,1,남악오룡지구중흥S-클래스에듀파크,2024.08.,543.0,33.28,110.02,25.7,84.99,498,,,,,,,,,3,2,계단식,110A,25.0,15.0,https://new.land.naver.com/complexes/143183?tab=detail&rf=Y,전라남도 무안군 일로읍 오룡리 남악오룡지구 41블럭,전라남도,무안군,일로읍,,,전라남도 무안군,0.0,0,0,835.0,1.54
[일로읍],143183,2,남악오룡지구중흥S-클래스에듀파크,2024.08.,543.0,34.35,113.56,25.7,84.97,45,,,,,,,,,3,2,계단식,113B,25.0,15.0,https://new.land.naver.com/complexes/143183?tab=detail&rf=Y,전라남도 무안군 일로읍 오룡리 남악오룡지구 41블럭,전라남도,무안군,일로읍,,,전라남도 무안군,0.0,0,0,835.0,1.54
[청계면],114081,1,뉴코아,1995.10.,30.0,19.96,66.0,18.03,59.63,20,,,,,,,,,3,2,계단식,66A,5.0,5.0,https://new.land.naver.com/complexes/114081?tab=detail&rf=Y,전라남도 무안군 청계면 도림리 578-1,전라남도,무안군,청계면,,,전라남도 무안군 영산로 1743-11,0.0,0,0,0.0,0.0
[청계면],114081,2,뉴코아,1995.10.,30.0,20.25,66.95,18.12,59.93,5,,,,,,,,,3,2,계단식,66B,5.0,5.0,https://new.land.naver.com/complexes/114081?tab=detail&rf=Y,전라남도 무안군 청계면 도림리 578-1,전라남도,무안군,청계면,,,전라남도 무안군 영산로 1743-11,0.0,0,0,0.0,0.0
[청계면],114081,3,뉴코아,1995.10.,30.0,20.26,67.0,18.14,59.98,5,,,,,,,,,3,2,계단식,67C,5.0,5.0,https://new.land.naver.com/complexes/114081?tab=detail&rf=Y,전라남도 무안군 청계면 도림리 578-1,전라남도,무안군,청계면,,,전라남도 무안군 영산로 1743-11,0.0,0,0,0.0,0.0
[청계면],16971,1,대호,1997.03.,122.0,15.67,51.83,11.7,38.68,122,,,,,,,,,2,1,계단식,51,13.0,9.0,https://new.land.naver.com/complexes/16971?tab=detail&rf=Y,전라남도 무안군 청계면 남성리 6,전라남도,무안군,청계면,,,전라남도 무안군 청계중앙길 54,0.0,245,24,48.0,0.39
[청계면],114069,1,삼보,1991.10.,60.0,13.97,46.19,11.24,37.16,24,,,,,,,,,2,1,계단식,46,6.0,6.0,https://new.land.naver.com/complexes/114069?tab=detail&rf=Y,전라남도 무안군 청계면 남성리 13-6,전라남도,무안군,청계면,,,전라남도 무안군 해안로 62-3,0.0,206,31,0.0,0.0
[청계면],114069,2,삼보,1991.10.,60.0,17.96,59.38,14.52,48.01,6,,,,,,,,,2,1,계단식,59,6.0,6.0,https://new.land.naver.com/complexes/114069?tab=detail&rf=Y,전라남도 무안군 청계면 남성리 13-6,전라남도,무안군,청계면,,,전라남도 무안군 해안로 62-3,0.0,206,31,0.0,0.0
[청계면],114069,3,삼보,1991.10.,60.0,19.31,63.86,15.61,51.63,6,,,,,,,,,2,1,계단식,63,6.0,6.0,https://new.land.naver.com/complexes/114069?tab=detail&rf=Y,전라남도 무안군 청계면 남성리 13-6,전라남도,무안군,청계면,,,전라남도 무안군 해안로 62-3,0.0,206,31,0.0,0.0
[청계면],114069,4,삼보,1991.10.,60.0,19.58,64.74,16.42,54.29,24,,,,,,,,,3,1,계단식,64,6.0,6.0,https://new.land.naver.com/complexes/114069?tab=detail&rf=Y,전라남도 무안군 청계면 남성리 13-6,전라남도,무안군,청계면,,,전라남도 무안군 해안로 62-3,0.0,206,31,0.0,0.0
[해제면],142408,1,이노하임,2021.05.,24.0,30.08,99.44,22.95,75.9,24,,,,,,,,,3,2,계단식,99,13.0,13.0,https://new.land.naver.com/complexes/142408?tab=detail&rf=Y,전라남도 무안군 해제면 양매리 920-2,전라남도,무안군,해제면,,,전라남도 무안군 해제중앙로 2-6,0.0,217,31,27.0,1.12
