[±â»ê¸é],102087,1,¿ùµåÇÇ¾Æ,2009.12.,429.0,23.37,77.27,18.12,59.93,352,,,,,,,,,3,2,º¹µµ½Ä,77,15.0,15.0,https://new.land.naver.com/complexes/102087?tab=detail&rf=Y,°æ»óºÏµµ Ä¥°î±º ±â»ê¸é Á×Àü¸® 274-4,°æ»óºÏµµ,Ä¥°î±º,±â»ê¸é,,,°æ»óºÏµµ Ä¥°î±º Áö»ê·Î 961,0.0,188,19,362.0,0.84
[±â»ê¸é],102087,2,¿ùµåÇÇ¾Æ,2009.12.,429.0,31.31,103.53,25.68,84.91,77,,,,,,,,,3,2,º¹µµ½Ä,103,15.0,15.0,https://new.land.naver.com/complexes/102087?tab=detail&rf=Y,°æ»óºÏµµ Ä¥°î±º ±â»ê¸é Á×Àü¸® 274-4,°æ»óºÏµµ,Ä¥°î±º,±â»ê¸é,,,°æ»óºÏµµ Ä¥°î±º Áö»ê·Î 961,0.0,188,19,362.0,0.84
[µ¿¸í¸é],122818,1,½Å¿ø,1991.01.,19.0,24.46,80.89,19.62,64.87,19,,,,,,,,,3,2,°è´Ü½Ä,80,5.0,4.0,https://new.land.naver.com/complexes/122818?tab=detail&rf=Y,°æ»óºÏµµ Ä¥°î±º µ¿¸í¸é ±Ý¾Ï¸® 485-1,°æ»óºÏµµ,Ä¥°î±º,µ¿¸í¸é,,,°æ»óºÏµµ Ä¥°î±º ±Ý¾ÏÁß¾Ó±æ 121-6,0.0,216,41,0.0,0.0
[µ¿¸í¸é],112839,1,³²ºÎÈÞ¿ÂÄ«¿îÆ¼,2015.12.,18.0,34.46,113.92,25.67,84.89,18,,,,,,,,,3,2,°è´Ü½Ä,113,10.0,10.0,https://new.land.naver.com/complexes/112839?tab=detail&rf=Y,°æ»óºÏµµ Ä¥°î±º µ¿¸í¸é ±Ý¾Ï¸® 246,°æ»óºÏµµ,Ä¥°î±º,µ¿¸í¸é,,,°æ»óºÏµµ Ä¥°î±º ±Ý¾ÏÁß¾Ó±æ 27-14,0.0,226,31,18.0,1.0
[ºÏ»ïÀ¾],119220,1,Ä¥°îºÏ»ï¼­Èñ½ºÅ¸Èú½º´õÆÛ½ºÆ®,2020.09.,999.0,24.31,80.39,18.12,59.92,279,,,,,,,,,3,2,°è´Ü½Ä,80A,25.0,13.0,https://new.land.naver.com/complexes/119220?tab=detail&rf=Y,°æ»óºÏµµ Ä¥°î±º ºÏ»ïÀ¾ ÀÎÆò¸® 1131,°æ»óºÏµµ,Ä¥°î±º,ºÏ»ïÀ¾,,,°æ»óºÏµµ Ä¥°î±º ÀÎ°­1±æ 62-11,0.0,248,21,1131.0,1.13
[ºÏ»ïÀ¾],119220,2,Ä¥°îºÏ»ï¼­Èñ½ºÅ¸Èú½º´õÆÛ½ºÆ®,2020.09.,999.0,24.7,81.67,18.14,59.98,178,,,,,,,,,3,2,°è´Ü½Ä,81B,25.0,13.0,https://new.land.naver.com/complexes/119220?tab=detail&rf=Y,°æ»óºÏµµ Ä¥°î±º ºÏ»ïÀ¾ ÀÎÆò¸® 1131,°æ»óºÏµµ,Ä¥°î±º,ºÏ»ïÀ¾,,,°æ»óºÏµµ Ä¥°î±º ÀÎ°­1±æ 62-11,0.0,248,21,1131.0,1.13
[ºÏ»ïÀ¾],119220,3,Ä¥°îºÏ»ï¼­Èñ½ºÅ¸Èú½º´õÆÛ½ºÆ®,2020.09.,999.0,32.46,107.32,24.46,80.86,542,,,,,,,,,3,2,°è´Ü½Ä,107,25.0,13.0,https://new.land.naver.com/complexes/119220?tab=detail&rf=Y,°æ»óºÏµµ Ä¥°î±º ºÏ»ïÀ¾ ÀÎÆò¸® 1131,°æ»óºÏµµ,Ä¥°î±º,ºÏ»ïÀ¾,,,°æ»óºÏµµ Ä¥°î±º ÀÎ°­1±æ 62-11,0.0,248,21,1131.0,1.13
[ºÏ»ïÀ¾],7428,1,±Ý¿ÀÇö´ë,1996.03.,574.0,21.81,72.11,18.11,59.89,370,,,,,,,,,3,1,°è´Ü½Ä,72,19.0,16.0,https://new.land.naver.com/complexes/7428?tab=detail&rf=Y,°æ»óºÏµµ Ä¥°î±º ºÏ»ïÀ¾ ¼þ¿À¸® 18-1,°æ»óºÏµµ,Ä¥°î±º,ºÏ»ïÀ¾,,,°æ»óºÏµµ Ä¥°î±º ¾È»ê2±æ 37-9,0.0,306,22,459.0,0.8
[ºÏ»ïÀ¾],7428,2,±Ý¿ÀÇö´ë,1996.03.,574.0,27.29,90.23,22.66,74.93,132,,,,,,,,,3,1,°è´Ü½Ä,90,19.0,16.0,https://new.land.naver.com/complexes/7428?tab=detail&rf=Y,°æ»óºÏµµ Ä¥°î±º ºÏ»ïÀ¾ ¼þ¿À¸® 18-1,°æ»óºÏµµ,Ä¥°î±º,ºÏ»ïÀ¾,,,°æ»óºÏµµ Ä¥°î±º ¾È»ê2±æ 37-9,0.0,306,22,459.0,0.8
[ºÏ»ïÀ¾],7428,3,±Ý¿ÀÇö´ë,1996.03.,574.0,30.83,101.92,25.6,84.65,72,,,,,,,,,3,2,°è´Ü½Ä,101,19.0,16.0,https://new.land.naver.com/complexes/7428?tab=detail&rf=Y,°æ»óºÏµµ Ä¥°î±º ºÏ»ïÀ¾ ¼þ¿À¸® 18-1,°æ»óºÏµµ,Ä¥°î±º,ºÏ»ïÀ¾,,,°æ»óºÏµµ Ä¥°î±º ¾È»ê2±æ 37-9,0.0,306,22,459.0,0.8
[ºÏ»ïÀ¾],119161,1,¹Ì¸²ÈúÅ¸¿î13Â÷,2002.05.,19.0,29.59,97.83,25.63,84.74,19,,,,,,,,,3,2,°è´Ü½Ä,97,10.0,10.0,https://new.land.naver.com/complexes/119161?tab=detail&rf=Y,°æ»óºÏµµ Ä¥°î±º ºÏ»ïÀ¾ ÀÎÆò¸® 1035-6,°æ»óºÏµµ,Ä¥°î±º,ºÏ»ïÀ¾,,,°æ»óºÏµµ Ä¥°î±º ±Ý¿À´ë·Î2±æ 51,0.0,246,32,16.0,0.84
[ºÏ»ïÀ¾],15765,1,ÇöÁø,1999.05.,318.0,24.11,79.71,18.11,59.87,177,,,,,,,,,3,1,°è´Ü½Ä,79B,19.0,17.0,https://new.land.naver.com/complexes/15765?tab=detail&rf=Y,°æ»óºÏµµ Ä¥°î±º ºÏ»ïÀ¾ ÀÎÆò¸® 1036,°æ»óºÏµµ,Ä¥°î±º,ºÏ»ïÀ¾,,,°æ»óºÏµµ Ä¥°î±º ±Ý¿À´ë·Î10±æ 35,0.0,252,21,340.0,1.07
[ºÏ»ïÀ¾],15765,2,ÇöÁø,1999.05.,318.0,24.08,79.62,18.08,59.78,3,,,,,,,,,3,1,°è´Ü½Ä,79A,19.0,17.0,https://new.land.naver.com/complexes/15765?tab=detail&rf=Y,°æ»óºÏµµ Ä¥°î±º ºÏ»ïÀ¾ ÀÎÆò¸® 1036,°æ»óºÏµµ,Ä¥°î±º,ºÏ»ïÀ¾,,,°æ»óºÏµµ Ä¥°î±º ±Ý¿À´ë·Î10±æ 35,0.0,252,21,340.0,1.07
[ºÏ»ïÀ¾],15765,3,ÇöÁø,1999.05.,318.0,32.47,107.36,25.67,84.87,138,,,,,,,,,3,2,°è´Ü½Ä,107,19.0,17.0,https://new.land.naver.com/complexes/15765?tab=detail&rf=Y,°æ»óºÏµµ Ä¥°î±º ºÏ»ïÀ¾ ÀÎÆò¸® 1036,°æ»óºÏµµ,Ä¥°î±º,ºÏ»ïÀ¾,,,°æ»óºÏµµ Ä¥°î±º ±Ý¿À´ë·Î10±æ 35,0.0,252,21,340.0,1.07
[ºÏ»ïÀ¾],15758,1,ºÏ»ï»ïÁÖ,1991.11.,444.0,17.58,58.12,15.4,50.92,144,,,,,,,,,2,1,°è´Ü½Ä,58,6.0,6.0,https://new.land.naver.com/complexes/15758?tab=detail&rf=Y,°æ»óºÏµµ Ä¥°î±º ºÏ»ïÀ¾ ¾î·Î¸® 440-1,°æ»óºÏµµ,Ä¥°î±º,ºÏ»ïÀ¾,,,°æ»óºÏµµ Ä¥°î±º ¾î·Î3±æ 9,0.0,135,25,123.0,0.28
[ºÏ»ïÀ¾],15758,2,ºÏ»ï»ïÁÖ,1991.11.,444.0,19.75,65.32,15.4,50.92,12,,,,,,,,,2,1,°è´Ü½Ä,65B,6.0,6.0,https://new.land.naver.com/complexes/15758?tab=detail&rf=Y,°æ»óºÏµµ Ä¥°î±º ºÏ»ïÀ¾ ¾î·Î¸® 440-1,°æ»óºÏµµ,Ä¥°î±º,ºÏ»ïÀ¾,,,°æ»óºÏµµ Ä¥°î±º ¾î·Î3±æ 9,0.0,135,25,123.0,0.28
[ºÏ»ïÀ¾],15758,3,ºÏ»ï»ïÁÖ,1991.11.,444.0,20.31,67.17,18.14,59.97,288,,,,,,,,,3,1,°è´Ü½Ä,67A,6.0,6.0,https://new.land.naver.com/complexes/15758?tab=detail&rf=Y,°æ»óºÏµµ Ä¥°î±º ºÏ»ïÀ¾ ¾î·Î¸® 440-1,°æ»óºÏµµ,Ä¥°î±º,ºÏ»ïÀ¾,,,°æ»óºÏµµ Ä¥°î±º ¾î·Î3±æ 9,0.0,135,25,123.0,0.28
[ºÏ»ïÀ¾],7442,1,µ¿ºÎ´ÃÇª¸¥Å¸¿î,1995.12.,324.0,21.9,72.42,17.99,59.49,142,,,,,,,,,3,1,°è´Ü½Ä,72,17.0,11.0,https://new.land.naver.com/complexes/7442?tab=detail&rf=Y,°æ»óºÏµµ Ä¥°î±º ºÏ»ïÀ¾ ÀÎÆò¸® 271-1,°æ»óºÏµµ,Ä¥°î±º,ºÏ»ïÀ¾,,,°æ»óºÏµµ Ä¥°î±º ºÏ»ï·Î8±æ 19,0.0,291,50,219.0,0.68
[ºÏ»ïÀ¾],7442,2,µ¿ºÎ´ÃÇª¸¥Å¸¿î,1995.12.,324.0,22.58,74.67,18.12,59.92,56,,,,,,,,,3,2,°è´Ü½Ä,74A,17.0,11.0,https://new.land.naver.com/complexes/7442?tab=detail&rf=Y,°æ»óºÏµµ Ä¥°î±º ºÏ»ïÀ¾ ÀÎÆò¸® 271-1,°æ»óºÏµµ,Ä¥°î±º,ºÏ»ïÀ¾,,,°æ»óºÏµµ Ä¥°î±º ºÏ»ï·Î8±æ 19,0.0,291,50,219.0,0.68
[ºÏ»ïÀ¾],7442,3,µ¿ºÎ´ÃÇª¸¥Å¸¿î,1995.12.,324.0,22.61,74.75,18.12,59.92,2,,,,,,,,,3,2,°è´Ü½Ä,74B,17.0,11.0,https://new.land.naver.com/complexes/7442?tab=detail&rf=Y,°æ»óºÏµµ Ä¥°î±º ºÏ»ïÀ¾ ÀÎÆò¸® 271-1,°æ»óºÏµµ,Ä¥°î±º,ºÏ»ïÀ¾,,,°æ»óºÏµµ Ä¥°î±º ºÏ»ï·Î8±æ 19,0.0,291,50,219.0,0.68
[ºÏ»ïÀ¾],7442,4,µ¿ºÎ´ÃÇª¸¥Å¸¿î,1995.12.,324.0,22.99,76.02,18.12,59.92,68,,,,,,,,,3,1,°è´Ü½Ä,76C,17.0,11.0,https://new.land.naver.com/complexes/7442?tab=detail&rf=Y,°æ»óºÏµµ Ä¥°î±º ºÏ»ïÀ¾ ÀÎÆò¸® 271-1,°æ»óºÏµµ,Ä¥°î±º,ºÏ»ïÀ¾,,,°æ»óºÏµµ Ä¥°î±º ºÏ»ï·Î8±æ 19,0.0,291,50,219.0,0.68
[ºÏ»ïÀ¾],7442,5,µ¿ºÎ´ÃÇª¸¥Å¸¿î,1995.12.,324.0,27.88,92.19,23.42,77.45,52,,,,,,,,,3,1,°è´Ü½Ä,92A,17.0,11.0,https://new.land.naver.com/complexes/7442?tab=detail&rf=Y,°æ»óºÏµµ Ä¥°î±º ºÏ»ïÀ¾ ÀÎÆò¸® 271-1,°æ»óºÏµµ,Ä¥°î±º,ºÏ»ïÀ¾,,,°æ»óºÏµµ Ä¥°î±º ºÏ»ï·Î8±æ 19,0.0,291,50,219.0,0.68
[ºÏ»ïÀ¾],7442,6,µ¿ºÎ´ÃÇª¸¥Å¸¿î,1995.12.,324.0,27.91,92.28,23.42,77.45,4,,,,,,,,,3,2,°è´Ü½Ä,92B,17.0,11.0,https://new.land.naver.com/complexes/7442?tab=detail&rf=Y,°æ»óºÏµµ Ä¥°î±º ºÏ»ïÀ¾ ÀÎÆò¸® 271-1,°æ»óºÏµµ,Ä¥°î±º,ºÏ»ïÀ¾,,,°æ»óºÏµµ Ä¥°î±º ºÏ»ï·Î8±æ 19,0.0,291,50,219.0,0.68
[ºÏ»ïÀ¾],141125,1,¸í°¡¸¶À»(µµ½ÃÇü),2016.07.,24.0,24.82,82.05,19.77,65.37,24,,,,,,,,,3,2,°è´Ü½Ä,82,5.0,5.0,https://new.land.naver.com/complexes/141125?tab=detail&rf=Y,°æ»óºÏµµ Ä¥°î±º ºÏ»ïÀ¾ ÀÎÆò¸® 512-1,°æ»óºÏµµ,Ä¥°î±º,ºÏ»ïÀ¾,,,°æ»óºÏµµ Ä¥°î±º ¾È»ê1±æ 6-10,0.0,179,59,24.0,1.0
[ºÏ»ïÀ¾],15949,1,·Î¾â,2002.08.,185.0,16.52,54.62,12.81,42.37,1,,,,,,,,,2,1,°è´Ü½Ä,54,12.0,9.0,https://new.land.naver.com/complexes/15949?tab=detail&rf=Y,°æ»óºÏµµ Ä¥°î±º ºÏ»ïÀ¾ ÀÎÆò¸® 675-1,°æ»óºÏµµ,Ä¥°î±º,ºÏ»ïÀ¾,,,°æ»óºÏµµ Ä¥°î±º ÀÎ°­9±æ 10,0.0,0,0,0.0,0.0
[ºÏ»ïÀ¾],15949,2,·Î¾â,2002.08.,185.0,17.53,57.98,13.11,43.36,44,,,,,,,,,2,1,°è´Ü½Ä,57,12.0,9.0,https://new.land.naver.com/complexes/15949?tab=detail&rf=Y,°æ»óºÏµµ Ä¥°î±º ºÏ»ïÀ¾ ÀÎÆò¸® 675-1,°æ»óºÏµµ,Ä¥°î±º,ºÏ»ïÀ¾,,,°æ»óºÏµµ Ä¥°î±º ÀÎ°­9±æ 10,0.0,0,0,0.0,0.0
[ºÏ»ïÀ¾],15949,3,·Î¾â,2002.08.,185.0,21.09,69.74,16.63,54.99,140,,,,,,,,,3,1,°è´Ü½Ä,69,12.0,9.0,https://new.land.naver.com/complexes/15949?tab=detail&rf=Y,°æ»óºÏµµ Ä¥°î±º ºÏ»ïÀ¾ ÀÎÆò¸® 675-1,°æ»óºÏµµ,Ä¥°î±º,ºÏ»ïÀ¾,,,°æ»óºÏµµ Ä¥°î±º ÀÎ°­9±æ 10,0.0,0,0,0.0,0.0
[ºÏ»ïÀ¾],7446,1,Àü¿ø´ëµ¿Å¸¿î,1995.05.,293.0,24.47,80.92,18.14,59.97,164,,,,,,,,,2,1,º¹µµ½Ä,80B,15.0,14.0,https://new.land.naver.com/complexes/7446?tab=detail&rf=Y,°æ»óºÏµµ Ä¥°î±º ºÏ»ïÀ¾ À²¸® 830-47,°æ»óºÏµµ,Ä¥°î±º,ºÏ»ïÀ¾,,,°æ»óºÏµµ Ä¥°î±º ¿ÜÀ²1±æ 9,0.0,295,33,229.0,0.78
[ºÏ»ïÀ¾],7446,2,Àü¿ø´ëµ¿Å¸¿î,1995.05.,293.0,24.24,80.15,17.96,59.4,99,,,,,,,,,2,1,°è´Ü½Ä,80A,15.0,14.0,https://new.land.naver.com/complexes/7446?tab=detail&rf=Y,°æ»óºÏµµ Ä¥°î±º ºÏ»ïÀ¾ À²¸® 830-47,°æ»óºÏµµ,Ä¥°î±º,ºÏ»ïÀ¾,,,°æ»óºÏµµ Ä¥°î±º ¿ÜÀ²1±æ 9,0.0,295,33,229.0,0.78
[ºÏ»ïÀ¾],7446,3,Àü¿ø´ëµ¿Å¸¿î,1995.05.,293.0,29.53,97.64,25.7,84.99,30,,,,,,,,,3,2,°è´Ü½Ä,97,15.0,14.0,https://new.land.naver.com/complexes/7446?tab=detail&rf=Y,°æ»óºÏµµ Ä¥°î±º ºÏ»ïÀ¾ À²¸® 830-47,°æ»óºÏµµ,Ä¥°î±º,ºÏ»ïÀ¾,,,°æ»óºÏµµ Ä¥°î±º ¿ÜÀ²1±æ 9,0.0,295,33,229.0,0.78
[ºÏ»ïÀ¾],100835,1,ÀÎÆò.¼þ¿À½ÃÆ¼Å¸¿î,1997.11.,151.0,21.46,70.97,18.14,59.98,65,,,,,,,,,3,1,°è´Ü½Ä,70,12.0,8.0,https://new.land.naver.com/complexes/100835?tab=detail&rf=Y,°æ»óºÏµµ Ä¥°î±º ºÏ»ïÀ¾ ÀÎÆò¸® 1069,°æ»óºÏµµ,Ä¥°î±º,ºÏ»ïÀ¾,,,°æ»óºÏµµ Ä¥°î±º ÀÎ°­8±æ 20,0.0,222,30,146.0,0.97
[ºÏ»ïÀ¾],100835,2,ÀÎÆò.¼þ¿À½ÃÆ¼Å¸¿î,1997.11.,151.0,29.07,96.1,25.7,84.97,86,,,,,,,,,3,2,°è´Ü½Ä,96,12.0,8.0,https://new.land.naver.com/complexes/100835?tab=detail&rf=Y,°æ»óºÏµµ Ä¥°î±º ºÏ»ïÀ¾ ÀÎÆò¸® 1069,°æ»óºÏµµ,Ä¥°î±º,ºÏ»ïÀ¾,,,°æ»óºÏµµ Ä¥°î±º ÀÎ°­8±æ 20,0.0,222,30,146.0,0.97
[ºÏ»ïÀ¾],139298,1,¼¼±¤¿¡ºñ¾Ó(101µ¿),2014.06.,24.0,29.39,97.17,24.33,80.43,24,,,,,,,,,3,2,°è´Ü½Ä,97,5.0,5.0,https://new.land.naver.com/complexes/139298?tab=detail&rf=Y,°æ»óºÏµµ Ä¥°î±º ºÏ»ïÀ¾ ÀÎÆò¸® 150-2,°æ»óºÏµµ,Ä¥°î±º,ºÏ»ïÀ¾,,,°æ»óºÏµµ Ä¥°î±º ºÏ»ï·Î 25-16,0.0,149,39,24.0,1.0
[ºÏ»ïÀ¾],123080,1,¼¼±¤¿¡ºñ¾Ó,2016.09.,27.0,33.98,112.35,25.66,84.85,27,,,,,,,,,3,2,°è´Ü½Ä,112,10.0,10.0,https://new.land.naver.com/complexes/123080?tab=detail&rf=Y,°æ»óºÏµµ Ä¥°î±º ºÏ»ïÀ¾ ÀÎÆò¸® 235-4,°æ»óºÏµµ,Ä¥°î±º,ºÏ»ïÀ¾,,,°æ»óºÏµµ Ä¥°î±º ÀÎÆòÁß¾Ó·Î 76-12,0.0,254,33,30.0,1.11
[ºÏ»ïÀ¾],7612,1,ÀÎÆòÃ¢½Å,1995.06.,421.0,15.86,52.44,12.08,39.95,44,,,,,,,,,2,1,°è´Ü½Ä,52,15.0,8.0,https://new.land.naver.com/complexes/7612?tab=detail&rf=Y,°æ»óºÏµµ Ä¥°î±º ºÏ»ïÀ¾ ÀÎÆò¸® 1090,°æ»óºÏµµ,Ä¥°î±º,ºÏ»ïÀ¾,,,°æ»óºÏµµ Ä¥°î±º ±Ý¿À´ë·Î6±æ 9-6,0.0,233,30,314.0,0.75
[ºÏ»ïÀ¾],7612,2,ÀÎÆòÃ¢½Å,1995.06.,421.0,21.86,72.27,18.12,59.93,377,,,,,,,,,2,1,°è´Ü½Ä,72,15.0,8.0,https://new.land.naver.com/complexes/7612?tab=detail&rf=Y,°æ»óºÏµµ Ä¥°î±º ºÏ»ïÀ¾ ÀÎÆò¸® 1090,°æ»óºÏµµ,Ä¥°î±º,ºÏ»ïÀ¾,,,°æ»óºÏµµ Ä¥°î±º ±Ý¿À´ë·Î6±æ 9-6,0.0,233,30,314.0,0.75
[ºÏ»ïÀ¾],119594,1,¹é»ê±×·£µå,2006.11.,18.0,32.04,105.92,25.62,84.72,17,,,,,,,,,3,2,°è´Ü½Ä,105A,9.0,9.0,https://new.land.naver.com/complexes/119594?tab=detail&rf=Y,°æ»óºÏµµ Ä¥°î±º ºÏ»ïÀ¾ ÀÎÆò¸® 1032-1,°æ»óºÏµµ,Ä¥°î±º,ºÏ»ïÀ¾,,,°æ»óºÏµµ Ä¥°î±º ±Ý¿À´ë·Î8±æ 33-11,0.0,243,33,16.0,0.89
[ºÏ»ïÀ¾],119594,2,¹é»ê±×·£µå,2006.11.,18.0,32.07,106.04,25.66,84.84,1,,,,,,,,,3,2,°è´Ü½Ä,106B,9.0,9.0,https://new.land.naver.com/complexes/119594?tab=detail&rf=Y,°æ»óºÏµµ Ä¥°î±º ºÏ»ïÀ¾ ÀÎÆò¸® 1032-1,°æ»óºÏµµ,Ä¥°î±º,ºÏ»ïÀ¾,,,°æ»óºÏµµ Ä¥°î±º ±Ý¿À´ë·Î8±æ 33-11,0.0,243,33,16.0,0.89
[ºÏ»ïÀ¾],7618,1,¼þ¿ÀÈ­Áø±ÝºÀÅ¸¿î1Â÷,1995.12.,192.0,25.63,84.74,18.14,59.97,60,,,,,,,,,3,2,°è´Ü½Ä,84A,15.0,10.0,https://new.land.naver.com/complexes/7618?tab=detail&rf=Y,°æ»óºÏµµ Ä¥°î±º ºÏ»ïÀ¾ ÀÎÆò¸® 690-1,°æ»óºÏµµ,Ä¥°î±º,ºÏ»ïÀ¾,,,°æ»óºÏµµ Ä¥°î±º ¾È»ê2±æ 6-4,0.0,236,25,140.0,0.73
[ºÏ»ïÀ¾],7618,2,¼þ¿ÀÈ­Áø±ÝºÀÅ¸¿î1Â÷,1995.12.,192.0,25.66,84.84,18.14,59.97,20,,,,,,,,,3,1,°è´Ü½Ä,84B,15.0,10.0,https://new.land.naver.com/complexes/7618?tab=detail&rf=Y,°æ»óºÏµµ Ä¥°î±º ºÏ»ïÀ¾ ÀÎÆò¸® 690-1,°æ»óºÏµµ,Ä¥°î±º,ºÏ»ïÀ¾,,,°æ»óºÏµµ Ä¥°î±º ¾È»ê2±æ 6-4,0.0,236,25,140.0,0.73
[ºÏ»ïÀ¾],7618,3,¼þ¿ÀÈ­Áø±ÝºÀÅ¸¿î1Â÷,1995.12.,192.0,34.76,114.94,25.68,84.9,90,,,,,,,,,3,2,°è´Ü½Ä,114A,15.0,10.0,https://new.land.naver.com/complexes/7618?tab=detail&rf=Y,°æ»óºÏµµ Ä¥°î±º ºÏ»ïÀ¾ ÀÎÆò¸® 690-1,°æ»óºÏµµ,Ä¥°î±º,ºÏ»ïÀ¾,,,°æ»óºÏµµ Ä¥°î±º ¾È»ê2±æ 6-4,0.0,236,25,140.0,0.73
[ºÏ»ïÀ¾],7618,4,¼þ¿ÀÈ­Áø±ÝºÀÅ¸¿î1Â÷,1995.12.,192.0,34.79,115.02,25.68,84.9,22,,,,,,,,,3,2,°è´Ü½Ä,115B,15.0,10.0,https://new.land.naver.com/complexes/7618?tab=detail&rf=Y,°æ»óºÏµµ Ä¥°î±º ºÏ»ïÀ¾ ÀÎÆò¸® 690-1,°æ»óºÏµµ,Ä¥°î±º,ºÏ»ïÀ¾,,,°æ»óºÏµµ Ä¥°î±º ¾È»ê2±æ 6-4,0.0,236,25,140.0,0.73
[ºÏ»ïÀ¾],139299,1,"¼¼±¤¿¡ºñ¾Ó(102µ¿,µµ½ÃÇü)",2015.05.,24.0,32.32,106.87,25.68,84.91,24,,,,,,,,,3,2,°è´Ü½Ä,106,5.0,5.0,https://new.land.naver.com/complexes/139299?tab=detail&rf=Y,°æ»óºÏµµ Ä¥°î±º ºÏ»ïÀ¾ ÀÎÆò¸® 150-3,°æ»óºÏµµ,Ä¥°î±º,ºÏ»ïÀ¾,,,°æ»óºÏµµ Ä¥°î±º ºÏ»ï·Î 25-18,0.0,127,40,27.0,1.12
[ºÏ»ïÀ¾],109971,1,ºÏ»ïµå¸²ÆÄÅ©,2014.02.,54.0,31.04,102.64,23.62,78.1,4,,,,,,,,,3,2,°è´Ü½Ä,102A,10.0,10.0,https://new.land.naver.com/complexes/109971?tab=detail&rf=Y,°æ»óºÏµµ Ä¥°î±º ºÏ»ïÀ¾ ÀÎÆò¸® 417-37,°æ»óºÏµµ,Ä¥°î±º,ºÏ»ïÀ¾,,,°æ»óºÏµµ Ä¥°î±º ÀÎÆò1±æ 7-10,0.0,0,0,55.0,1.02
[ºÏ»ïÀ¾],109971,2,ºÏ»ïµå¸²ÆÄÅ©,2014.02.,54.0,31.28,103.43,23.82,78.77,32,,,,,,,,,3,2,°è´Ü½Ä,103B,10.0,10.0,https://new.land.naver.com/complexes/109971?tab=detail&rf=Y,°æ»óºÏµµ Ä¥°î±º ºÏ»ïÀ¾ ÀÎÆò¸® 417-37,°æ»óºÏµµ,Ä¥°î±º,ºÏ»ïÀ¾,,,°æ»óºÏµµ Ä¥°î±º ÀÎÆò1±æ 7-10,0.0,0,0,55.0,1.02
[ºÏ»ïÀ¾],109971,3,ºÏ»ïµå¸²ÆÄÅ©,2014.02.,54.0,31.69,104.78,24.73,81.76,18,,,,,,,,,3,2,º¹µµ½Ä,104,10.0,10.0,https://new.land.naver.com/complexes/109971?tab=detail&rf=Y,°æ»óºÏµµ Ä¥°î±º ºÏ»ïÀ¾ ÀÎÆò¸® 417-37,°æ»óºÏµµ,Ä¥°î±º,ºÏ»ïÀ¾,,,°æ»óºÏµµ Ä¥°î±º ÀÎÆò1±æ 7-10,0.0,0,0,55.0,1.02
[ºÏ»ïÀ¾],15948,1,¼þ¿ÀÈ­¼ºÆÄÅ©,2002.11.,527.0,22.3,73.73,15.96,52.78,98,,,,,,,,,3,1,°è´Ü½Ä,73A,15.0,9.0,https://new.land.naver.com/complexes/15948?tab=detail&rf=Y,°æ»óºÏµµ Ä¥°î±º ºÏ»ïÀ¾ ¼þ¿À¸® 26-1,°æ»óºÏµµ,Ä¥°î±º,ºÏ»ïÀ¾,,,°æ»óºÏµµ Ä¥°î±º ºÏ»ï·Î 193-5,0.0,262,22,394.0,0.75
[ºÏ»ïÀ¾],15948,2,¼þ¿ÀÈ­¼ºÆÄÅ©,2002.11.,527.0,22.75,75.22,15.96,52.78,69,,,,,,,,,3,1,°è´Ü½Ä,75B,15.0,9.0,https://new.land.naver.com/complexes/15948?tab=detail&rf=Y,°æ»óºÏµµ Ä¥°î±º ºÏ»ïÀ¾ ¼þ¿À¸® 26-1,°æ»óºÏµµ,Ä¥°î±º,ºÏ»ïÀ¾,,,°æ»óºÏµµ Ä¥°î±º ºÏ»ï·Î 193-5,0.0,262,22,394.0,0.75
[ºÏ»ïÀ¾],15948,3,¼þ¿ÀÈ­¼ºÆÄÅ©,2002.11.,527.0,23.28,76.99,17.85,59.03,360,,,,,,,,,3,1,°è´Ü½Ä,76A,15.0,9.0,https://new.land.naver.com/complexes/15948?tab=detail&rf=Y,°æ»óºÏµµ Ä¥°î±º ºÏ»ïÀ¾ ¼þ¿À¸® 26-1,°æ»óºÏµµ,Ä¥°î±º,ºÏ»ïÀ¾,,,°æ»óºÏµµ Ä¥°î±º ºÏ»ï·Î 193-5,0.0,262,22,394.0,0.75
[ºÏ»ïÀ¾],7604,1,´ëµ¿,1995.08.,223.0,22.99,76.03,18.12,59.93,138,,,,,,,,,3,1,°è´Ü½Ä,76,15.0,7.0,https://new.land.naver.com/complexes/7604?tab=detail&rf=Y,°æ»óºÏµµ Ä¥°î±º ºÏ»ïÀ¾ ÀÎÆò¸® 678-1,°æ»óºÏµµ,Ä¥°î±º,ºÏ»ïÀ¾,,,°æ»óºÏµµ Ä¥°î±º ÀÎ°­5±æ 59,0.0,0,0,223.0,1.0
[ºÏ»ïÀ¾],7604,2,´ëµ¿,1995.08.,223.0,26.27,86.85,17.93,59.29,29,,,,,,,,,3,1,°è´Ü½Ä,86,15.0,7.0,https://new.land.naver.com/complexes/7604?tab=detail&rf=Y,°æ»óºÏµµ Ä¥°î±º ºÏ»ïÀ¾ ÀÎÆò¸® 678-1,°æ»óºÏµµ,Ä¥°î±º,ºÏ»ïÀ¾,,,°æ»óºÏµµ Ä¥°î±º ÀÎ°­5±æ 59,0.0,0,0,223.0,1.0
[ºÏ»ïÀ¾],7604,3,´ëµ¿,1995.08.,223.0,29.28,96.8,23.87,78.93,30,,,,,,,,,3,1,°è´Ü½Ä,96,15.0,7.0,https://new.land.naver.com/complexes/7604?tab=detail&rf=Y,°æ»óºÏµµ Ä¥°î±º ºÏ»ïÀ¾ ÀÎÆò¸® 678-1,°æ»óºÏµµ,Ä¥°î±º,ºÏ»ïÀ¾,,,°æ»óºÏµµ Ä¥°î±º ÀÎ°­5±æ 59,0.0,0,0,223.0,1.0
[ºÏ»ïÀ¾],7604,4,´ëµ¿,1995.08.,223.0,32.68,108.04,25.68,84.91,26,,,,,,,,,3,2,°è´Ü½Ä,108,15.0,7.0,https://new.land.naver.com/complexes/7604?tab=detail&rf=Y,°æ»óºÏµµ Ä¥°î±º ºÏ»ïÀ¾ ÀÎÆò¸® 678-1,°æ»óºÏµµ,Ä¥°î±º,ºÏ»ïÀ¾,,,°æ»óºÏµµ Ä¥°î±º ÀÎ°­5±æ 59,0.0,0,0,223.0,1.0
[ºÏ»ïÀ¾],15759,1,¼þ¿À¿ë¿ì,2000.08.,150.0,14.1,46.63,10.21,33.76,45,,,,,,,,,2,1,°è´Ü½Ä,46,15.0,15.0,https://new.land.naver.com/complexes/15759?tab=detail&rf=Y,°æ»óºÏµµ Ä¥°î±º ºÏ»ïÀ¾ ¼þ¿À¸® 31-2,°æ»óºÏµµ,Ä¥°î±º,ºÏ»ïÀ¾,,,°æ»óºÏµµ Ä¥°î±º ºÏ»ï·Î 188-5,0.0,336,29,116.0,0.77
[ºÏ»ïÀ¾],15759,2,¼þ¿À¿ë¿ì,2000.08.,150.0,22.2,73.42,16.33,54.01,105,,,,,,,,,2,1,°è´Ü½Ä,73,15.0,15.0,https://new.land.naver.com/complexes/15759?tab=detail&rf=Y,°æ»óºÏµµ Ä¥°î±º ºÏ»ïÀ¾ ¼þ¿À¸® 31-2,°æ»óºÏµµ,Ä¥°î±º,ºÏ»ïÀ¾,,,°æ»óºÏµµ Ä¥°î±º ºÏ»ï·Î 188-5,0.0,336,29,116.0,0.77
[ºÏ»ïÀ¾],7615,1,ÀÎÆòÈ­¼ºÅ¸¿î,1996.12.,254.0,25.99,85.94,18.06,59.72,134,,,,,,,,,3,1,°è´Ü½Ä,85A,15.0,9.0,https://new.land.naver.com/complexes/7615?tab=detail&rf=Y,°æ»óºÏµµ Ä¥°î±º ºÏ»ïÀ¾ ÀÎÆò¸® 1068,°æ»óºÏµµ,Ä¥°î±º,ºÏ»ïÀ¾,,,°æ»óºÏµµ Ä¥°î±º ÀÎ°­8±æ 21,0.0,0,0,228.0,0.9
[ºÏ»ïÀ¾],7615,2,ÀÎÆòÈ­¼ºÅ¸¿î,1996.12.,254.0,26.0,85.97,18.15,60.0,90,,,,,,,,,3,1,°è´Ü½Ä,85B,15.0,9.0,https://new.land.naver.com/complexes/7615?tab=detail&rf=Y,°æ»óºÏµµ Ä¥°î±º ºÏ»ïÀ¾ ÀÎÆò¸® 1068,°æ»óºÏµµ,Ä¥°î±º,ºÏ»ïÀ¾,,,°æ»óºÏµµ Ä¥°î±º ÀÎ°­8±æ 21,0.0,0,0,228.0,0.9
[ºÏ»ïÀ¾],7615,3,ÀÎÆòÈ­¼ºÅ¸¿î,1996.12.,254.0,36.69,121.31,25.69,84.94,30,,,,,,,,,3,2,°è´Ü½Ä,121,15.0,9.0,https://new.land.naver.com/complexes/7615?tab=detail&rf=Y,°æ»óºÏµµ Ä¥°î±º ºÏ»ïÀ¾ ÀÎÆò¸® 1068,°æ»óºÏµµ,Ä¥°î±º,ºÏ»ïÀ¾,,,°æ»óºÏµµ Ä¥°î±º ÀÎ°­8±æ 21,0.0,0,0,228.0,0.9
[ºÏ»ïÀ¾],7622,1,¼þ¿ÀÈ­Áø±ÝºÀÅ¸¿î2Â÷,1996.06.,142.0,21.84,72.2,18.14,59.99,48,,,,,,,,,3,1,°è´Ü½Ä,72,13.0,13.0,https://new.land.naver.com/complexes/7622?tab=detail&rf=Y,°æ»óºÏµµ Ä¥°î±º ºÏ»ïÀ¾ ÀÎÆò¸® 705-1,°æ»óºÏµµ,Ä¥°î±º,ºÏ»ïÀ¾,,,°æ»óºÏµµ Ä¥°î±º ºÏ»ï·Î 214-4,0.0,266,27,107.0,0.75
[ºÏ»ïÀ¾],7622,2,¼þ¿ÀÈ­Áø±ÝºÀÅ¸¿î2Â÷,1996.06.,142.0,25.7,84.96,18.14,59.99,16,,,,,,,,,3,1,°è´Ü½Ä,84,13.0,13.0,https://new.land.naver.com/complexes/7622?tab=detail&rf=Y,°æ»óºÏµµ Ä¥°î±º ºÏ»ïÀ¾ ÀÎÆò¸® 705-1,°æ»óºÏµµ,Ä¥°î±º,ºÏ»ïÀ¾,,,°æ»óºÏµµ Ä¥°î±º ºÏ»ï·Î 214-4,0.0,266,27,107.0,0.75
[ºÏ»ïÀ¾],7622,3,¼þ¿ÀÈ­Áø±ÝºÀÅ¸¿î2Â÷,1996.06.,142.0,29.72,98.27,25.68,84.9,78,,,,,,,,,3,1,°è´Ü½Ä,98,13.0,13.0,https://new.land.naver.com/complexes/7622?tab=detail&rf=Y,°æ»óºÏµµ Ä¥°î±º ºÏ»ïÀ¾ ÀÎÆò¸® 705-1,°æ»óºÏµµ,Ä¥°î±º,ºÏ»ïÀ¾,,,°æ»óºÏµµ Ä¥°î±º ºÏ»ï·Î 214-4,0.0,266,27,107.0,0.75
[¼®ÀûÀ¾],143482,1,Æ÷½ÃÁð(µµ½ÃÇü),2016.12.,16.0,24.63,81.43,19.13,63.27,4,,,,,,,,,3,2,°è´Ü½Ä,81A,5.0,4.0,https://new.land.naver.com/complexes/143482?tab=detail&rf=Y,°æ»óºÏµµ Ä¥°î±º ¼®ÀûÀ¾ ³²À²¸® 607-1,°æ»óºÏµµ,Ä¥°î±º,¼®ÀûÀ¾,,,°æ»óºÏµµ Ä¥°î±º ½Å±â±æ 29,0.0,0,0,16.0,1.0
[¼®ÀûÀ¾],143482,2,Æ÷½ÃÁð(µµ½ÃÇü),2016.12.,16.0,24.79,81.98,19.98,66.07,4,,,,,,,,,3,2,°è´Ü½Ä,81C,5.0,4.0,https://new.land.naver.com/complexes/143482?tab=detail&rf=Y,°æ»óºÏµµ Ä¥°î±º ¼®ÀûÀ¾ ³²À²¸® 607-1,°æ»óºÏµµ,Ä¥°î±º,¼®ÀûÀ¾,,,°æ»óºÏµµ Ä¥°î±º ½Å±â±æ 29,0.0,0,0,16.0,1.0
[¼®ÀûÀ¾],143482,3,Æ÷½ÃÁð(µµ½ÃÇü),2016.12.,16.0,24.89,82.3,19.34,63.96,4,,,,,,,,,3,2,°è´Ü½Ä,82B,5.0,4.0,https://new.land.naver.com/complexes/143482?tab=detail&rf=Y,°æ»óºÏµµ Ä¥°î±º ¼®ÀûÀ¾ ³²À²¸® 607-1,°æ»óºÏµµ,Ä¥°î±º,¼®ÀûÀ¾,,,°æ»óºÏµµ Ä¥°î±º ½Å±â±æ 29,0.0,0,0,16.0,1.0
[¼®ÀûÀ¾],143482,4,Æ÷½ÃÁð(µµ½ÃÇü),2016.12.,16.0,25.05,82.81,20.19,66.76,4,,,,,,,,,3,2,°è´Ü½Ä,82D,5.0,4.0,https://new.land.naver.com/complexes/143482?tab=detail&rf=Y,°æ»óºÏµµ Ä¥°î±º ¼®ÀûÀ¾ ³²À²¸® 607-1,°æ»óºÏµµ,Ä¥°î±º,¼®ÀûÀ¾,,,°æ»óºÏµµ Ä¥°î±º ½Å±â±æ 29,0.0,0,0,16.0,1.0
[¼®ÀûÀ¾],118252,1,±¤¼º¾ÆÆ®¶û½º,2014.07.,18.0,31.06,102.68,25.38,83.91,9,,,,,,,,,3,2,°è´Ü½Ä,102A,10.0,10.0,https://new.land.naver.com/complexes/118252?tab=detail&rf=Y,°æ»óºÏµµ Ä¥°î±º ¼®ÀûÀ¾ Áß¸® 135-8,°æ»óºÏµµ,Ä¥°î±º,¼®ÀûÀ¾,,,°æ»óºÏµµ Ä¥°î±º Àå°î±æ 107,0.0,380,58,17.0,0.94
[¼®ÀûÀ¾],118252,2,±¤¼º¾ÆÆ®¶û½º,2014.07.,18.0,31.09,102.8,25.61,84.69,9,,,,,,,,,3,2,°è´Ü½Ä,102B,10.0,10.0,https://new.land.naver.com/complexes/118252?tab=detail&rf=Y,°æ»óºÏµµ Ä¥°î±º ¼®ÀûÀ¾ Áß¸® 135-8,°æ»óºÏµµ,Ä¥°î±º,¼®ÀûÀ¾,,,°æ»óºÏµµ Ä¥°î±º Àå°î±æ 107,0.0,380,58,17.0,0.94
[¼®ÀûÀ¾],25196,1,³²±¤ÇÏ¿ì½ºÅä¸®,2008.09.,302.0,35.34,116.83,25.7,84.97,250,,,,,,,,,3,2,°è´Ü½Ä,116,26.0,25.0,https://new.land.naver.com/complexes/25196?tab=detail&rf=Y,°æ»óºÏµµ Ä¥°î±º ¼®ÀûÀ¾ ³²À²¸® 883,°æ»óºÏµµ,Ä¥°î±º,¼®ÀûÀ¾,,,°æ»óºÏµµ Ä¥°î±º ¼­Áß¸®4±æ 32,0.0,298,14,325.0,1.08
[¼®ÀûÀ¾],25196,2,³²±¤ÇÏ¿ì½ºÅä¸®,2008.09.,302.0,46.97,155.29,36.0,119.02,52,,,,,,,,,4,2,°è´Ü½Ä,155,26.0,25.0,https://new.land.naver.com/complexes/25196?tab=detail&rf=Y,°æ»óºÏµµ Ä¥°î±º ¼®ÀûÀ¾ ³²À²¸® 883,°æ»óºÏµµ,Ä¥°î±º,¼®ÀûÀ¾,,,°æ»óºÏµµ Ä¥°î±º ¼­Áß¸®4±æ 32,0.0,298,14,325.0,1.08
[¼®ÀûÀ¾],26317,1,µ¿È­°ø´ÜÅ¸¿î,1998.05.,474.0,21.87,72.33,18.14,59.97,474,,,,,,,,,3,1,°è´Ü½Ä,72,15.0,9.0,https://new.land.naver.com/complexes/26317?tab=detail&rf=Y,°æ»óºÏµµ Ä¥°î±º ¼®ÀûÀ¾ ³²À²¸® 593,°æ»óºÏµµ,Ä¥°î±º,¼®ÀûÀ¾,,,°æ»óºÏµµ Ä¥°î±º ´ë±³±æ 36,0.0,391,42,396.0,0.84
[¼®ÀûÀ¾],113402,1,¼¼¿ø¥Ï2¸®¿ò(µµ½ÃÇü),2016.07.,140.0,22.18,73.35,16.24,53.69,40,,,,,,,,,3,1,°è´Ü½Ä,73,6.0,6.0,https://new.land.naver.com/complexes/113402?tab=detail&rf=Y,°æ»óºÏµµ Ä¥°î±º ¼®ÀûÀ¾ ¼º°î¸® 902,°æ»óºÏµµ,Ä¥°î±º,¼®ÀûÀ¾,,,°æ»óºÏµµ Ä¥°î±º Àå°î±æ 240,0.0,108,28,150.0,1.07
[¼®ÀûÀ¾],113402,2,¼¼¿ø¥Ï2¸®¿ò(µµ½ÃÇü),2016.07.,140.0,24.37,80.57,18.82,62.22,90,,,,,,,,,3,2,°è´Ü½Ä,80,6.0,6.0,https://new.land.naver.com/complexes/113402?tab=detail&rf=Y,°æ»óºÏµµ Ä¥°î±º ¼®ÀûÀ¾ ¼º°î¸® 902,°æ»óºÏµµ,Ä¥°î±º,¼®ÀûÀ¾,,,°æ»óºÏµµ Ä¥°î±º Àå°î±æ 240,0.0,108,28,150.0,1.07
[¼®ÀûÀ¾],113402,3,¼¼¿ø¥Ï2¸®¿ò(µµ½ÃÇü),2016.07.,140.0,33.24,109.89,25.64,84.79,10,,,,,,,,,3,2,°è´Ü½Ä,109,6.0,6.0,https://new.land.naver.com/complexes/113402?tab=detail&rf=Y,°æ»óºÏµµ Ä¥°î±º ¼®ÀûÀ¾ ¼º°î¸® 902,°æ»óºÏµµ,Ä¥°î±º,¼®ÀûÀ¾,,,°æ»óºÏµµ Ä¥°î±º Àå°î±æ 240,0.0,108,28,150.0,1.07
[¼®ÀûÀ¾],105750,1,Áß¸®,2003.08.,19.0,31.07,102.74,25.68,84.91,19,,,,,,,,,3,2,º¹µµ½Ä,102,6.0,5.0,https://new.land.naver.com/complexes/105750?tab=detail&rf=Y,°æ»óºÏµµ Ä¥°î±º ¼®ÀûÀ¾ Áß¸® 244-3,°æ»óºÏµµ,Ä¥°î±º,¼®ÀûÀ¾,,,°æ»óºÏµµ Ä¥°î±º ³²Áß¸®1±æ 66,0.0,256,49,18.0,0.95
[¼®ÀûÀ¾],25205,1,Áß¸®±ÝÈ£¾î¿ï¸²,2008.05.,579.0,29.49,97.51,23.12,76.44,42,,,,,,,,,3,2,°è´Ü½Ä,97,22.0,15.0,https://new.land.naver.com/complexes/25205?tab=detail&rf=Y,°æ»óºÏµµ Ä¥°î±º ¼®ÀûÀ¾ Áß¸® 171,°æ»óºÏµµ,Ä¥°î±º,¼®ÀûÀ¾,,,°æ»óºÏµµ Ä¥°î±º ¼­Áß¸®5±æ 66-6,0.0,243,17,715.0,1.23
[¼®ÀûÀ¾],25205,2,Áß¸®±ÝÈ£¾î¿ï¸²,2008.05.,579.0,33.02,109.18,25.7,84.99,497,,,,,,,,,3,2,°è´Ü½Ä,109,22.0,15.0,https://new.land.naver.com/complexes/25205?tab=detail&rf=Y,°æ»óºÏµµ Ä¥°î±º ¼®ÀûÀ¾ Áß¸® 171,°æ»óºÏµµ,Ä¥°î±º,¼®ÀûÀ¾,,,°æ»óºÏµµ Ä¥°î±º ¼­Áß¸®5±æ 66-6,0.0,243,17,715.0,1.23
[¼®ÀûÀ¾],25205,3,Áß¸®±ÝÈ£¾î¿ï¸²,2008.05.,579.0,42.14,139.33,35.34,116.84,40,,,,,,,,,3,2,°è´Ü½Ä,139,22.0,15.0,https://new.land.naver.com/complexes/25205?tab=detail&rf=Y,°æ»óºÏµµ Ä¥°î±º ¼®ÀûÀ¾ Áß¸® 171,°æ»óºÏµµ,Ä¥°î±º,¼®ÀûÀ¾,,,°æ»óºÏµµ Ä¥°î±º ¼­Áß¸®5±æ 66-6,0.0,243,17,715.0,1.23
[¼®ÀûÀ¾],108144,1,Ä¥°î³²À²È¿¼ºÇØ¸µÅÏÇÃ·¹ÀÌ½º1´ÜÁö,2016.07.,835.0,24.17,79.93,18.14,59.99,216,,,,,,,,,3,2,°è´Ü½Ä,79,18.0,15.0,https://new.land.naver.com/complexes/108144?tab=detail&rf=Y,°æ»óºÏµµ Ä¥°î±º ¼®ÀûÀ¾ ³²À²¸® 1087,°æ»óºÏµµ,Ä¥°î±º,¼®ÀûÀ¾,,,°æ»óºÏµµ Ä¥°î±º ³²À²·Î9±æ 33,0.0,249,24,1027.0,1.23
[¼®ÀûÀ¾],108144,2,Ä¥°î³²À²È¿¼ºÇØ¸µÅÏÇÃ·¹ÀÌ½º1´ÜÁö,2016.07.,835.0,29.78,98.45,22.53,74.51,238,,,,,,,,,3,2,°è´Ü½Ä,98A,18.0,15.0,https://new.land.naver.com/complexes/108144?tab=detail&rf=Y,°æ»óºÏµµ Ä¥°î±º ¼®ÀûÀ¾ ³²À²¸® 1087,°æ»óºÏµµ,Ä¥°î±º,¼®ÀûÀ¾,,,°æ»óºÏµµ Ä¥°î±º ³²À²·Î9±æ 33,0.0,249,24,1027.0,1.23
[¼®ÀûÀ¾],108144,3,Ä¥°î³²À²È¿¼ºÇØ¸µÅÏÇÃ·¹ÀÌ½º1´ÜÁö,2016.07.,835.0,29.78,98.45,22.53,74.51,14,,,,,,,,,3,2,°è´Ü½Ä,98AT,18.0,15.0,https://new.land.naver.com/complexes/108144?tab=detail&rf=Y,°æ»óºÏµµ Ä¥°î±º ¼®ÀûÀ¾ ³²À²¸® 1087,°æ»óºÏµµ,Ä¥°î±º,¼®ÀûÀ¾,,,°æ»óºÏµµ Ä¥°î±º ³²À²·Î9±æ 33,0.0,249,24,1027.0,1.23
[¼®ÀûÀ¾],108144,4,Ä¥°î³²À²È¿¼ºÇØ¸µÅÏÇÃ·¹ÀÌ½º1´ÜÁö,2016.07.,835.0,29.95,99.03,22.4,74.05,136,,,,,,,,,3,2,°è´Ü½Ä,99B,18.0,15.0,https://new.land.naver.com/complexes/108144?tab=detail&rf=Y,°æ»óºÏµµ Ä¥°î±º ¼®ÀûÀ¾ ³²À²¸® 1087,°æ»óºÏµµ,Ä¥°î±º,¼®ÀûÀ¾,,,°æ»óºÏµµ Ä¥°î±º ³²À²·Î9±æ 33,0.0,249,24,1027.0,1.23
[¼®ÀûÀ¾],108144,5,Ä¥°î³²À²È¿¼ºÇØ¸µÅÏÇÃ·¹ÀÌ½º1´ÜÁö,2016.07.,835.0,29.96,99.07,22.63,74.84,81,,,,,,,,,3,2,°è´Ü½Ä,99C,18.0,15.0,https://new.land.naver.com/complexes/108144?tab=detail&rf=Y,°æ»óºÏµµ Ä¥°î±º ¼®ÀûÀ¾ ³²À²¸® 1087,°æ»óºÏµµ,Ä¥°î±º,¼®ÀûÀ¾,,,°æ»óºÏµµ Ä¥°î±º ³²À²·Î9±æ 33,0.0,249,24,1027.0,1.23
[¼®ÀûÀ¾],108144,6,Ä¥°î³²À²È¿¼ºÇØ¸µÅÏÇÃ·¹ÀÌ½º1´ÜÁö,2016.07.,835.0,29.95,99.03,22.4,74.05,8,,,,,,,,,3,2,°è´Ü½Ä,99BT,18.0,15.0,https://new.land.naver.com/complexes/108144?tab=detail&rf=Y,°æ»óºÏµµ Ä¥°î±º ¼®ÀûÀ¾ ³²À²¸® 1087,°æ»óºÏµµ,Ä¥°î±º,¼®ÀûÀ¾,,,°æ»óºÏµµ Ä¥°î±º ³²À²·Î9±æ 33,0.0,249,24,1027.0,1.23
[¼®ÀûÀ¾],108144,7,Ä¥°î³²À²È¿¼ºÇØ¸µÅÏÇÃ·¹ÀÌ½º1´ÜÁö,2016.07.,835.0,29.96,99.07,22.63,74.84,1,,,,,,,,,3,2,°è´Ü½Ä,99CT,18.0,15.0,https://new.land.naver.com/complexes/108144?tab=detail&rf=Y,°æ»óºÏµµ Ä¥°î±º ¼®ÀûÀ¾ ³²À²¸® 1087,°æ»óºÏµµ,Ä¥°î±º,¼®ÀûÀ¾,,,°æ»óºÏµµ Ä¥°î±º ³²À²·Î9±æ 33,0.0,249,24,1027.0,1.23
[¼®ÀûÀ¾],108144,8,Ä¥°î³²À²È¿¼ºÇØ¸µÅÏÇÃ·¹ÀÌ½º1´ÜÁö,2016.07.,835.0,33.96,112.28,25.61,84.67,133,,,,,,,,,3,2,°è´Ü½Ä,112,18.0,15.0,https://new.land.naver.com/complexes/108144?tab=detail&rf=Y,°æ»óºÏµµ Ä¥°î±º ¼®ÀûÀ¾ ³²À²¸® 1087,°æ»óºÏµµ,Ä¥°î±º,¼®ÀûÀ¾,,,°æ»óºÏµµ Ä¥°î±º ³²À²·Î9±æ 33,0.0,249,24,1027.0,1.23
[¼®ÀûÀ¾],108144,9,Ä¥°î³²À²È¿¼ºÇØ¸µÅÏÇÃ·¹ÀÌ½º1´ÜÁö,2016.07.,835.0,33.96,112.28,25.61,84.67,8,,,,,,,,,3,2,°è´Ü½Ä,112T,18.0,15.0,https://new.land.naver.com/complexes/108144?tab=detail&rf=Y,°æ»óºÏµµ Ä¥°î±º ¼®ÀûÀ¾ ³²À²¸® 1087,°æ»óºÏµµ,Ä¥°î±º,¼®ÀûÀ¾,,,°æ»óºÏµµ Ä¥°î±º ³²À²·Î9±æ 33,0.0,249,24,1027.0,1.23
[¼®ÀûÀ¾],106383,1,Ä¥°î³²À²È¿¼ºÇØ¸µÅÏÇÃ·¹ÀÌ½º2´ÜÁö,2015.05.,576.0,24.07,79.6,18.14,59.99,204,,,,,,,,,3,2,°è´Ü½Ä,79,18.0,18.0,https://new.land.naver.com/complexes/106383?tab=detail&rf=Y,°æ»óºÏµµ Ä¥°î±º ¼®ÀûÀ¾ ³²À²¸® 1337,°æ»óºÏµµ,Ä¥°î±º,¼®ÀûÀ¾,,,°æ»óºÏµµ Ä¥°î±º ³²À²·Î9±æ 61,0.0,263,25,625.0,1.09
[¼®ÀûÀ¾],106383,2,Ä¥°î³²À²È¿¼ºÇØ¸µÅÏÇÃ·¹ÀÌ½º2´ÜÁö,2015.05.,576.0,24.07,79.6,18.14,59.99,12,,,,,,,,,3,2,°è´Ü½Ä,79T,18.0,18.0,https://new.land.naver.com/complexes/106383?tab=detail&rf=Y,°æ»óºÏµµ Ä¥°î±º ¼®ÀûÀ¾ ³²À²¸® 1337,°æ»óºÏµµ,Ä¥°î±º,¼®ÀûÀ¾,,,°æ»óºÏµµ Ä¥°î±º ³²À²·Î9±æ 61,0.0,263,25,625.0,1.09
[¼®ÀûÀ¾],106383,3,Ä¥°î³²À²È¿¼ºÇØ¸µÅÏÇÃ·¹ÀÌ½º2´ÜÁö,2015.05.,576.0,28.38,93.84,21.55,71.25,238,,,,,,,,,3,2,°è´Ü½Ä,93,18.0,18.0,https://new.land.naver.com/complexes/106383?tab=detail&rf=Y,°æ»óºÏµµ Ä¥°î±º ¼®ÀûÀ¾ ³²À²¸® 1337,°æ»óºÏµµ,Ä¥°î±º,¼®ÀûÀ¾,,,°æ»óºÏµµ Ä¥°î±º ³²À²·Î9±æ 61,0.0,263,25,625.0,1.09
[¼®ÀûÀ¾],106383,4,Ä¥°î³²À²È¿¼ºÇØ¸µÅÏÇÃ·¹ÀÌ½º2´ÜÁö,2015.05.,576.0,28.38,93.84,21.55,71.25,14,,,,,,,,,3,2,°è´Ü½Ä,93T,18.0,18.0,https://new.land.naver.com/complexes/106383?tab=detail&rf=Y,°æ»óºÏµµ Ä¥°î±º ¼®ÀûÀ¾ ³²À²¸® 1337,°æ»óºÏµµ,Ä¥°î±º,¼®ÀûÀ¾,,,°æ»óºÏµµ Ä¥°î±º ³²À²·Î9±æ 61,0.0,263,25,625.0,1.09
[¼®ÀûÀ¾],106383,5,Ä¥°î³²À²È¿¼ºÇØ¸µÅÏÇÃ·¹ÀÌ½º2´ÜÁö,2015.05.,576.0,33.66,111.28,25.45,84.15,102,,,,,,,,,3,2,°è´Ü½Ä,111,18.0,18.0,https://new.land.naver.com/complexes/106383?tab=detail&rf=Y,°æ»óºÏµµ Ä¥°î±º ¼®ÀûÀ¾ ³²À²¸® 1337,°æ»óºÏµµ,Ä¥°î±º,¼®ÀûÀ¾,,,°æ»óºÏµµ Ä¥°î±º ³²À²·Î9±æ 61,0.0,263,25,625.0,1.09
[¼®ÀûÀ¾],106383,6,Ä¥°î³²À²È¿¼ºÇØ¸µÅÏÇÃ·¹ÀÌ½º2´ÜÁö,2015.05.,576.0,33.66,111.28,25.45,84.15,6,,,,,,,,,3,2,°è´Ü½Ä,111T,18.0,18.0,https://new.land.naver.com/complexes/106383?tab=detail&rf=Y,°æ»óºÏµµ Ä¥°î±º ¼®ÀûÀ¾ ³²À²¸® 1337,°æ»óºÏµµ,Ä¥°î±º,¼®ÀûÀ¾,,,°æ»óºÏµµ Ä¥°î±º ³²À²·Î9±æ 61,0.0,263,25,625.0,1.09
[¼®ÀûÀ¾],106911,1,Ä¥°î³²À²È¿¼ºÇØ¸µÅÏÇÃ·¹ÀÌ½º3´ÜÁö,2015.08.,563.0,24.3,80.35,18.14,59.99,306,,,,,,,,,3,2,°è´Ü½Ä,80,18.0,13.0,https://new.land.naver.com/complexes/106911?tab=detail&rf=Y,°æ»óºÏµµ Ä¥°î±º ¼®ÀûÀ¾ ³²À²¸® 1511,°æ»óºÏµµ,Ä¥°î±º,¼®ÀûÀ¾,,,°æ»óºÏµµ Ä¥°î±º ³²À²·Î9±æ 81,0.0,246,24,611.0,1.09
[¼®ÀûÀ¾],106911,2,Ä¥°î³²À²È¿¼ºÇØ¸µÅÏÇÃ·¹ÀÌ½º3´ÜÁö,2015.08.,563.0,24.3,80.35,18.14,59.99,18,,,,,,,,,3,2,°è´Ü½Ä,80T,18.0,13.0,https://new.land.naver.com/complexes/106911?tab=detail&rf=Y,°æ»óºÏµµ Ä¥°î±º ¼®ÀûÀ¾ ³²À²¸® 1511,°æ»óºÏµµ,Ä¥°î±º,¼®ÀûÀ¾,,,°æ»óºÏµµ Ä¥°î±º ³²À²·Î9±æ 81,0.0,246,24,611.0,1.09
[¼®ÀûÀ¾],106911,3,Ä¥°î³²À²È¿¼ºÇØ¸µÅÏÇÃ·¹ÀÌ½º3´ÜÁö,2015.08.,563.0,28.65,94.72,21.55,71.25,110,,,,,,,,,3,2,°è´Ü½Ä,94A,18.0,13.0,https://new.land.naver.com/complexes/106911?tab=detail&rf=Y,°æ»óºÏµµ Ä¥°î±º ¼®ÀûÀ¾ ³²À²¸® 1511,°æ»óºÏµµ,Ä¥°î±º,¼®ÀûÀ¾,,,°æ»óºÏµµ Ä¥°î±º ³²À²·Î9±æ 81,0.0,246,24,611.0,1.09
[¼®ÀûÀ¾],106911,4,Ä¥°î³²À²È¿¼ºÇØ¸µÅÏÇÃ·¹ÀÌ½º3´ÜÁö,2015.08.,563.0,28.65,94.72,21.55,71.25,6,,,,,,,,,3,2,°è´Ü½Ä,94AT,18.0,13.0,https://new.land.naver.com/complexes/106911?tab=detail&rf=Y,°æ»óºÏµµ Ä¥°î±º ¼®ÀûÀ¾ ³²À²¸® 1511,°æ»óºÏµµ,Ä¥°î±º,¼®ÀûÀ¾,,,°æ»óºÏµµ Ä¥°î±º ³²À²·Î9±æ 81,0.0,246,24,611.0,1.09
[¼®ÀûÀ¾],106911,5,Ä¥°î³²À²È¿¼ºÇØ¸µÅÏÇÃ·¹ÀÌ½º3´ÜÁö,2015.08.,563.0,28.87,95.47,21.48,71.03,48,,,,,,,,,3,2,°è´Ü½Ä,95B,18.0,13.0,https://new.land.naver.com/complexes/106911?tab=detail&rf=Y,°æ»óºÏµµ Ä¥°î±º ¼®ÀûÀ¾ ³²À²¸® 1511,°æ»óºÏµµ,Ä¥°î±º,¼®ÀûÀ¾,,,°æ»óºÏµµ Ä¥°î±º ³²À²·Î9±æ 81,0.0,246,24,611.0,1.09
[¼®ÀûÀ¾],106911,6,Ä¥°î³²À²È¿¼ºÇØ¸µÅÏÇÃ·¹ÀÌ½º3´ÜÁö,2015.08.,563.0,28.87,95.47,21.48,71.03,3,,,,,,,,,3,2,°è´Ü½Ä,95BT,18.0,13.0,https://new.land.naver.com/complexes/106911?tab=detail&rf=Y,°æ»óºÏµµ Ä¥°î±º ¼®ÀûÀ¾ ³²À²¸® 1511,°æ»óºÏµµ,Ä¥°î±º,¼®ÀûÀ¾,,,°æ»óºÏµµ Ä¥°î±º ³²À²·Î9±æ 81,0.0,246,24,611.0,1.09
[¼®ÀûÀ¾],106911,7,Ä¥°î³²À²È¿¼ºÇØ¸µÅÏÇÃ·¹ÀÌ½º3´ÜÁö,2015.08.,563.0,33.97,112.32,25.45,84.15,68,,,,,,,,,3,2,°è´Ü½Ä,112,18.0,13.0,https://new.land.naver.com/complexes/106911?tab=detail&rf=Y,°æ»óºÏµµ Ä¥°î±º ¼®ÀûÀ¾ ³²À²¸® 1511,°æ»óºÏµµ,Ä¥°î±º,¼®ÀûÀ¾,,,°æ»óºÏµµ Ä¥°î±º ³²À²·Î9±æ 81,0.0,246,24,611.0,1.09
[¼®ÀûÀ¾],106911,8,Ä¥°î³²À²È¿¼ºÇØ¸µÅÏÇÃ·¹ÀÌ½º3´ÜÁö,2015.08.,563.0,33.97,112.32,25.45,84.15,4,,,,,,,,,3,2,°è´Ü½Ä,112T,18.0,13.0,https://new.land.naver.com/complexes/106911?tab=detail&rf=Y,°æ»óºÏµµ Ä¥°î±º ¼®ÀûÀ¾ ³²À²¸® 1511,°æ»óºÏµµ,Ä¥°î±º,¼®ÀûÀ¾,,,°æ»óºÏµµ Ä¥°î±º ³²À²·Î9±æ 81,0.0,246,24,611.0,1.09
[¼®ÀûÀ¾],100563,1,3°ø´ÜºÎ¿µ,2000.05.,2635.0,20.82,68.84,15.09,49.89,1645,,,,,,,,,2,1,°è´Ü½Ä,68,18.0,18.0,https://new.land.naver.com/complexes/100563?tab=detail&rf=Y,°æ»óºÏµµ Ä¥°î±º ¼®ÀûÀ¾ Áß¸® 141,°æ»óºÏµµ,Ä¥°î±º,¼®ÀûÀ¾,,,°æ»óºÏµµ Ä¥°î±º ºÏÁß¸®3±æ 70,0.0,267,19,2200.0,0.83
[¼®ÀûÀ¾],100563,2,3°ø´ÜºÎ¿µ,2000.05.,2635.0,24.72,81.75,18.12,59.93,990,,,,,,,,,3,1,°è´Ü½Ä,81,18.0,18.0,https://new.land.naver.com/complexes/100563?tab=detail&rf=Y,°æ»óºÏµµ Ä¥°î±º ¼®ÀûÀ¾ Áß¸® 141,°æ»óºÏµµ,Ä¥°î±º,¼®ÀûÀ¾,,,°æ»óºÏµµ Ä¥°î±º ºÏÁß¸®3±æ 70,0.0,267,19,2200.0,0.83
[¼®ÀûÀ¾],13027,1,¿ì¹æ½ÅÃµÁö,2002.05.,1999.0,16.2,53.57,11.92,39.42,120,,,,,,,,,2,1,°è´Ü½Ä,53,20.0,19.0,https://new.land.naver.com/complexes/13027?tab=detail&rf=Y,°æ»óºÏµµ Ä¥°î±º ¼®ÀûÀ¾ ³²À²¸® 710,°æ»óºÏµµ,Ä¥°î±º,¼®ÀûÀ¾,,,°æ»óºÏµµ Ä¥°î±º ¼®Àû·Î 955-19,0.0,0,0,0.0,0.0
[¼®ÀûÀ¾],13027,2,¿ì¹æ½ÅÃµÁö,2002.05.,1999.0,22.57,74.63,18.13,59.96,520,,,,,,,,,3,1,°è´Ü½Ä,74,20.0,19.0,https://new.land.naver.com/complexes/13027?tab=detail&rf=Y,°æ»óºÏµµ Ä¥°î±º ¼®ÀûÀ¾ ³²À²¸® 710,°æ»óºÏµµ,Ä¥°î±º,¼®ÀûÀ¾,,,°æ»óºÏµµ Ä¥°î±º ¼®Àû·Î 955-19,0.0,0,0,0.0,0.0
[¼®ÀûÀ¾],13027,3,¿ì¹æ½ÅÃµÁö,2002.05.,1999.0,28.0,92.58,23.49,77.67,400,,,,,,,,,3,2,°è´Ü½Ä,92,20.0,19.0,https://new.land.naver.com/complexes/13027?tab=detail&rf=Y,°æ»óºÏµµ Ä¥°î±º ¼®ÀûÀ¾ ³²À²¸® 710,°æ»óºÏµµ,Ä¥°î±º,¼®ÀûÀ¾,,,°æ»óºÏµµ Ä¥°î±º ¼®Àû·Î 955-19,0.0,0,0,0.0,0.0
[¼®ÀûÀ¾],13027,4,¿ì¹æ½ÅÃµÁö,2002.05.,1999.0,30.75,101.66,25.69,84.94,519,,,,,,,,,3,2,°è´Ü½Ä,101B,20.0,19.0,https://new.land.naver.com/complexes/13027?tab=detail&rf=Y,°æ»óºÏµµ Ä¥°î±º ¼®ÀûÀ¾ ³²À²¸® 710,°æ»óºÏµµ,Ä¥°î±º,¼®ÀûÀ¾,,,°æ»óºÏµµ Ä¥°î±º ¼®Àû·Î 955-19,0.0,0,0,0.0,0.0
[¼®ÀûÀ¾],13027,5,¿ì¹æ½ÅÃµÁö,2002.05.,1999.0,30.84,101.98,25.69,84.93,280,,,,,,,,,3,2,°è´Ü½Ä,101A,20.0,19.0,https://new.land.naver.com/complexes/13027?tab=detail&rf=Y,°æ»óºÏµµ Ä¥°î±º ¼®ÀûÀ¾ ³²À²¸® 710,°æ»óºÏµµ,Ä¥°î±º,¼®ÀûÀ¾,,,°æ»óºÏµµ Ä¥°î±º ¼®Àû·Î 955-19,0.0,0,0,0.0,0.0
[¼®ÀûÀ¾],13027,6,¿ì¹æ½ÅÃµÁö,2002.05.,1999.0,35.46,117.25,30.21,99.89,80,,,,,,,,,4,2,°è´Ü½Ä,117,20.0,19.0,https://new.land.naver.com/complexes/13027?tab=detail&rf=Y,°æ»óºÏµµ Ä¥°î±º ¼®ÀûÀ¾ ³²À²¸® 710,°æ»óºÏµµ,Ä¥°î±º,¼®ÀûÀ¾,,,°æ»óºÏµµ Ä¥°î±º ¼®Àû·Î 955-19,0.0,0,0,0.0,0.0
[¼®ÀûÀ¾],13027,7,¿ì¹æ½ÅÃµÁö,2002.05.,1999.0,49.77,164.54,44.07,145.71,40,,,,,,,,,4,2,°è´Ü½Ä,164,20.0,19.0,https://new.land.naver.com/complexes/13027?tab=detail&rf=Y,°æ»óºÏµµ Ä¥°î±º ¼®ÀûÀ¾ ³²À²¸® 710,°æ»óºÏµµ,Ä¥°î±º,¼®ÀûÀ¾,,,°æ»óºÏµµ Ä¥°î±º ¼®Àû·Î 955-19,0.0,0,0,0.0,0.0
[¼®ÀûÀ¾],13027,8,¿ì¹æ½ÅÃµÁö,2002.05.,1999.0,65.65,217.05,59.68,197.32,40,,,,,,,,,5,2,°è´Ü½Ä,217,20.0,19.0,https://new.land.naver.com/complexes/13027?tab=detail&rf=Y,°æ»óºÏµµ Ä¥°î±º ¼®ÀûÀ¾ ³²À²¸® 710,°æ»óºÏµµ,Ä¥°î±º,¼®ÀûÀ¾,,,°æ»óºÏµµ Ä¥°î±º ¼®Àû·Î 955-19,0.0,0,0,0.0,0.0
[¼®ÀûÀ¾],24765,1,ÇÑ¼Ö¼ÖÆÄÅ©°­º¯,2008.04.,498.0,33.48,110.68,25.57,84.54,252,,,,,,,,,3,2,°è´Ü½Ä,110A,18.0,16.0,https://new.land.naver.com/complexes/24765?tab=detail&rf=Y,°æ»óºÏµµ Ä¥°î±º ¼®ÀûÀ¾ ³²À²¸® 764,°æ»óºÏµµ,Ä¥°î±º,¼®ÀûÀ¾,,,°æ»óºÏµµ Ä¥°î±º ¼®Àû·Î 905,0.0,240,19,660.0,1.33
[¼®ÀûÀ¾],24765,2,ÇÑ¼Ö¼ÖÆÄÅ©°­º¯,2008.04.,498.0,33.34,110.23,25.57,84.56,66,,,,,,,,,3,2,°è´Ü½Ä,110C,18.0,16.0,https://new.land.naver.com/complexes/24765?tab=detail&rf=Y,°æ»óºÏµµ Ä¥°î±º ¼®ÀûÀ¾ ³²À²¸® 764,°æ»óºÏµµ,Ä¥°î±º,¼®ÀûÀ¾,,,°æ»óºÏµµ Ä¥°î±º ¼®Àû·Î 905,0.0,240,19,660.0,1.33
[¼®ÀûÀ¾],24765,3,ÇÑ¼Ö¼ÖÆÄÅ©°­º¯,2008.04.,498.0,33.68,111.35,25.67,84.86,72,,,,,,,,,3,2,°è´Ü½Ä,111B,18.0,16.0,https://new.land.naver.com/complexes/24765?tab=detail&rf=Y,°æ»óºÏµµ Ä¥°î±º ¼®ÀûÀ¾ ³²À²¸® 764,°æ»óºÏµµ,Ä¥°î±º,¼®ÀûÀ¾,,,°æ»óºÏµµ Ä¥°î±º ¼®Àû·Î 905,0.0,240,19,660.0,1.33
[¼®ÀûÀ¾],24765,4,ÇÑ¼Ö¼ÖÆÄÅ©°­º¯,2008.04.,498.0,45.43,150.2,36.26,119.9,108,,,,,,,,,4,2,°è´Ü½Ä,150,18.0,16.0,https://new.land.naver.com/complexes/24765?tab=detail&rf=Y,°æ»óºÏµµ Ä¥°î±º ¼®ÀûÀ¾ ³²À²¸® 764,°æ»óºÏµµ,Ä¥°î±º,¼®ÀûÀ¾,,,°æ»óºÏµµ Ä¥°î±º ¼®Àû·Î 905,0.0,240,19,660.0,1.33
[¾à¸ñ¸é],122857,1,¹ßÆ®ÇÏÀÓ,2015.02.,14.0,34.06,112.61,25.67,84.89,7,,,,,,,,,3,2,°è´Ü½Ä,112A,8.0,8.0,https://new.land.naver.com/complexes/122857?tab=detail&rf=Y,°æ»óºÏµµ Ä¥°î±º ¾à¸ñ¸é 972-4,°æ»óºÏµµ,Ä¥°î±º,¾à¸ñ¸é,,,°æ»óºÏµµ Ä¥°î±º ¾à¸ñ·Î3±æ 7,0.0,245,51,17.0,1.21
[¾à¸ñ¸é],122857,2,¹ßÆ®ÇÏÀÓ,2015.02.,14.0,33.99,112.38,25.69,84.94,7,,,,,,,,,3,2,°è´Ü½Ä,112B,8.0,8.0,https://new.land.naver.com/complexes/122857?tab=detail&rf=Y,°æ»óºÏµµ Ä¥°î±º ¾à¸ñ¸é 972-4,°æ»óºÏµµ,Ä¥°î±º,¾à¸ñ¸é,,,°æ»óºÏµµ Ä¥°î±º ¾à¸ñ·Î3±æ 7,0.0,245,51,17.0,1.21
[¾à¸ñ¸é],15775,1,¼ºÀç,1990.07.,576.0,11.2,37.04,9.56,31.62,240,,,,,,,,,1,1,°è´Ü½Ä,37,6.0,6.0,https://new.land.naver.com/complexes/15775?tab=detail&rf=Y,°æ»óºÏµµ Ä¥°î±º ¾à¸ñ¸é °üÈ£¸® »ê 74-10,°æ»óºÏµµ,Ä¥°î±º,¾à¸ñ¸é,,,°æ»óºÏµµ Ä¥°î±º °üÈ£8±æ 32-2,0.0,124,30,0.0,0.0
[¾à¸ñ¸é],15775,2,¼ºÀç,1990.07.,576.0,13.9,45.97,11.87,39.24,240,,,,,,,,,2,1,°è´Ü½Ä,45A,6.0,6.0,https://new.land.naver.com/complexes/15775?tab=detail&rf=Y,°æ»óºÏµµ Ä¥°î±º ¾à¸ñ¸é °üÈ£¸® »ê 74-10,°æ»óºÏµµ,Ä¥°î±º,¾à¸ñ¸é,,,°æ»óºÏµµ Ä¥°î±º °üÈ£8±æ 32-2,0.0,124,30,0.0,0.0
[¾à¸ñ¸é],15775,3,¼ºÀç,1990.07.,576.0,14.41,47.65,12.65,41.82,96,,,,,,,,,2,1,°è´Ü½Ä,47B,6.0,6.0,https://new.land.naver.com/complexes/15775?tab=detail&rf=Y,°æ»óºÏµµ Ä¥°î±º ¾à¸ñ¸é °üÈ£¸® »ê 74-10,°æ»óºÏµµ,Ä¥°î±º,¾à¸ñ¸é,,,°æ»óºÏµµ Ä¥°î±º °üÈ£8±æ 32-2,0.0,124,30,0.0,0.0
[¾à¸ñ¸é],15774,1,º¹¼ºµÎ¼ºÅ¸¿î,1998.08.,281.0,22.58,74.67,17.96,59.4,281,,,,,,,,,3,2,°è´Ü½Ä,74,15.0,8.0,https://new.land.naver.com/complexes/15774?tab=detail&rf=Y,°æ»óºÏµµ Ä¥°î±º ¾à¸ñ¸é º¹¼º¸® »ê 54,°æ»óºÏµµ,Ä¥°î±º,¾à¸ñ¸é,,,°æ»óºÏµµ Ä¥°î±º º¹¼º17±æ 54,0.0,267,73,214.0,0.76
[¾à¸ñ¸é],13793,1,»ïÁÖ°­º¯Å¸¿î,1994.07.,873.0,19.85,65.62,15.12,50.0,873,,,,,,,,,2,1,º¹µµ½Ä,65,15.0,5.0,https://new.land.naver.com/complexes/13793?tab=detail&rf=Y,°æ»óºÏµµ Ä¥°î±º ¾à¸ñ¸é °üÈ£¸® 952,°æ»óºÏµµ,Ä¥°î±º,¾à¸ñ¸é,,,°æ»óºÏµµ Ä¥°î±º °üÈ£8±æ 28-18,0.0,206,20,269.0,0.31
[¾à¸ñ¸é],139029,1,¾È±¹,1992.03.,60.0,17.22,56.93,15.24,50.4,5,,,,,,,,,2,1,°è´Ü½Ä,56,5.0,5.0,https://new.land.naver.com/complexes/139029?tab=detail&rf=Y,°æ»óºÏµµ Ä¥°î±º ¾à¸ñ¸é µ¿¾È¸® 528-1,°æ»óºÏµµ,Ä¥°î±º,¾à¸ñ¸é,,,°æ»óºÏµµ Ä¥°î±º µ¿¾È1±æ 15,0.0,150,32,0.0,0.0
[¾à¸ñ¸é],139029,2,¾È±¹,1992.03.,60.0,19.42,64.23,17.44,57.66,20,,,,,,,,,2,1,°è´Ü½Ä,64,5.0,5.0,https://new.land.naver.com/complexes/139029?tab=detail&rf=Y,°æ»óºÏµµ Ä¥°î±º ¾à¸ñ¸é µ¿¾È¸® 528-1,°æ»óºÏµµ,Ä¥°î±º,¾à¸ñ¸é,,,°æ»óºÏµµ Ä¥°î±º µ¿¾È1±æ 15,0.0,150,32,0.0,0.0
[¾à¸ñ¸é],139029,3,¾È±¹,1992.03.,60.0,22.92,75.77,20.76,68.66,15,,,,,,,,,3,1,°è´Ü½Ä,75A,5.0,5.0,https://new.land.naver.com/complexes/139029?tab=detail&rf=Y,°æ»óºÏµµ Ä¥°î±º ¾à¸ñ¸é µ¿¾È¸® 528-1,°æ»óºÏµµ,Ä¥°î±º,¾à¸ñ¸é,,,°æ»óºÏµµ Ä¥°î±º µ¿¾È1±æ 15,0.0,150,32,0.0,0.0
[¾à¸ñ¸é],139029,4,¾È±¹,1992.03.,60.0,23.18,76.63,21.02,69.51,5,,,,,,,,,3,1,°è´Ü½Ä,76B,5.0,5.0,https://new.land.naver.com/complexes/139029?tab=detail&rf=Y,°æ»óºÏµµ Ä¥°î±º ¾à¸ñ¸é µ¿¾È¸® 528-1,°æ»óºÏµµ,Ä¥°î±º,¾à¸ñ¸é,,,°æ»óºÏµµ Ä¥°î±º µ¿¾È1±æ 15,0.0,150,32,0.0,0.0
[¾à¸ñ¸é],139029,5,¾È±¹,1992.03.,60.0,23.36,77.23,21.35,70.59,4,,,,,,,,,3,1,°è´Ü½Ä,77D,5.0,5.0,https://new.land.naver.com/complexes/139029?tab=detail&rf=Y,°æ»óºÏµµ Ä¥°î±º ¾à¸ñ¸é µ¿¾È¸® 528-1,°æ»óºÏµµ,Ä¥°î±º,¾à¸ñ¸é,,,°æ»óºÏµµ Ä¥°î±º µ¿¾È1±æ 15,0.0,150,32,0.0,0.0
[¾à¸ñ¸é],139029,6,¾È±¹,1992.03.,60.0,23.35,77.2,21.34,70.56,1,,,,,,,,,3,1,°è´Ü½Ä,77C,5.0,5.0,https://new.land.naver.com/complexes/139029?tab=detail&rf=Y,°æ»óºÏµµ Ä¥°î±º ¾à¸ñ¸é µ¿¾È¸® 528-1,°æ»óºÏµµ,Ä¥°î±º,¾à¸ñ¸é,,,°æ»óºÏµµ Ä¥°î±º µ¿¾È1±æ 15,0.0,150,32,0.0,0.0
[¾à¸ñ¸é],139029,7,¾È±¹,1992.03.,60.0,24.95,82.51,22.79,75.36,5,,,,,,,,,3,1,°è´Ü½Ä,82,5.0,5.0,https://new.land.naver.com/complexes/139029?tab=detail&rf=Y,°æ»óºÏµµ Ä¥°î±º ¾à¸ñ¸é µ¿¾È¸® 528-1,°æ»óºÏµµ,Ä¥°î±º,¾à¸ñ¸é,,,°æ»óºÏµµ Ä¥°î±º µ¿¾È1±æ 15,0.0,150,32,0.0,0.0
[¾à¸ñ¸é],139029,8,¾È±¹,1992.03.,60.0,27.2,89.93,25.02,82.74,5,,,,,,,,,3,2,°è´Ü½Ä,89,5.0,5.0,https://new.land.naver.com/complexes/139029?tab=detail&rf=Y,°æ»óºÏµµ Ä¥°î±º ¾à¸ñ¸é µ¿¾È¸® 528-1,°æ»óºÏµµ,Ä¥°î±º,¾à¸ñ¸é,,,°æ»óºÏµµ Ä¥°î±º µ¿¾È1±æ 15,0.0,150,32,0.0,0.0
[¾à¸ñ¸é],10481,1,¾à¸ñ¿À¼ºÅ¸¿ö¸Ç¼Ç,1994.02.,499.0,24.2,80.01,18.06,59.73,143,,,,,,,,,2,1,°è´Ü½Ä,80C,15.0,10.0,https://new.land.naver.com/complexes/10481?tab=detail&rf=Y,°æ»óºÏµµ Ä¥°î±º ¾à¸ñ¸é º¹¼º¸® 701,°æ»óºÏµµ,Ä¥°î±º,¾à¸ñ¸é,,,°æ»óºÏµµ Ä¥°î±º º¹¼º13±æ 24,0.0,548,56,330.0,0.66
[¾à¸ñ¸é],10481,2,¾à¸ñ¿À¼ºÅ¸¿ö¸Ç¼Ç,1994.02.,499.0,24.68,81.6,18.06,59.73,60,,,,,,,,,2,1,°è´Ü½Ä,81C1,15.0,10.0,https://new.land.naver.com/complexes/10481?tab=detail&rf=Y,°æ»óºÏµµ Ä¥°î±º ¾à¸ñ¸é º¹¼º¸® 701,°æ»óºÏµµ,Ä¥°î±º,¾à¸ñ¸é,,,°æ»óºÏµµ Ä¥°î±º º¹¼º13±æ 24,0.0,548,56,330.0,0.66
[¾à¸ñ¸é],10481,3,¾à¸ñ¿À¼ºÅ¸¿ö¸Ç¼Ç,1994.02.,499.0,27.4,90.59,22.13,73.19,59,,,,,,,,,3,1,°è´Ü½Ä,90B,15.0,10.0,https://new.land.naver.com/complexes/10481?tab=detail&rf=Y,°æ»óºÏµµ Ä¥°î±º ¾à¸ñ¸é º¹¼º¸® 701,°æ»óºÏµµ,Ä¥°î±º,¾à¸ñ¸é,,,°æ»óºÏµµ Ä¥°î±º º¹¼º13±æ 24,0.0,548,56,330.0,0.66
[¾à¸ñ¸é],10481,4,¾à¸ñ¿À¼ºÅ¸¿ö¸Ç¼Ç,1994.02.,499.0,27.4,90.59,22.13,73.19,26,,,,,,,,,3,1,°è´Ü½Ä,90B1,15.0,10.0,https://new.land.naver.com/complexes/10481?tab=detail&rf=Y,°æ»óºÏµµ Ä¥°î±º ¾à¸ñ¸é º¹¼º¸® 701,°æ»óºÏµµ,Ä¥°î±º,¾à¸ñ¸é,,,°æ»óºÏµµ Ä¥°î±º º¹¼º13±æ 24,0.0,548,56,330.0,0.66
[¾à¸ñ¸é],10481,5,¾à¸ñ¿À¼ºÅ¸¿ö¸Ç¼Ç,1994.02.,499.0,31.23,103.25,25.69,84.94,211,,,,,,,,,3,2,°è´Ü½Ä,103A,15.0,10.0,https://new.land.naver.com/complexes/10481?tab=detail&rf=Y,°æ»óºÏµµ Ä¥°î±º ¾à¸ñ¸é º¹¼º¸® 701,°æ»óºÏµµ,Ä¥°î±º,¾à¸ñ¸é,,,°æ»óºÏµµ Ä¥°î±º º¹¼º13±æ 24,0.0,548,56,330.0,0.66
[¾à¸ñ¸é],106517,1,¿ì¿µ,1992.06.,190.0,17.44,57.67,15.3,50.58,10,,,,,,,,,2,1,°è´Ü½Ä,57,5.0,5.0,https://new.land.naver.com/complexes/106517?tab=detail&rf=Y,°æ»óºÏµµ Ä¥°î±º ¾à¸ñ¸é º¹¼º¸® 506-1,°æ»óºÏµµ,Ä¥°î±º,¾à¸ñ¸é,,,°æ»óºÏµµ Ä¥°î±º º¹¼º15±æ 38,0.0,0,0,0.0,0.0
[¾à¸ñ¸é],106517,2,¿ì¿µ,1992.06.,190.0,22.81,75.41,20.62,68.19,80,,,,,,,,,3,2,°è´Ü½Ä,75,5.0,5.0,https://new.land.naver.com/complexes/106517?tab=detail&rf=Y,°æ»óºÏµµ Ä¥°î±º ¾à¸ñ¸é º¹¼º¸® 506-1,°æ»óºÏµµ,Ä¥°î±º,¾à¸ñ¸é,,,°æ»óºÏµµ Ä¥°î±º º¹¼º15±æ 38,0.0,0,0,0.0,0.0
[¾à¸ñ¸é],106517,3,¿ì¿µ,1992.06.,190.0,25.36,83.85,23.15,76.56,100,,,,,,,,,3,2,°è´Ü½Ä,83,5.0,5.0,https://new.land.naver.com/complexes/106517?tab=detail&rf=Y,°æ»óºÏµµ Ä¥°î±º ¾à¸ñ¸é º¹¼º¸® 506-1,°æ»óºÏµµ,Ä¥°î±º,¾à¸ñ¸é,,,°æ»óºÏµµ Ä¥°î±º º¹¼º15±æ 38,0.0,0,0,0.0,0.0
[¾à¸ñ¸é],144585,1,ºñ·æ¾ÆÆÄÆ®,1991.11.,19.0,22.07,72.98,20.04,66.26,2,,,,,,,,,3,1,°è´Ü½Ä,72,5.0,4.0,https://new.land.naver.com/complexes/144585?tab=detail&rf=Y,°æ»óºÏµµ Ä¥°î±º ¾à¸ñ¸é º¹¼º¸® 847-1,°æ»óºÏµµ,Ä¥°î±º,¾à¸ñ¸é,,,°æ»óºÏµµ Ä¥°î±º ¾à¸ñ·Î 95-6,0.0,143,31,11.0,0.58
[¾à¸ñ¸é],144585,2,ºñ·æ¾ÆÆÄÆ®,1991.11.,19.0,24.68,81.59,22.64,74.87,16,,,,,,,,,3,2,°è´Ü½Ä,81,5.0,4.0,https://new.land.naver.com/complexes/144585?tab=detail&rf=Y,°æ»óºÏµµ Ä¥°î±º ¾à¸ñ¸é º¹¼º¸® 847-1,°æ»óºÏµµ,Ä¥°î±º,¾à¸ñ¸é,,,°æ»óºÏµµ Ä¥°î±º ¾à¸ñ·Î 95-6,0.0,143,31,11.0,0.58
[¾à¸ñ¸é],144585,3,ºñ·æ¾ÆÆÄÆ®,1991.11.,19.0,27.9,92.25,23.84,78.81,1,,,,,,,,,3,2,°è´Ü½Ä,92,5.0,4.0,https://new.land.naver.com/complexes/144585?tab=detail&rf=Y,°æ»óºÏµµ Ä¥°î±º ¾à¸ñ¸é º¹¼º¸® 847-1,°æ»óºÏµµ,Ä¥°î±º,¾à¸ñ¸é,,,°æ»óºÏµµ Ä¥°î±º ¾à¸ñ·Î 95-6,0.0,143,31,11.0,0.58
[¿Ö°üÀ¾],103323,1,ÀÌ¿ø¸®¹öºô,2007.09.,207.0,24.19,79.98,18.36,60.71,15,,,,,,,,,2,1,°è´Ü½Ä,79,15.0,15.0,https://new.land.naver.com/complexes/103323?tab=detail&rf=Y,°æ»óºÏµµ Ä¥°î±º ¿Ö°üÀ¾ ¿Ö°ü¸® 208-16,°æ»óºÏµµ,Ä¥°î±º,¿Ö°üÀ¾,,,°æ»óºÏµµ Ä¥°î±º 2¹øµµ·Î±æ 105,0.0,241,19,215.0,1.04
[¿Ö°üÀ¾],103323,2,ÀÌ¿ø¸®¹öºô,2007.09.,207.0,31.06,102.68,24.07,79.58,59,,,,,,,,,3,2,°è´Ü½Ä,102A,15.0,15.0,https://new.land.naver.com/complexes/103323?tab=detail&rf=Y,°æ»óºÏµµ Ä¥°î±º ¿Ö°üÀ¾ ¿Ö°ü¸® 208-16,°æ»óºÏµµ,Ä¥°î±º,¿Ö°üÀ¾,,,°æ»óºÏµµ Ä¥°î±º 2¹øµµ·Î±æ 105,0.0,241,19,215.0,1.04
[¿Ö°üÀ¾],103323,3,ÀÌ¿ø¸®¹öºô,2007.09.,207.0,31.1,102.83,24.14,79.82,14,,,,,,,,,3,2,°è´Ü½Ä,102B,15.0,15.0,https://new.land.naver.com/complexes/103323?tab=detail&rf=Y,°æ»óºÏµµ Ä¥°î±º ¿Ö°üÀ¾ ¿Ö°ü¸® 208-16,°æ»óºÏµµ,Ä¥°î±º,¿Ö°üÀ¾,,,°æ»óºÏµµ Ä¥°î±º 2¹øµµ·Î±æ 105,0.0,241,19,215.0,1.04
[¿Ö°üÀ¾],103323,4,ÀÌ¿ø¸®¹öºô,2007.09.,207.0,33.02,109.16,25.7,84.96,104,,,,,,,,,3,2,°è´Ü½Ä,109,15.0,15.0,https://new.land.naver.com/complexes/103323?tab=detail&rf=Y,°æ»óºÏµµ Ä¥°î±º ¿Ö°üÀ¾ ¿Ö°ü¸® 208-16,°æ»óºÏµµ,Ä¥°î±º,¿Ö°üÀ¾,,,°æ»óºÏµµ Ä¥°î±º 2¹øµµ·Î±æ 105,0.0,241,19,215.0,1.04
[¿Ö°üÀ¾],103323,5,ÀÌ¿ø¸®¹öºô,2007.09.,207.0,43.91,145.16,36.12,119.42,15,,,,,,,,,4,2,°è´Ü½Ä,145,15.0,15.0,https://new.land.naver.com/complexes/103323?tab=detail&rf=Y,°æ»óºÏµµ Ä¥°î±º ¿Ö°üÀ¾ ¿Ö°ü¸® 208-16,°æ»óºÏµµ,Ä¥°î±º,¿Ö°üÀ¾,,,°æ»óºÏµµ Ä¥°î±º 2¹øµµ·Î±æ 105,0.0,241,19,215.0,1.04
[¿Ö°üÀ¾],102342,1,±¹¼º¿¡ÀÌ½º,2006.06.,14.0,30.07,99.43,25.67,84.88,6,,,,,,,,,3,2,°è´Ü½Ä,99,9.0,9.0,https://new.land.naver.com/complexes/102342?tab=detail&rf=Y,°æ»óºÏµµ Ä¥°î±º ¿Ö°üÀ¾ ¼®Àü¸® 533-14,°æ»óºÏµµ,Ä¥°î±º,¿Ö°üÀ¾,,,°æ»óºÏµµ Ä¥°î±º ¼®Àü·Î7±æ 6,0.0,314,57,14.0,1.0
[¿Ö°üÀ¾],102342,2,±¹¼º¿¡ÀÌ½º,2006.06.,14.0,40.19,132.86,33.5,110.76,8,,,,,,,,,4,2,°è´Ü½Ä,132,9.0,9.0,https://new.land.naver.com/complexes/102342?tab=detail&rf=Y,°æ»óºÏµµ Ä¥°î±º ¿Ö°üÀ¾ ¼®Àü¸® 533-14,°æ»óºÏµµ,Ä¥°î±º,¿Ö°üÀ¾,,,°æ»óºÏµµ Ä¥°î±º ¼®Àü·Î7±æ 6,0.0,314,57,14.0,1.0
[¿Ö°üÀ¾],7640,1,¹®È­,1992.04.,99.0,26.08,86.22,19.19,63.45,62,,,,,,,,,3,1,°è´Ü½Ä,86,14.0,8.0,https://new.land.naver.com/complexes/7640?tab=detail&rf=Y,°æ»óºÏµµ Ä¥°î±º ¿Ö°üÀ¾ ¿Ö°ü¸® 370-33,°æ»óºÏµµ,Ä¥°î±º,¿Ö°üÀ¾,,,°æ»óºÏµµ Ä¥°î±º °ü¹®·Î 114-5,0.0,0,0,0.0,0.0
[¿Ö°üÀ¾],7640,2,¹®È­,1992.04.,99.0,28.95,95.72,21.61,71.47,8,,,,,,,,,3,1,°è´Ü½Ä,95,14.0,8.0,https://new.land.naver.com/complexes/7640?tab=detail&rf=Y,°æ»óºÏµµ Ä¥°î±º ¿Ö°üÀ¾ ¿Ö°ü¸® 370-33,°æ»óºÏµµ,Ä¥°î±º,¿Ö°üÀ¾,,,°æ»óºÏµµ Ä¥°î±º °ü¹®·Î 114-5,0.0,0,0,0.0,0.0
[¿Ö°üÀ¾],7640,3,¹®È­,1992.04.,99.0,29.56,97.73,22.16,73.28,19,,,,,,,,,3,1,°è´Ü½Ä,97,14.0,8.0,https://new.land.naver.com/complexes/7640?tab=detail&rf=Y,°æ»óºÏµµ Ä¥°î±º ¿Ö°üÀ¾ ¿Ö°ü¸® 370-33,°æ»óºÏµµ,Ä¥°î±º,¿Ö°üÀ¾,,,°æ»óºÏµµ Ä¥°î±º °ü¹®·Î 114-5,0.0,0,0,0.0,0.0
[¿Ö°üÀ¾],7640,4,¹®È­,1992.04.,99.0,37.77,124.86,24.96,82.54,10,,,,,,,,,4,2,°è´Ü½Ä,124,14.0,8.0,https://new.land.naver.com/complexes/7640?tab=detail&rf=Y,°æ»óºÏµµ Ä¥°î±º ¿Ö°üÀ¾ ¿Ö°ü¸® 370-33,°æ»óºÏµµ,Ä¥°î±º,¿Ö°üÀ¾,,,°æ»óºÏµµ Ä¥°î±º °ü¹®·Î 114-5,0.0,0,0,0.0,0.0
[¿Ö°üÀ¾],109298,1,¿Ö°üÇÑ¾ç¼öÀÚÀÎ,2017.02.,299.0,28.16,93.1,20.64,68.25,227,,,,,,,,,3,2,°è´Ü½Ä,93,20.0,19.0,https://new.land.naver.com/complexes/109298?tab=detail&rf=Y,°æ»óºÏµµ Ä¥°î±º ¿Ö°üÀ¾ ¼®Àü¸® 892,°æ»óºÏµµ,Ä¥°î±º,¿Ö°üÀ¾,,,°æ»óºÏµµ Ä¥°î±º ¼®Àü·Î7±æ 5,0.0,227,19,362.0,1.21
[¿Ö°üÀ¾],109298,2,¿Ö°üÇÑ¾ç¼öÀÚÀÎ,2017.02.,299.0,35.76,118.24,25.7,84.96,72,,,,,,,,,3,2,°è´Ü½Ä,118,20.0,19.0,https://new.land.naver.com/complexes/109298?tab=detail&rf=Y,°æ»óºÏµµ Ä¥°î±º ¿Ö°üÀ¾ ¼®Àü¸® 892,°æ»óºÏµµ,Ä¥°î±º,¿Ö°üÀ¾,,,°æ»óºÏµµ Ä¥°î±º ¼®Àü·Î7±æ 5,0.0,227,19,362.0,1.21
[¿Ö°üÀ¾],110596,1,Çù¼ºÈÞÆ÷·¹Ä¥°î¿Ö°ü,2017.11.,606.0,23.41,77.39,18.12,59.92,35,,,,,,,,,3,2,°è´Ü½Ä,77A,26.0,15.0,https://new.land.naver.com/complexes/110596?tab=detail&rf=Y,°æ»óºÏµµ Ä¥°î±º ¿Ö°üÀ¾ ¿Ö°ü¸® 1571,°æ»óºÏµµ,Ä¥°î±º,¿Ö°üÀ¾,,,°æ»óºÏµµ Ä¥°î±º ÆòÀå±æ 20,0.0,246,16,731.0,1.21
[¿Ö°üÀ¾],110596,2,Çù¼ºÈÞÆ÷·¹Ä¥°î¿Ö°ü,2017.11.,606.0,23.59,78.01,18.13,59.94,22,,,,,,,,,3,2,°è´Ü½Ä,78B,26.0,15.0,https://new.land.naver.com/complexes/110596?tab=detail&rf=Y,°æ»óºÏµµ Ä¥°î±º ¿Ö°üÀ¾ ¿Ö°ü¸® 1571,°æ»óºÏµµ,Ä¥°î±º,¿Ö°üÀ¾,,,°æ»óºÏµµ Ä¥°î±º ÆòÀå±æ 20,0.0,246,16,731.0,1.21
[¿Ö°üÀ¾],110596,3,Çù¼ºÈÞÆ÷·¹Ä¥°î¿Ö°ü,2017.11.,606.0,28.42,93.96,22.05,72.92,150,,,,,,,,,3,2,°è´Ü½Ä,93A,26.0,15.0,https://new.land.naver.com/complexes/110596?tab=detail&rf=Y,°æ»óºÏµµ Ä¥°î±º ¿Ö°üÀ¾ ¿Ö°ü¸® 1571,°æ»óºÏµµ,Ä¥°î±º,¿Ö°üÀ¾,,,°æ»óºÏµµ Ä¥°î±º ÆòÀå±æ 20,0.0,246,16,731.0,1.21
[¿Ö°üÀ¾],110596,4,Çù¼ºÈÞÆ÷·¹Ä¥°î¿Ö°ü,2017.11.,606.0,28.54,94.38,22.06,72.93,190,,,,,,,,,3,2,°è´Ü½Ä,94B,26.0,15.0,https://new.land.naver.com/complexes/110596?tab=detail&rf=Y,°æ»óºÏµµ Ä¥°î±º ¿Ö°üÀ¾ ¿Ö°ü¸® 1571,°æ»óºÏµµ,Ä¥°î±º,¿Ö°üÀ¾,,,°æ»óºÏµµ Ä¥°î±º ÆòÀå±æ 20,0.0,246,16,731.0,1.21
[¿Ö°üÀ¾],110596,5,Çù¼ºÈÞÆ÷·¹Ä¥°î¿Ö°ü,2017.11.,606.0,33.08,109.36,25.66,84.85,118,,,,,,,,,4,2,°è´Ü½Ä,109B,26.0,15.0,https://new.land.naver.com/complexes/110596?tab=detail&rf=Y,°æ»óºÏµµ Ä¥°î±º ¿Ö°üÀ¾ ¿Ö°ü¸® 1571,°æ»óºÏµµ,Ä¥°î±º,¿Ö°üÀ¾,,,°æ»óºÏµµ Ä¥°î±º ÆòÀå±æ 20,0.0,246,16,731.0,1.21
[¿Ö°üÀ¾],110596,6,Çù¼ºÈÞÆ÷·¹Ä¥°î¿Ö°ü,2017.11.,606.0,32.97,109.02,25.69,84.95,91,,,,,,,,,3,2,°è´Ü½Ä,109A,26.0,15.0,https://new.land.naver.com/complexes/110596?tab=detail&rf=Y,°æ»óºÏµµ Ä¥°î±º ¿Ö°üÀ¾ ¿Ö°ü¸® 1571,°æ»óºÏµµ,Ä¥°î±º,¿Ö°üÀ¾,,,°æ»óºÏµµ Ä¥°î±º ÆòÀå±æ 20,0.0,246,16,731.0,1.21
[¿Ö°üÀ¾],140138,1,·ÎÁîÅ¸¿î,2018.01.,6.0,31.01,102.53,24.74,81.8,6,,,,,,,,,3,2,°è´Ü½Ä,102,4.0,4.0,https://new.land.naver.com/complexes/140138?tab=detail&rf=Y,°æ»óºÏµµ Ä¥°î±º ¿Ö°üÀ¾ ¼®Àü¸® 478-2,°æ»óºÏµµ,Ä¥°î±º,¿Ö°üÀ¾,,,°æ»óºÏµµ Ä¥°î±º ¼®Àü·Î7±æ 38,0.0,243,30,7.0,1.17
[¿Ö°üÀ¾],15792,1,¿Ö°ü¿ì¹æÅ¸¿î3Â÷,1998.12.,206.0,24.44,80.81,18.14,59.99,52,,,,,,,,,3,1,°è´Ü½Ä,80,13.0,13.0,https://new.land.naver.com/complexes/15792?tab=detail&rf=Y,°æ»óºÏµµ Ä¥°î±º ¿Ö°üÀ¾ ¼®Àü¸® 479,°æ»óºÏµµ,Ä¥°î±º,¿Ö°üÀ¾,,,°æ»óºÏµµ Ä¥°î±º ¼®Àü·Î7±æ 40,0.0,180,21,211.0,1.02
[¿Ö°üÀ¾],15792,2,¿Ö°ü¿ì¹æÅ¸¿î3Â÷,1998.12.,206.0,29.76,98.4,23.49,77.67,24,,,,,,,,,3,2,º¹µµ½Ä,98A,13.0,13.0,https://new.land.naver.com/complexes/15792?tab=detail&rf=Y,°æ»óºÏµµ Ä¥°î±º ¿Ö°üÀ¾ ¼®Àü¸® 479,°æ»óºÏµµ,Ä¥°î±º,¿Ö°üÀ¾,,,°æ»óºÏµµ Ä¥°î±º ¼®Àü·Î7±æ 40,0.0,180,21,211.0,1.02
[¿Ö°üÀ¾],15792,3,¿Ö°ü¿ì¹æÅ¸¿î3Â÷,1998.12.,206.0,29.75,98.37,23.49,77.67,23,,,,,,,,,3,2,º¹µµ½Ä,98B,13.0,13.0,https://new.land.naver.com/complexes/15792?tab=detail&rf=Y,°æ»óºÏµµ Ä¥°î±º ¿Ö°üÀ¾ ¼®Àü¸® 479,°æ»óºÏµµ,Ä¥°î±º,¿Ö°üÀ¾,,,°æ»óºÏµµ Ä¥°î±º ¼®Àü·Î7±æ 40,0.0,180,21,211.0,1.02
[¿Ö°üÀ¾],15792,4,¿Ö°ü¿ì¹æÅ¸¿î3Â÷,1998.12.,206.0,29.75,98.37,23.49,77.67,1,,,,,,,,,3,2,º¹µµ½Ä,98C,13.0,13.0,https://new.land.naver.com/complexes/15792?tab=detail&rf=Y,°æ»óºÏµµ Ä¥°î±º ¿Ö°üÀ¾ ¼®Àü¸® 479,°æ»óºÏµµ,Ä¥°î±º,¿Ö°üÀ¾,,,°æ»óºÏµµ Ä¥°î±º ¼®Àü·Î7±æ 40,0.0,180,21,211.0,1.02
[¿Ö°üÀ¾],15792,5,¿Ö°ü¿ì¹æÅ¸¿î3Â÷,1998.12.,206.0,33.19,109.72,25.69,84.93,104,,,,,,,,,3,2,°è´Ü½Ä,109,13.0,13.0,https://new.land.naver.com/complexes/15792?tab=detail&rf=Y,°æ»óºÏµµ Ä¥°î±º ¿Ö°üÀ¾ ¼®Àü¸® 479,°æ»óºÏµµ,Ä¥°î±º,¿Ö°üÀ¾,,,°æ»óºÏµµ Ä¥°î±º ¼®Àü·Î7±æ 40,0.0,180,21,211.0,1.02
[¿Ö°üÀ¾],15792,6,¿Ö°ü¿ì¹æÅ¸¿î3Â÷,1998.12.,206.0,33.65,111.26,23.49,77.67,2,,,,,,,,,3,2,º¹µµ½Ä,111,13.0,13.0,https://new.land.naver.com/complexes/15792?tab=detail&rf=Y,°æ»óºÏµµ Ä¥°î±º ¿Ö°üÀ¾ ¼®Àü¸® 479,°æ»óºÏµµ,Ä¥°î±º,¿Ö°üÀ¾,,,°æ»óºÏµµ Ä¥°î±º ¼®Àü·Î7±æ 40,0.0,180,21,211.0,1.02
[¿Ö°üÀ¾],7654,1,¿À¼º¸Ç¼Ç,1989.12.,370.0,19.37,64.06,16.15,53.4,44,,,,,,,,,2,1,°è´Ü½Ä,64,6.0,5.0,https://new.land.naver.com/complexes/7654?tab=detail&rf=Y,°æ»óºÏµµ Ä¥°î±º ¿Ö°üÀ¾ ¿Ö°ü¸® 798,°æ»óºÏµµ,Ä¥°î±º,¿Ö°üÀ¾,,,°æ»óºÏµµ Ä¥°î±º ±¸»ó±æ 156,0.0,174,33,0.0,0.0
[¿Ö°üÀ¾],7654,2,¿À¼º¸Ç¼Ç,1989.12.,370.0,21.62,71.49,18.24,60.3,66,,,,,,,,,3,1,°è´Ü½Ä,71,6.0,5.0,https://new.land.naver.com/complexes/7654?tab=detail&rf=Y,°æ»óºÏµµ Ä¥°î±º ¿Ö°üÀ¾ ¿Ö°ü¸® 798,°æ»óºÏµµ,Ä¥°î±º,¿Ö°üÀ¾,,,°æ»óºÏµµ Ä¥°î±º ±¸»ó±æ 156,0.0,174,33,0.0,0.0
[¿Ö°üÀ¾],7654,3,¿À¼º¸Ç¼Ç,1989.12.,370.0,23.66,78.24,20.13,66.56,96,,,,,,,,,3,1,°è´Ü½Ä,78,6.0,5.0,https://new.land.naver.com/complexes/7654?tab=detail&rf=Y,°æ»óºÏµµ Ä¥°î±º ¿Ö°üÀ¾ ¿Ö°ü¸® 798,°æ»óºÏµµ,Ä¥°î±º,¿Ö°üÀ¾,,,°æ»óºÏµµ Ä¥°î±º ±¸»ó±æ 156,0.0,174,33,0.0,0.0
[¿Ö°üÀ¾],7654,4,¿À¼º¸Ç¼Ç,1989.12.,370.0,26.0,85.98,22.16,73.27,86,,,,,,,,,3,1,°è´Ü½Ä,85,6.0,5.0,https://new.land.naver.com/complexes/7654?tab=detail&rf=Y,°æ»óºÏµµ Ä¥°î±º ¿Ö°üÀ¾ ¿Ö°ü¸® 798,°æ»óºÏµµ,Ä¥°î±º,¿Ö°üÀ¾,,,°æ»óºÏµµ Ä¥°î±º ±¸»ó±æ 156,0.0,174,33,0.0,0.0
[¿Ö°üÀ¾],7654,5,¿À¼º¸Ç¼Ç,1989.12.,370.0,27.96,92.44,23.97,79.26,12,,,,,,,,,3,1,°è´Ü½Ä,92,6.0,5.0,https://new.land.naver.com/complexes/7654?tab=detail&rf=Y,°æ»óºÏµµ Ä¥°î±º ¿Ö°üÀ¾ ¿Ö°ü¸® 798,°æ»óºÏµµ,Ä¥°î±º,¿Ö°üÀ¾,,,°æ»óºÏµµ Ä¥°î±º ±¸»ó±æ 156,0.0,174,33,0.0,0.0
[¿Ö°üÀ¾],7654,6,¿À¼º¸Ç¼Ç,1989.12.,370.0,29.95,99.04,25.68,84.9,66,,,,,,,,,3,2,°è´Ü½Ä,99,6.0,5.0,https://new.land.naver.com/complexes/7654?tab=detail&rf=Y,°æ»óºÏµµ Ä¥°î±º ¿Ö°üÀ¾ ¿Ö°ü¸® 798,°æ»óºÏµµ,Ä¥°î±º,¿Ö°üÀ¾,,,°æ»óºÏµµ Ä¥°î±º ±¸»ó±æ 156,0.0,174,33,0.0,0.0
[¿Ö°üÀ¾],7681,1,¿Ö°üÇÑºûÅ¸¿î,2000.10.,513.0,12.81,42.36,8.96,29.64,48,,,,,,,,,1,1,°è´Ü½Ä,42,20.0,10.0,https://new.land.naver.com/complexes/7681?tab=detail&rf=Y,°æ»óºÏµµ Ä¥°î±º ¿Ö°üÀ¾ ¼®Àü¸® 561,°æ»óºÏµµ,Ä¥°î±º,¿Ö°üÀ¾,,,°æ»óºÏµµ Ä¥°î±º ¼®Àü·Î 77,0.0,257,40,484.0,0.94
[¿Ö°üÀ¾],7681,2,¿Ö°üÇÑºûÅ¸¿î,2000.10.,513.0,23.0,76.05,18.14,59.99,242,,,,,,,,,3,1,°è´Ü½Ä,76,20.0,10.0,https://new.land.naver.com/complexes/7681?tab=detail&rf=Y,°æ»óºÏµµ Ä¥°î±º ¿Ö°üÀ¾ ¼®Àü¸® 561,°æ»óºÏµµ,Ä¥°î±º,¿Ö°üÀ¾,,,°æ»óºÏµµ Ä¥°î±º ¼®Àü·Î 77,0.0,257,40,484.0,0.94
[¿Ö°üÀ¾],7681,3,¿Ö°üÇÑºûÅ¸¿î,2000.10.,513.0,31.16,103.04,25.69,84.93,187,,,,,,,,,3,2,°è´Ü½Ä,103,20.0,10.0,https://new.land.naver.com/complexes/7681?tab=detail&rf=Y,°æ»óºÏµµ Ä¥°î±º ¿Ö°üÀ¾ ¼®Àü¸® 561,°æ»óºÏµµ,Ä¥°î±º,¿Ö°üÀ¾,,,°æ»óºÏµµ Ä¥°î±º ¼®Àü·Î 77,0.0,257,40,484.0,0.94
[¿Ö°üÀ¾],7681,4,¿Ö°üÇÑºûÅ¸¿î,2000.10.,513.0,46.12,152.49,40.76,134.77,36,,,,,,,,,4,2,°è´Ü½Ä,152,20.0,10.0,https://new.land.naver.com/complexes/7681?tab=detail&rf=Y,°æ»óºÏµµ Ä¥°î±º ¿Ö°üÀ¾ ¼®Àü¸® 561,°æ»óºÏµµ,Ä¥°î±º,¿Ö°üÀ¾,,,°æ»óºÏµµ Ä¥°î±º ¼®Àü·Î 77,0.0,257,40,484.0,0.94
[¿Ö°üÀ¾],7635,1,´ëÈïÁÖÅÃ°Ç¼³(·Î¾â2Â÷),1989.11.,81.0,22.03,72.83,19.58,64.75,20,,,,,,,,,3,1,°è´Ü½Ä,72,6.0,5.0,https://new.land.naver.com/complexes/7635?tab=detail&rf=Y,°æ»óºÏµµ Ä¥°î±º ¿Ö°üÀ¾ ¿Ö°ü¸® 298,°æ»óºÏµµ,Ä¥°î±º,¿Ö°üÀ¾,,,°æ»óºÏµµ Ä¥°î±º Áß¾Ó·Î 129,0.0,0,0,0.0,0.0
[¿Ö°üÀ¾],7635,2,´ëÈïÁÖÅÃ°Ç¼³(·Î¾â2Â÷),1989.11.,81.0,23.01,76.09,20.56,67.99,36,,,,,,,,,3,1,°è´Ü½Ä,76,6.0,5.0,https://new.land.naver.com/complexes/7635?tab=detail&rf=Y,°æ»óºÏµµ Ä¥°î±º ¿Ö°üÀ¾ ¿Ö°ü¸® 298,°æ»óºÏµµ,Ä¥°î±º,¿Ö°üÀ¾,,,°æ»óºÏµµ Ä¥°î±º Áß¾Ó·Î 129,0.0,0,0,0.0,0.0
[¿Ö°üÀ¾],7635,3,´ëÈïÁÖÅÃ°Ç¼³(·Î¾â2Â÷),1989.11.,81.0,27.56,91.12,23.06,76.24,5,,,,,,,,,3,1,°è´Ü½Ä,91A,6.0,5.0,https://new.land.naver.com/complexes/7635?tab=detail&rf=Y,°æ»óºÏµµ Ä¥°î±º ¿Ö°üÀ¾ ¿Ö°ü¸® 298,°æ»óºÏµµ,Ä¥°î±º,¿Ö°üÀ¾,,,°æ»óºÏµµ Ä¥°î±º Áß¾Ó·Î 129,0.0,0,0,0.0,0.0
[¿Ö°üÀ¾],7635,4,´ëÈïÁÖÅÃ°Ç¼³(·Î¾â2Â÷),1989.11.,81.0,28.21,93.26,25.56,84.51,20,,,,,,,,,3,1,°è´Ü½Ä,93B,6.0,5.0,https://new.land.naver.com/complexes/7635?tab=detail&rf=Y,°æ»óºÏµµ Ä¥°î±º ¿Ö°üÀ¾ ¿Ö°ü¸® 298,°æ»óºÏµµ,Ä¥°î±º,¿Ö°üÀ¾,,,°æ»óºÏµµ Ä¥°î±º Áß¾Ó·Î 129,0.0,0,0,0.0,0.0
[¿Ö°üÀ¾],102301,1,»ó½Å¾ÆÆ®¸®¿ò,2003.05.,18.0,28.95,95.73,25.55,84.48,6,,,,,,,,,3,2,°è´Ü½Ä,95,6.0,6.0,https://new.land.naver.com/complexes/102301?tab=detail&rf=Y,°æ»óºÏµµ Ä¥°î±º ¿Ö°üÀ¾ ¿Ö°ü¸® 167-1,°æ»óºÏµµ,Ä¥°î±º,¿Ö°üÀ¾,,,°æ»óºÏµµ Ä¥°î±º ¼®Àü·Î10±æ 128,0.0,170,33,14.0,0.78
[¿Ö°üÀ¾],102301,2,»ó½Å¾ÆÆ®¸®¿ò,2003.05.,18.0,29.03,95.97,25.61,84.69,6,,,,,,,,,3,2,°è´Ü½Ä,95B,6.0,6.0,https://new.land.naver.com/complexes/102301?tab=detail&rf=Y,°æ»óºÏµµ Ä¥°î±º ¿Ö°üÀ¾ ¿Ö°ü¸® 167-1,°æ»óºÏµµ,Ä¥°î±º,¿Ö°üÀ¾,,,°æ»óºÏµµ Ä¥°î±º ¼®Àü·Î10±æ 128,0.0,170,33,14.0,0.78
[¿Ö°üÀ¾],102301,3,»ó½Å¾ÆÆ®¸®¿ò,2003.05.,18.0,29.12,96.29,25.7,84.97,6,,,,,,,,,3,2,°è´Ü½Ä,96A,6.0,6.0,https://new.land.naver.com/complexes/102301?tab=detail&rf=Y,°æ»óºÏµµ Ä¥°î±º ¿Ö°üÀ¾ ¿Ö°ü¸® 167-1,°æ»óºÏµµ,Ä¥°î±º,¿Ö°üÀ¾,,,°æ»óºÏµµ Ä¥°î±º ¼®Àü·Î10±æ 128,0.0,170,33,14.0,0.78
[¿Ö°üÀ¾],117498,1,·¹¸óÇÏ¿ì½º(¾Æ¿ì·¼¸®¾Æ),2008.06.,10.0,56.95,188.28,50.29,166.28,1,,,,,,,,,4,2,°è´Ü½Ä,188,6.0,6.0,https://new.land.naver.com/complexes/117498?tab=detail&rf=Y,°æ»óºÏµµ Ä¥°î±º ¿Ö°üÀ¾ ¼®Àü¸® 497,°æ»óºÏµµ,Ä¥°î±º,¿Ö°üÀ¾,,,°æ»óºÏµµ Ä¥°î±º ¼®Àü·Î7±æ 25,0.0,196,45,21.0,2.1
[¿Ö°üÀ¾],117498,2,·¹¸óÇÏ¿ì½º(¾Æ¿ì·¼¸®¾Æ),2008.06.,10.0,58.34,192.89,51.53,170.36,4,,,,,,,,,4,2,°è´Ü½Ä,192,6.0,6.0,https://new.land.naver.com/complexes/117498?tab=detail&rf=Y,°æ»óºÏµµ Ä¥°î±º ¿Ö°üÀ¾ ¼®Àü¸® 497,°æ»óºÏµµ,Ä¥°î±º,¿Ö°üÀ¾,,,°æ»óºÏµµ Ä¥°î±º ¼®Àü·Î7±æ 25,0.0,196,45,21.0,2.1
[¿Ö°üÀ¾],117498,3,·¹¸óÇÏ¿ì½º(¾Æ¿ì·¼¸®¾Æ),2008.06.,10.0,61.29,202.63,54.13,178.95,5,,,,,,,,,4,2,°è´Ü½Ä,202,6.0,6.0,https://new.land.naver.com/complexes/117498?tab=detail&rf=Y,°æ»óºÏµµ Ä¥°î±º ¿Ö°üÀ¾ ¼®Àü¸® 497,°æ»óºÏµµ,Ä¥°î±º,¿Ö°üÀ¾,,,°æ»óºÏµµ Ä¥°î±º ¼®Àü·Î7±æ 25,0.0,196,45,21.0,2.1
[¿Ö°üÀ¾],7670,1,¿Ö°üÁÖ°ø,1986.08.,260.0,13.64,45.12,13.64,45.12,160,,,,,,,,,2,1,°è´Ü½Ä,45,5.0,5.0,https://new.land.naver.com/complexes/7670?tab=detail&rf=Y,°æ»óºÏµµ Ä¥°î±º ¿Ö°üÀ¾ ¿Ö°ü¸® 347-5,°æ»óºÏµµ,Ä¥°î±º,¿Ö°üÀ¾,,,°æ»óºÏµµ Ä¥°î±º ÆòÀå2±æ 14,0.0,0,0,0.0,0.0
[¿Ö°üÀ¾],7670,2,¿Ö°üÁÖ°ø,1986.08.,260.0,15.77,52.14,15.77,52.14,70,,,,,,,,,2,1,°è´Ü½Ä,52A,5.0,5.0,https://new.land.naver.com/complexes/7670?tab=detail&rf=Y,°æ»óºÏµµ Ä¥°î±º ¿Ö°üÀ¾ ¿Ö°ü¸® 347-5,°æ»óºÏµµ,Ä¥°î±º,¿Ö°üÀ¾,,,°æ»óºÏµµ Ä¥°î±º ÆòÀå2±æ 14,0.0,0,0,0.0,0.0
[¿Ö°üÀ¾],7670,3,¿Ö°üÁÖ°ø,1986.08.,260.0,15.88,52.5,15.88,52.5,30,,,,,,,,,2,1,°è´Ü½Ä,52B,5.0,5.0,https://new.land.naver.com/complexes/7670?tab=detail&rf=Y,°æ»óºÏµµ Ä¥°î±º ¿Ö°üÀ¾ ¿Ö°ü¸® 347-5,°æ»óºÏµµ,Ä¥°î±º,¿Ö°üÀ¾,,,°æ»óºÏµµ Ä¥°î±º ÆòÀå2±æ 14,0.0,0,0,0.0,0.0
[¿Ö°üÀ¾],24740,1,ÇÑÀÏ,1992.05.,42.0,22.93,75.83,20.65,68.27,36,,,,,,,,,3,1,°è´Ü½Ä,75,6.0,6.0,https://new.land.naver.com/complexes/24740?tab=detail&rf=Y,°æ»óºÏµµ Ä¥°î±º ¿Ö°üÀ¾ ¼®Àü¸® 500-3,°æ»óºÏµµ,Ä¥°î±º,¿Ö°üÀ¾,,,°æ»óºÏµµ Ä¥°î±º ¼®Àü·Î7±æ 21-14,0.0,177,29,0.0,0.0
[¿Ö°üÀ¾],24740,2,ÇÑÀÏ,1992.05.,42.0,24.48,80.95,22.13,73.18,6,,,,,,,,,3,1,°è´Ü½Ä,80,6.0,6.0,https://new.land.naver.com/complexes/24740?tab=detail&rf=Y,°æ»óºÏµµ Ä¥°î±º ¿Ö°üÀ¾ ¼®Àü¸® 500-3,°æ»óºÏµµ,Ä¥°î±º,¿Ö°üÀ¾,,,°æ»óºÏµµ Ä¥°î±º ¼®Àü·Î7±æ 21-14,0.0,177,29,0.0,0.0
[¿Ö°üÀ¾],24784,1,ÇÁ¶óÀÓÇÏ¿ìÂ¡,2002.12.,19.0,28.78,95.15,25.57,84.53,4,,,,,,,,,3,2,°è´Ü½Ä,95,5.0,4.0,https://new.land.naver.com/complexes/24784?tab=detail&rf=Y,°æ»óºÏµµ Ä¥°î±º ¿Ö°üÀ¾ ¼®Àü¸® 500-7,°æ»óºÏµµ,Ä¥°î±º,¿Ö°üÀ¾,,,°æ»óºÏµµ Ä¥°î±º ¼®Àü·Î7±æ 17-2,0.0,241,52,19.0,1.0
[¿Ö°üÀ¾],24784,2,ÇÁ¶óÀÓÇÏ¿ìÂ¡,2002.12.,19.0,34.4,113.72,30.55,101.02,5,,,,,,,,,3,2,°è´Ü½Ä,113,5.0,4.0,https://new.land.naver.com/complexes/24784?tab=detail&rf=Y,°æ»óºÏµµ Ä¥°î±º ¿Ö°üÀ¾ ¼®Àü¸® 500-7,°æ»óºÏµµ,Ä¥°î±º,¿Ö°üÀ¾,,,°æ»óºÏµµ Ä¥°î±º ¼®Àü·Î7±æ 17-2,0.0,241,52,19.0,1.0
[¿Ö°üÀ¾],24784,3,ÇÁ¶óÀÓÇÏ¿ìÂ¡,2002.12.,19.0,37.56,124.17,33.36,110.31,5,,,,,,,,,3,2,°è´Ü½Ä,124A,5.0,4.0,https://new.land.naver.com/complexes/24784?tab=detail&rf=Y,°æ»óºÏµµ Ä¥°î±º ¿Ö°üÀ¾ ¼®Àü¸® 500-7,°æ»óºÏµµ,Ä¥°î±º,¿Ö°üÀ¾,,,°æ»óºÏµµ Ä¥°î±º ¼®Àü·Î7±æ 17-2,0.0,241,52,19.0,1.0
[¿Ö°üÀ¾],24784,4,ÇÁ¶óÀÓÇÏ¿ìÂ¡,2002.12.,19.0,37.66,124.52,33.46,110.62,5,,,,,,,,,3,2,°è´Ü½Ä,124B,5.0,4.0,https://new.land.naver.com/complexes/24784?tab=detail&rf=Y,°æ»óºÏµµ Ä¥°î±º ¿Ö°üÀ¾ ¼®Àü¸® 500-7,°æ»óºÏµµ,Ä¥°î±º,¿Ö°üÀ¾,,,°æ»óºÏµµ Ä¥°î±º ¼®Àü·Î7±æ 17-2,0.0,241,52,19.0,1.0
[¿Ö°üÀ¾],7633,1,ÁÖ½ÄÈ¸»ç´ëÈïÁÖÅÃ°Ç¼³(·Î¾â1Â÷),1989.11.,150.0,17.42,57.61,15.32,50.66,80,,,,,,,,,2,1,°è´Ü½Ä,57,5.0,5.0,https://new.land.naver.com/complexes/7633?tab=detail&rf=Y,°æ»óºÏµµ Ä¥°î±º ¿Ö°üÀ¾ ¿Ö°ü¸® 298-1,°æ»óºÏµµ,Ä¥°î±º,¿Ö°üÀ¾,,,°æ»óºÏµµ Ä¥°î±º Áß¾Ó·Î 126,0.0,158,39,0.0,0.0
[¿Ö°üÀ¾],7633,2,ÁÖ½ÄÈ¸»ç´ëÈïÁÖÅÃ°Ç¼³(·Î¾â1Â÷),1989.11.,150.0,21.29,70.39,19.17,63.39,70,,,,,,,,,3,1,°è´Ü½Ä,70,5.0,5.0,https://new.land.naver.com/complexes/7633?tab=detail&rf=Y,°æ»óºÏµµ Ä¥°î±º ¿Ö°üÀ¾ ¿Ö°ü¸® 298-1,°æ»óºÏµµ,Ä¥°î±º,¿Ö°üÀ¾,,,°æ»óºÏµµ Ä¥°î±º Áß¾Ó·Î 126,0.0,158,39,0.0,0.0
[¿Ö°üÀ¾],102748,1,Á¤´Ù¿òºô¶óÆ®,2004.10.,12.0,19.9,65.81,16.42,54.29,1,,,,,,,,,2,1,°è´Ü½Ä,65,6.0,6.0,https://new.land.naver.com/complexes/102748?tab=detail&rf=Y,°æ»óºÏµµ Ä¥°î±º ¿Ö°üÀ¾ ¼®Àü¸® 541-8,°æ»óºÏµµ,Ä¥°î±º,¿Ö°üÀ¾,,,°æ»óºÏµµ Ä¥°î±º ¼®Àü·Î9±æ 10-14,0.0,156,31,10.0,0.83
[¿Ö°üÀ¾],102748,2,Á¤´Ù¿òºô¶óÆ®,2004.10.,12.0,28.16,93.1,23.23,76.8,1,,,,,,,,,3,2,°è´Ü½Ä,93,6.0,6.0,https://new.land.naver.com/complexes/102748?tab=detail&rf=Y,°æ»óºÏµµ Ä¥°î±º ¿Ö°üÀ¾ ¼®Àü¸® 541-8,°æ»óºÏµµ,Ä¥°î±º,¿Ö°üÀ¾,,,°æ»óºÏµµ Ä¥°î±º ¼®Àü·Î9±æ 10-14,0.0,156,31,10.0,0.83
[¿Ö°üÀ¾],102748,3,Á¤´Ù¿òºô¶óÆ®,2004.10.,12.0,32.79,108.42,25.69,84.95,4,,,,,,,,,3,2,°è´Ü½Ä,108,6.0,6.0,https://new.land.naver.com/complexes/102748?tab=detail&rf=Y,°æ»óºÏµµ Ä¥°î±º ¿Ö°üÀ¾ ¼®Àü¸® 541-8,°æ»óºÏµµ,Ä¥°î±º,¿Ö°üÀ¾,,,°æ»óºÏµµ Ä¥°î±º ¼®Àü·Î9±æ 10-14,0.0,156,31,10.0,0.83
[¿Ö°üÀ¾],102748,4,Á¤´Ù¿òºô¶óÆ®,2004.10.,12.0,33.63,111.19,25.67,84.88,6,,,,,,,,,3,2,°è´Ü½Ä,111,6.0,6.0,https://new.land.naver.com/complexes/102748?tab=detail&rf=Y,°æ»óºÏµµ Ä¥°î±º ¿Ö°üÀ¾ ¼®Àü¸® 541-8,°æ»óºÏµµ,Ä¥°î±º,¿Ö°üÀ¾,,,°æ»óºÏµµ Ä¥°î±º ¼®Àü·Î9±æ 10-14,0.0,156,31,10.0,0.83
[¿Ö°üÀ¾],7645,1,»ï¼º,1997.02.,400.0,22.92,75.8,18.12,59.91,188,,,,,,,,,3,1,°è´Ü½Ä,75,19.0,16.0,https://new.land.naver.com/complexes/7645?tab=detail&rf=Y,°æ»óºÏµµ Ä¥°î±º ¿Ö°üÀ¾ ¿Ö°ü¸® 780-33,°æ»óºÏµµ,Ä¥°î±º,¿Ö°üÀ¾,,,°æ»óºÏµµ Ä¥°î±º ±¸»ó±æ 180,0.0,180,15,318.0,0.8
[¿Ö°üÀ¾],7645,2,»ï¼º,1997.02.,400.0,27.23,90.02,22.39,74.04,64,,,,,,,,,3,1,°è´Ü½Ä,90,19.0,16.0,https://new.land.naver.com/complexes/7645?tab=detail&rf=Y,°æ»óºÏµµ Ä¥°î±º ¿Ö°üÀ¾ ¿Ö°ü¸® 780-33,°æ»óºÏµµ,Ä¥°î±º,¿Ö°üÀ¾,,,°æ»óºÏµµ Ä¥°î±º ±¸»ó±æ 180,0.0,180,15,318.0,0.8
[¿Ö°üÀ¾],7645,3,»ï¼º,1997.02.,400.0,30.51,100.86,25.7,84.96,148,,,,,,,,,3,2,°è´Ü½Ä,100,19.0,16.0,https://new.land.naver.com/complexes/7645?tab=detail&rf=Y,°æ»óºÏµµ Ä¥°î±º ¿Ö°üÀ¾ ¿Ö°ü¸® 780-33,°æ»óºÏµµ,Ä¥°î±º,¿Ö°üÀ¾,,,°æ»óºÏµµ Ä¥°î±º ±¸»ó±æ 180,0.0,180,15,318.0,0.8
[¿Ö°üÀ¾],7673,1,Ç³±¹¸Ç¼Ç,1992.07.,113.0,24.89,82.31,19.16,63.34,5,,,,,,,,,3,1,°è´Ü½Ä,82B,6.0,5.0,https://new.land.naver.com/complexes/7673?tab=detail&rf=Y,°æ»óºÏµµ Ä¥°î±º ¿Ö°üÀ¾ ¼®Àü¸® 729-1,°æ»óºÏµµ,Ä¥°î±º,¿Ö°üÀ¾,,,°æ»óºÏµµ Ä¥°î±º ¼®Àü·Î2±æ 7,0.0,125,26,40.0,0.35
[¿Ö°üÀ¾],7673,2,Ç³±¹¸Ç¼Ç,1992.07.,113.0,25.23,83.41,19.43,64.26,39,,,,,,,,,3,1,°è´Ü½Ä,83A,6.0,5.0,https://new.land.naver.com/complexes/7673?tab=detail&rf=Y,°æ»óºÏµµ Ä¥°î±º ¿Ö°üÀ¾ ¼®Àü¸® 729-1,°æ»óºÏµµ,Ä¥°î±º,¿Ö°üÀ¾,,,°æ»óºÏµµ Ä¥°î±º ¼®Àü·Î2±æ 7,0.0,125,26,40.0,0.35
[¿Ö°üÀ¾],7673,3,Ç³±¹¸Ç¼Ç,1992.07.,113.0,32.65,107.96,25.69,84.94,69,,,,,,,,,3,2,°è´Ü½Ä,107,6.0,5.0,https://new.land.naver.com/complexes/7673?tab=detail&rf=Y,°æ»óºÏµµ Ä¥°î±º ¿Ö°üÀ¾ ¼®Àü¸® 729-1,°æ»óºÏµµ,Ä¥°î±º,¿Ö°üÀ¾,,,°æ»óºÏµµ Ä¥°î±º ¼®Àü·Î2±æ 7,0.0,125,26,40.0,0.35
[¿Ö°üÀ¾],7673,4,Ç³±¹¸Ç¼Ç,1992.07.,113.0,34.81,115.1,25.69,84.94,1,,,,,,,,,3,2,°è´Ü½Ä,115,6.0,5.0,https://new.land.naver.com/complexes/7673?tab=detail&rf=Y,°æ»óºÏµµ Ä¥°î±º ¿Ö°üÀ¾ ¼®Àü¸® 729-1,°æ»óºÏµµ,Ä¥°î±º,¿Ö°üÀ¾,,,°æ»óºÏµµ Ä¥°î±º ¼®Àü·Î2±æ 7,0.0,125,26,40.0,0.35
[¿Ö°üÀ¾],110178,1,´ÙÇÑ¾Ë·¡½º,2002.12.,22.0,24.91,82.36,23.1,76.38,8,,,,,,,,,3,2,°è´Ü½Ä,82,7.0,4.0,https://new.land.naver.com/complexes/110178?tab=detail&rf=Y,°æ»óºÏµµ Ä¥°î±º ¿Ö°üÀ¾ ¼®Àü¸® 494-2,°æ»óºÏµµ,Ä¥°î±º,¿Ö°üÀ¾,,,°æ»óºÏµµ Ä¥°î±º ¼®Àü·Î7±æ 28,0.0,182,35,18.0,0.82
[¿Ö°üÀ¾],110178,2,´ÙÇÑ¾Ë·¡½º,2002.12.,22.0,30.88,102.1,25.69,84.95,14,,,,,,,,,3,2,°è´Ü½Ä,102,7.0,4.0,https://new.land.naver.com/complexes/110178?tab=detail&rf=Y,°æ»óºÏµµ Ä¥°î±º ¿Ö°üÀ¾ ¼®Àü¸® 494-2,°æ»óºÏµµ,Ä¥°î±º,¿Ö°üÀ¾,,,°æ»óºÏµµ Ä¥°î±º ¼®Àü·Î7±æ 28,0.0,182,35,18.0,0.82
[¿Ö°üÀ¾],25230,1,´ëµ¿´Ù½£1´ÜÁö,2007.08.,293.0,30.21,99.89,23.54,77.83,56,,,,,,,,,3,2,°è´Ü½Ä,99,15.0,11.0,https://new.land.naver.com/complexes/25230?tab=detail&rf=Y,°æ»óºÏµµ Ä¥°î±º ¿Ö°üÀ¾ ¿Ö°ü¸® 661-4,°æ»óºÏµµ,Ä¥°î±º,¿Ö°üÀ¾,,,°æ»óºÏµµ Ä¥°î±º ÆòÀå3±æ 50,0.0,243,22,358.0,1.22
[¿Ö°üÀ¾],25230,2,´ëµ¿´Ù½£1´ÜÁö,2007.08.,293.0,33.11,109.47,25.69,84.94,179,,,,,,,,,3,2,°è´Ü½Ä,109,15.0,11.0,https://new.land.naver.com/complexes/25230?tab=detail&rf=Y,°æ»óºÏµµ Ä¥°î±º ¿Ö°üÀ¾ ¿Ö°ü¸® 661-4,°æ»óºÏµµ,Ä¥°î±º,¿Ö°üÀ¾,,,°æ»óºÏµµ Ä¥°î±º ÆòÀå3±æ 50,0.0,243,22,358.0,1.22
[¿Ö°üÀ¾],25230,3,´ëµ¿´Ù½£1´ÜÁö,2007.08.,293.0,47.67,157.59,37.53,124.09,58,,,,,,,,,4,2,°è´Ü½Ä,157,15.0,11.0,https://new.land.naver.com/complexes/25230?tab=detail&rf=Y,°æ»óºÏµµ Ä¥°î±º ¿Ö°üÀ¾ ¿Ö°ü¸® 661-4,°æ»óºÏµµ,Ä¥°î±º,¿Ö°üÀ¾,,,°æ»óºÏµµ Ä¥°î±º ÆòÀå3±æ 50,0.0,243,22,358.0,1.22
[¿Ö°üÀ¾],112326,1,ÁÖ½ÄÈ¸»ç´ëÈïÁÖÅÃ(·Î¾â),1991.01.,70.0,23.03,76.15,20.7,68.43,40,,,,,,,,,3,2,°è´Ü½Ä,76,5.0,5.0,https://new.land.naver.com/complexes/112326?tab=detail&rf=Y,°æ»óºÏµµ Ä¥°î±º ¿Ö°üÀ¾ ¿Ö°ü¸® 775-19,°æ»óºÏµµ,Ä¥°î±º,¿Ö°üÀ¾,,,°æ»óºÏµµ Ä¥°î±º Àü¿ø1±æ 20,0.0,133,27,20.0,0.29
[¿Ö°üÀ¾],112326,2,ÁÖ½ÄÈ¸»ç´ëÈïÁÖÅÃ(·Î¾â),1991.01.,70.0,27.98,92.52,25.35,83.82,30,,,,,,,,,3,2,°è´Ü½Ä,92,5.0,5.0,https://new.land.naver.com/complexes/112326?tab=detail&rf=Y,°æ»óºÏµµ Ä¥°î±º ¿Ö°üÀ¾ ¿Ö°ü¸® 775-19,°æ»óºÏµµ,Ä¥°î±º,¿Ö°üÀ¾,,,°æ»óºÏµµ Ä¥°î±º Àü¿ø1±æ 20,0.0,133,27,20.0,0.29
[¿Ö°üÀ¾],102058,1,Çª¸£¼¢,2006.12.,10.0,51.61,170.62,45.49,150.39,10,,,,,,,,,3,2,°è´Ü½Ä,170,5.0,5.0,https://new.land.naver.com/complexes/102058?tab=detail&rf=Y,°æ»óºÏµµ Ä¥°î±º ¿Ö°üÀ¾ ¸Å¿ø¸® 479,°æ»óºÏµµ,Ä¥°î±º,¿Ö°üÀ¾,,,°æ»óºÏµµ Ä¥°î±º ¸Å¿ø2±æ 6,0.0,65,16,19.0,1.9
[¿Ö°üÀ¾],25229,1,´ëµ¿´Ù½£2´ÜÁö,2007.08.,312.0,30.22,99.93,23.54,77.83,78,,,,,,,,,3,2,°è´Ü½Ä,99,13.0,13.0,https://new.land.naver.com/complexes/25229?tab=detail&rf=Y,°æ»óºÏµµ Ä¥°î±º ¿Ö°üÀ¾ ¿Ö°ü¸® 654-1,°æ»óºÏµµ,Ä¥°î±º,¿Ö°üÀ¾,,,°æ»óºÏµµ Ä¥°î±º ÆòÀå3±æ 47,0.0,241,26,381.0,1.22
[¿Ö°üÀ¾],25229,2,´ëµ¿´Ù½£2´ÜÁö,2007.08.,312.0,33.12,109.52,25.69,84.94,234,,,,,,,,,3,2,°è´Ü½Ä,109,13.0,13.0,https://new.land.naver.com/complexes/25229?tab=detail&rf=Y,°æ»óºÏµµ Ä¥°î±º ¿Ö°üÀ¾ ¿Ö°ü¸® 654-1,°æ»óºÏµµ,Ä¥°î±º,¿Ö°üÀ¾,,,°æ»óºÏµµ Ä¥°î±º ÆòÀå3±æ 47,0.0,241,26,381.0,1.22
[¿Ö°üÀ¾],103198,1,»ó½Å¸í°¡Å¸¿î,2004.02.,18.0,25.33,83.75,19.61,64.84,1,,,,,,,,,3,2,°è´Ü½Ä,83,10.0,8.0,https://new.land.naver.com/complexes/103198?tab=detail&rf=Y,°æ»óºÏµµ Ä¥°î±º ¿Ö°üÀ¾ ¼®Àü¸® 574,°æ»óºÏµµ,Ä¥°î±º,¿Ö°üÀ¾,,,°æ»óºÏµµ Ä¥°î±º ¼®Àü·Î1±æ 12-8,0.0,154,20,20.0,1.11
[¿Ö°üÀ¾],103198,2,»ó½Å¸í°¡Å¸¿î,2004.02.,18.0,29.22,96.61,23.32,77.11,1,,,,,,,,,3,2,°è´Ü½Ä,96,10.0,8.0,https://new.land.naver.com/complexes/103198?tab=detail&rf=Y,°æ»óºÏµµ Ä¥°î±º ¿Ö°üÀ¾ ¼®Àü¸® 574,°æ»óºÏµµ,Ä¥°î±º,¿Ö°üÀ¾,,,°æ»óºÏµµ Ä¥°î±º ¼®Àü·Î1±æ 12-8,0.0,154,20,20.0,1.11
[¿Ö°üÀ¾],103198,3,»ó½Å¸í°¡Å¸¿î,2004.02.,18.0,31.74,104.93,25.69,84.95,16,,,,,,,,,3,2,°è´Ü½Ä,104,10.0,8.0,https://new.land.naver.com/complexes/103198?tab=detail&rf=Y,°æ»óºÏµµ Ä¥°î±º ¿Ö°üÀ¾ ¼®Àü¸® 574,°æ»óºÏµµ,Ä¥°î±º,¿Ö°üÀ¾,,,°æ»óºÏµµ Ä¥°î±º ¼®Àü·Î1±æ 12-8,0.0,154,20,20.0,1.11
[¿Ö°üÀ¾],110304,1,¿Ö°üº£³×½ºÆ®,2014.11.,18.0,34.97,115.61,25.57,84.56,18,,,,,,,,,3,2,°è´Ü½Ä,115,10.0,10.0,https://new.land.naver.com/complexes/110304?tab=detail&rf=Y,°æ»óºÏµµ Ä¥°î±º ¿Ö°üÀ¾ ¿Ö°ü¸® 789-170,°æ»óºÏµµ,Ä¥°î±º,¿Ö°üÀ¾,,,°æ»óºÏµµ Ä¥°î±º Áß¾Ó·Î 61-7,0.0,230,32,23.0,1.28
[¿Ö°üÀ¾],114128,1,ÀÌ½ºÆ®ºô,2008.11.,19.0,29.84,98.66,25.66,84.83,9,,,,,,,,,3,2,°è´Ü½Ä,98,10.0,10.0,https://new.land.naver.com/complexes/114128?tab=detail&rf=Y,°æ»óºÏµµ Ä¥°î±º ¿Ö°üÀ¾ ¼®Àü¸® 609,°æ»óºÏµµ,Ä¥°î±º,¿Ö°üÀ¾,,,°æ»óºÏµµ Ä¥°î±º ¼®Àü·Î10±æ 60,0.0,185,23,26.0,1.37
[¿Ö°üÀ¾],114128,2,ÀÌ½ºÆ®ºô,2008.11.,19.0,51.02,168.68,43.83,144.91,10,,,,,,,,,3,2,°è´Ü½Ä,168,10.0,10.0,https://new.land.naver.com/complexes/114128?tab=detail&rf=Y,°æ»óºÏµµ Ä¥°î±º ¿Ö°üÀ¾ ¼®Àü¸® 609,°æ»óºÏµµ,Ä¥°î±º,¿Ö°üÀ¾,,,°æ»óºÏµµ Ä¥°î±º ¼®Àü·Î10±æ 60,0.0,185,23,26.0,1.37
[¿Ö°üÀ¾],108767,1,¿Ö°ü°æ»óÇÏÀÌÄ³½½,2014.12.,38.0,29.23,96.64,25.58,84.57,14,,,,,,,,,3,2,°è´Ü½Ä,96A,15.0,15.0,https://new.land.naver.com/complexes/108767?tab=detail&rf=Y,°æ»óºÏµµ Ä¥°î±º ¿Ö°üÀ¾ ¿Ö°ü¸® 210-166,°æ»óºÏµµ,Ä¥°î±º,¿Ö°üÀ¾,,,°æ»óºÏµµ Ä¥°î±º Áß¾Ó·Î1±æ 19,0.0,358,39,38.0,1.0
[¿Ö°üÀ¾],108767,2,¿Ö°ü°æ»óÇÏÀÌÄ³½½,2014.12.,38.0,29.31,96.9,25.64,84.79,14,,,,,,,,,3,2,°è´Ü½Ä,96B,15.0,15.0,https://new.land.naver.com/complexes/108767?tab=detail&rf=Y,°æ»óºÏµµ Ä¥°î±º ¿Ö°üÀ¾ ¿Ö°ü¸® 210-166,°æ»óºÏµµ,Ä¥°î±º,¿Ö°üÀ¾,,,°æ»óºÏµµ Ä¥°î±º Áß¾Ó·Î1±æ 19,0.0,358,39,38.0,1.0
[¿Ö°üÀ¾],108767,3,¿Ö°ü°æ»óÇÏÀÌÄ³½½,2014.12.,38.0,29.31,96.9,25.64,84.79,10,,,,,,,,,3,2,°è´Ü½Ä,96C,15.0,15.0,https://new.land.naver.com/complexes/108767?tab=detail&rf=Y,°æ»óºÏµµ Ä¥°î±º ¿Ö°üÀ¾ ¿Ö°ü¸® 210-166,°æ»óºÏµµ,Ä¥°î±º,¿Ö°üÀ¾,,,°æ»óºÏµµ Ä¥°î±º Áß¾Ó·Î1±æ 19,0.0,358,39,38.0,1.0
[¿Ö°üÀ¾],121475,1,½ºÀ§Æ®Ä³½½,2015.07.,18.0,31.46,104.01,25.39,83.94,9,,,,,,,,,3,2,°è´Ü½Ä,104,10.0,10.0,https://new.land.naver.com/complexes/121475?tab=detail&rf=Y,°æ»óºÏµµ Ä¥°î±º ¿Ö°üÀ¾ ¼®Àü¸® 540-1,°æ»óºÏµµ,Ä¥°î±º,¿Ö°üÀ¾,,,°æ»óºÏµµ Ä¥°î±º ¼®Àü·Î 100-1,0.0,346,50,18.0,1.0
[¿Ö°üÀ¾],121475,2,½ºÀ§Æ®Ä³½½,2015.07.,18.0,31.77,105.03,25.68,84.9,9,,,,,,,,,3,2,°è´Ü½Ä,105,10.0,10.0,https://new.land.naver.com/complexes/121475?tab=detail&rf=Y,°æ»óºÏµµ Ä¥°î±º ¿Ö°üÀ¾ ¼®Àü¸® 540-1,°æ»óºÏµµ,Ä¥°î±º,¿Ö°üÀ¾,,,°æ»óºÏµµ Ä¥°î±º ¼®Àü·Î 100-1,0.0,346,50,18.0,1.0
[¿Ö°üÀ¾],115141,1,µå¸²ºô,2008.01.,19.0,30.21,99.88,25.66,84.83,19,,,,,,,,,3,2,°è´Ü½Ä,99,10.0,10.0,https://new.land.naver.com/complexes/115141?tab=detail&rf=Y,°æ»óºÏµµ Ä¥°î±º ¿Ö°üÀ¾ ¼®Àü¸® 609-1,°æ»óºÏµµ,Ä¥°î±º,¿Ö°üÀ¾,,,°æ»óºÏµµ Ä¥°î±º ¼®Àü·Î10±æ 56,0.0,154,21,19.0,1.0
[¿Ö°üÀ¾],116636,1,¿Ö°üµå¸²ºä,2017.10.,68.0,35.27,116.6,25.0,82.66,17,,,,,,,,,3,2,°è´Ü½Ä,116A,20.0,20.0,https://new.land.naver.com/complexes/116636?tab=detail&rf=Y,°æ»óºÏµµ Ä¥°î±º ¿Ö°üÀ¾ ¿Ö°ü¸® 193,°æ»óºÏµµ,Ä¥°î±º,¿Ö°üÀ¾,,,°æ»óºÏµµ Ä¥°î±º Áß¾Ó·Î 245-5,0.0,539,70,68.0,1.0
[¿Ö°üÀ¾],116636,2,¿Ö°üµå¸²ºä,2017.10.,68.0,35.27,116.6,25.0,82.66,17,,,,,,,,,3,2,°è´Ü½Ä,116B,20.0,20.0,https://new.land.naver.com/complexes/116636?tab=detail&rf=Y,°æ»óºÏµµ Ä¥°î±º ¿Ö°üÀ¾ ¿Ö°ü¸® 193,°æ»óºÏµµ,Ä¥°î±º,¿Ö°üÀ¾,,,°æ»óºÏµµ Ä¥°î±º Áß¾Ó·Î 245-5,0.0,539,70,68.0,1.0
[¿Ö°üÀ¾],116636,3,¿Ö°üµå¸²ºä,2017.10.,68.0,36.27,119.93,25.68,84.9,17,,,,,,,,,3,2,°è´Ü½Ä,119A,20.0,20.0,https://new.land.naver.com/complexes/116636?tab=detail&rf=Y,°æ»óºÏµµ Ä¥°î±º ¿Ö°üÀ¾ ¿Ö°ü¸® 193,°æ»óºÏµµ,Ä¥°î±º,¿Ö°üÀ¾,,,°æ»óºÏµµ Ä¥°î±º Áß¾Ó·Î 245-5,0.0,539,70,68.0,1.0
[¿Ö°üÀ¾],116636,4,¿Ö°üµå¸²ºä,2017.10.,68.0,36.35,120.19,25.69,84.93,17,,,,,,,,,3,2,°è´Ü½Ä,120B,20.0,20.0,https://new.land.naver.com/complexes/116636?tab=detail&rf=Y,°æ»óºÏµµ Ä¥°î±º ¿Ö°üÀ¾ ¿Ö°ü¸® 193,°æ»óºÏµµ,Ä¥°î±º,¿Ö°üÀ¾,,,°æ»óºÏµµ Ä¥°î±º Áß¾Ó·Î 245-5,0.0,539,70,68.0,1.0
[¿Ö°üÀ¾],113074,1,Ä¥°î¿Ö°üÅÂ¿Õ¾Æ³Ê½º¼¾ÅÒ,2018.11.,728.0,28.7,94.89,21.22,70.16,150,,,,,,,,,3,2,°è´Ü½Ä,94,26.0,13.0,https://new.land.naver.com/complexes/113074?tab=detail&rf=Y,°æ»óºÏµµ Ä¥°î±º ¿Ö°üÀ¾ ¿Ö°ü¸® 1463,°æ»óºÏµµ,Ä¥°î±º,¿Ö°üÀ¾,,,°æ»óºÏµµ Ä¥°î±º ´Þ¿À2±æ 37,0.0,249,17,953.0,1.31
[¿Ö°üÀ¾],113074,2,Ä¥°î¿Ö°üÅÂ¿Õ¾Æ³Ê½º¼¾ÅÒ,2018.11.,728.0,34.05,112.59,25.54,84.43,450,,,,,,,,,4,2,°è´Ü½Ä,112A,26.0,13.0,https://new.land.naver.com/complexes/113074?tab=detail&rf=Y,°æ»óºÏµµ Ä¥°î±º ¿Ö°üÀ¾ ¿Ö°ü¸® 1463,°æ»óºÏµµ,Ä¥°î±º,¿Ö°üÀ¾,,,°æ»óºÏµµ Ä¥°î±º ´Þ¿À2±æ 37,0.0,249,17,953.0,1.31
[¿Ö°üÀ¾],113074,3,Ä¥°î¿Ö°üÅÂ¿Õ¾Æ³Ê½º¼¾ÅÒ,2018.11.,728.0,33.95,112.26,25.53,84.42,128,,,,,,,,,4,2,°è´Ü½Ä,112B,26.0,13.0,https://new.land.naver.com/complexes/113074?tab=detail&rf=Y,°æ»óºÏµµ Ä¥°î±º ¿Ö°üÀ¾ ¿Ö°ü¸® 1463,°æ»óºÏµµ,Ä¥°î±º,¿Ö°üÀ¾,,,°æ»óºÏµµ Ä¥°î±º ´Þ¿À2±æ 37,0.0,249,17,953.0,1.31
[¿Ö°üÀ¾],129964,1,°Ç¿ì2Â÷,1992.12.,43.0,13.7,45.29,12.45,41.16,8,,,,,,,,,1,1,°è´Ü½Ä,45,5.0,4.0,https://new.land.naver.com/complexes/129964?tab=detail&rf=Y,°æ»óºÏµµ Ä¥°î±º ¿Ö°üÀ¾ ¿Ö°ü¸® 788-12,°æ»óºÏµµ,Ä¥°î±º,¿Ö°üÀ¾,,,°æ»óºÏµµ Ä¥°î±º ÀÚÁ¶2±æ 28,0.0,0,0,9.0,0.21
[¿Ö°üÀ¾],129964,2,°Ç¿ì2Â÷,1992.12.,43.0,15.07,49.84,13.7,45.29,3,,,,,,,,,2,1,°è´Ü½Ä,49A,5.0,4.0,https://new.land.naver.com/complexes/129964?tab=detail&rf=Y,°æ»óºÏµµ Ä¥°î±º ¿Ö°üÀ¾ ¿Ö°ü¸® 788-12,°æ»óºÏµµ,Ä¥°î±º,¿Ö°üÀ¾,,,°æ»óºÏµµ Ä¥°î±º ÀÚÁ¶2±æ 28,0.0,0,0,9.0,0.21
[¿Ö°üÀ¾],129964,3,°Ç¿ì2Â÷,1992.12.,43.0,15.16,50.13,13.78,45.56,6,,,,,,,,,2,1,°è´Ü½Ä,50B,5.0,4.0,https://new.land.naver.com/complexes/129964?tab=detail&rf=Y,°æ»óºÏµµ Ä¥°î±º ¿Ö°üÀ¾ ¿Ö°ü¸® 788-12,°æ»óºÏµµ,Ä¥°î±º,¿Ö°üÀ¾,,,°æ»óºÏµµ Ä¥°î±º ÀÚÁ¶2±æ 28,0.0,0,0,9.0,0.21
[¿Ö°üÀ¾],129964,4,°Ç¿ì2Â÷,1992.12.,43.0,15.24,50.4,13.85,45.8,1,,,,,,,,,2,1,°è´Ü½Ä,50C,5.0,4.0,https://new.land.naver.com/complexes/129964?tab=detail&rf=Y,°æ»óºÏµµ Ä¥°î±º ¿Ö°üÀ¾ ¿Ö°ü¸® 788-12,°æ»óºÏµµ,Ä¥°î±º,¿Ö°üÀ¾,,,°æ»óºÏµµ Ä¥°î±º ÀÚÁ¶2±æ 28,0.0,0,0,9.0,0.21
[¿Ö°üÀ¾],129964,5,°Ç¿ì2Â÷,1992.12.,43.0,15.88,52.5,14.43,47.71,3,,,,,,,,,2,1,°è´Ü½Ä,52,5.0,4.0,https://new.land.naver.com/complexes/129964?tab=detail&rf=Y,°æ»óºÏµµ Ä¥°î±º ¿Ö°üÀ¾ ¿Ö°ü¸® 788-12,°æ»óºÏµµ,Ä¥°î±º,¿Ö°üÀ¾,,,°æ»óºÏµµ Ä¥°î±º ÀÚÁ¶2±æ 28,0.0,0,0,9.0,0.21
[¿Ö°üÀ¾],129964,6,°Ç¿ì2Â÷,1992.12.,43.0,16.51,54.58,15.0,49.59,15,,,,,,,,,2,1,°è´Ü½Ä,54A,5.0,4.0,https://new.land.naver.com/complexes/129964?tab=detail&rf=Y,°æ»óºÏµµ Ä¥°î±º ¿Ö°üÀ¾ ¿Ö°ü¸® 788-12,°æ»óºÏµµ,Ä¥°î±º,¿Ö°üÀ¾,,,°æ»óºÏµµ Ä¥°î±º ÀÚÁ¶2±æ 28,0.0,0,0,9.0,0.21
[¿Ö°üÀ¾],129964,7,°Ç¿ì2Â÷,1992.12.,43.0,16.57,54.78,15.06,49.79,1,,,,,,,,,2,1,°è´Ü½Ä,54B,5.0,4.0,https://new.land.naver.com/complexes/129964?tab=detail&rf=Y,°æ»óºÏµµ Ä¥°î±º ¿Ö°üÀ¾ ¿Ö°ü¸® 788-12,°æ»óºÏµµ,Ä¥°î±º,¿Ö°üÀ¾,,,°æ»óºÏµµ Ä¥°î±º ÀÚÁ¶2±æ 28,0.0,0,0,9.0,0.21
[¿Ö°üÀ¾],129964,8,°Ç¿ì2Â÷,1992.12.,43.0,20.75,68.61,18.85,62.34,3,,,,,,,,,3,1,°è´Ü½Ä,68,5.0,4.0,https://new.land.naver.com/complexes/129964?tab=detail&rf=Y,°æ»óºÏµµ Ä¥°î±º ¿Ö°üÀ¾ ¿Ö°ü¸® 788-12,°æ»óºÏµµ,Ä¥°î±º,¿Ö°üÀ¾,,,°æ»óºÏµµ Ä¥°î±º ÀÚÁ¶2±æ 28,0.0,0,0,9.0,0.21
[¿Ö°üÀ¾],129964,9,°Ç¿ì2Â÷,1992.12.,43.0,25.24,83.46,22.94,75.84,3,,,,,,,,,3,2,°è´Ü½Ä,83,5.0,4.0,https://new.land.naver.com/complexes/129964?tab=detail&rf=Y,°æ»óºÏµµ Ä¥°î±º ¿Ö°üÀ¾ ¿Ö°ü¸® 788-12,°æ»óºÏµµ,Ä¥°î±º,¿Ö°üÀ¾,,,°æ»óºÏµµ Ä¥°î±º ÀÚÁ¶2±æ 28,0.0,0,0,9.0,0.21
[¿Ö°üÀ¾],122156,1,Å¸¿öÆÓ¸®½º,2014.04.,16.0,24.89,82.31,20.12,66.54,8,,,,,,,,,3,2,°è´Ü½Ä,82A,5.0,5.0,https://new.land.naver.com/complexes/122156?tab=detail&rf=Y,°æ»óºÏµµ Ä¥°î±º ¿Ö°üÀ¾ ¼®Àü¸® 403-2,°æ»óºÏµµ,Ä¥°î±º,¿Ö°üÀ¾,,,°æ»óºÏµµ Ä¥°î±º ¼®Àü·Î9±æ 21,0.0,110,36,16.0,1.0
[¿Ö°üÀ¾],122156,2,Å¸¿öÆÓ¸®½º,2014.04.,16.0,24.84,82.12,20.39,67.43,4,,,,,,,,,3,2,°è´Ü½Ä,82B,5.0,5.0,https://new.land.naver.com/complexes/122156?tab=detail&rf=Y,°æ»óºÏµµ Ä¥°î±º ¿Ö°üÀ¾ ¼®Àü¸® 403-2,°æ»óºÏµµ,Ä¥°î±º,¿Ö°üÀ¾,,,°æ»óºÏµµ Ä¥°î±º ¼®Àü·Î9±æ 21,0.0,110,36,16.0,1.0
[¿Ö°üÀ¾],122156,3,Å¸¿öÆÓ¸®½º,2014.04.,16.0,24.95,82.51,20.49,67.75,4,,,,,,,,,3,2,°è´Ü½Ä,82C,5.0,5.0,https://new.land.naver.com/complexes/122156?tab=detail&rf=Y,°æ»óºÏµµ Ä¥°î±º ¿Ö°üÀ¾ ¼®Àü¸® 403-2,°æ»óºÏµµ,Ä¥°î±º,¿Ö°üÀ¾,,,°æ»óºÏµµ Ä¥°î±º ¼®Àü·Î9±æ 21,0.0,110,36,16.0,1.0
[¿Ö°üÀ¾],114002,1,¸ð³ë½º,2016.03.,12.0,26.77,88.52,22.34,73.88,4,,,,,,,,,3,1,°è´Ü½Ä,88,5.0,5.0,https://new.land.naver.com/complexes/114002?tab=detail&rf=Y,°æ»óºÏµµ Ä¥°î±º ¿Ö°üÀ¾ ¿Ö°ü¸® 689,°æ»óºÏµµ,Ä¥°î±º,¿Ö°üÀ¾,,,°æ»óºÏµµ Ä¥°î±º ÆòÀå3±æ 31-7,0.0,204,33,13.0,1.08
[¿Ö°üÀ¾],114002,2,¸ð³ë½º,2016.03.,12.0,28.04,92.72,23.34,77.19,4,,,,,,,,,3,1,°è´Ü½Ä,92A,5.0,5.0,https://new.land.naver.com/complexes/114002?tab=detail&rf=Y,°æ»óºÏµµ Ä¥°î±º ¿Ö°üÀ¾ ¿Ö°ü¸® 689,°æ»óºÏµµ,Ä¥°î±º,¿Ö°üÀ¾,,,°æ»óºÏµµ Ä¥°î±º ÆòÀå3±æ 31-7,0.0,204,33,13.0,1.08
[¿Ö°üÀ¾],114002,3,¸ð³ë½º,2016.03.,12.0,28.17,93.14,23.47,77.61,4,,,,,,,,,3,1,°è´Ü½Ä,93B,5.0,5.0,https://new.land.naver.com/complexes/114002?tab=detail&rf=Y,°æ»óºÏµµ Ä¥°î±º ¿Ö°üÀ¾ ¿Ö°ü¸® 689,°æ»óºÏµµ,Ä¥°î±º,¿Ö°üÀ¾,,,°æ»óºÏµµ Ä¥°î±º ÆòÀå3±æ 31-7,0.0,204,33,13.0,1.08
[¿Ö°üÀ¾],15786,1,¹«¼º±×¸°¸Ç¼Ç,1995.09.,192.0,23.43,77.47,18.13,59.95,84,,,,,,,,,2,1,°è´Ü½Ä,77,12.0,12.0,https://new.land.naver.com/complexes/15786?tab=detail&rf=Y,°æ»óºÏµµ Ä¥°î±º ¿Ö°üÀ¾ ¼®Àü¸® 771-4,°æ»óºÏµµ,Ä¥°î±º,¿Ö°üÀ¾,,,°æ»óºÏµµ Ä¥°î±º ±ºÃ»4±æ 32,0.0,233,22,0.0,0.0
[¿Ö°üÀ¾],15786,2,¹«¼º±×¸°¸Ç¼Ç,1995.09.,192.0,28.02,92.64,21.68,71.7,12,,,,,,,,,3,1,°è´Ü½Ä,92,12.0,12.0,https://new.land.naver.com/complexes/15786?tab=detail&rf=Y,°æ»óºÏµµ Ä¥°î±º ¿Ö°üÀ¾ ¼®Àü¸® 771-4,°æ»óºÏµµ,Ä¥°î±º,¿Ö°üÀ¾,,,°æ»óºÏµµ Ä¥°î±º ±ºÃ»4±æ 32,0.0,233,22,0.0,0.0
[¿Ö°üÀ¾],15786,3,¹«¼º±×¸°¸Ç¼Ç,1995.09.,192.0,29.71,98.24,25.66,84.83,96,,,,,,,,,3,2,°è´Ü½Ä,98,12.0,12.0,https://new.land.naver.com/complexes/15786?tab=detail&rf=Y,°æ»óºÏµµ Ä¥°î±º ¿Ö°üÀ¾ ¼®Àü¸® 771-4,°æ»óºÏµµ,Ä¥°î±º,¿Ö°üÀ¾,,,°æ»óºÏµµ Ä¥°î±º ±ºÃ»4±æ 32,0.0,233,22,0.0,0.0
[¿Ö°üÀ¾],131462,1,°Ç¿ì1Â÷,1980.06.,48.0,13.12,43.4,13.12,43.4,4,,,,,,,,,1,1,°è´Ü½Ä,43A,4.0,4.0,https://new.land.naver.com/complexes/131462?tab=detail&rf=Y,°æ»óºÏµµ Ä¥°î±º ¿Ö°üÀ¾ ¿Ö°ü¸® 788-35,°æ»óºÏµµ,Ä¥°î±º,¿Ö°üÀ¾,,,°æ»óºÏµµ Ä¥°î±º ÀÚÁ¶2±æ 28-1,0.0,0,0,0.0,0.0
[¿Ö°üÀ¾],131462,2,°Ç¿ì1Â÷,1980.06.,48.0,13.43,44.4,13.43,44.4,4,,,,,,,,,1,1,°è´Ü½Ä,44B,4.0,4.0,https://new.land.naver.com/complexes/131462?tab=detail&rf=Y,°æ»óºÏµµ Ä¥°î±º ¿Ö°üÀ¾ ¿Ö°ü¸® 788-35,°æ»óºÏµµ,Ä¥°î±º,¿Ö°üÀ¾,,,°æ»óºÏµµ Ä¥°î±º ÀÚÁ¶2±æ 28-1,0.0,0,0,0.0,0.0
[¿Ö°üÀ¾],131462,3,°Ç¿ì1Â÷,1980.06.,48.0,13.82,45.7,13.82,45.7,4,,,,,,,,,1,1,°è´Ü½Ä,45A,4.0,4.0,https://new.land.naver.com/complexes/131462?tab=detail&rf=Y,°æ»óºÏµµ Ä¥°î±º ¿Ö°üÀ¾ ¿Ö°ü¸® 788-35,°æ»óºÏµµ,Ä¥°î±º,¿Ö°üÀ¾,,,°æ»óºÏµµ Ä¥°î±º ÀÚÁ¶2±æ 28-1,0.0,0,0,0.0,0.0
[¿Ö°üÀ¾],131462,4,°Ç¿ì1Â÷,1980.06.,48.0,14.03,46.4,14.03,46.4,8,,,,,,,,,1,1,°è´Ü½Ä,46B,4.0,4.0,https://new.land.naver.com/complexes/131462?tab=detail&rf=Y,°æ»óºÏµµ Ä¥°î±º ¿Ö°üÀ¾ ¿Ö°ü¸® 788-35,°æ»óºÏµµ,Ä¥°î±º,¿Ö°üÀ¾,,,°æ»óºÏµµ Ä¥°î±º ÀÚÁ¶2±æ 28-1,0.0,0,0,0.0,0.0
[¿Ö°üÀ¾],131462,5,°Ç¿ì1Â÷,1980.06.,48.0,15.69,51.9,15.69,51.9,10,,,,,,,,,2,1,°è´Ü½Ä,51D,4.0,4.0,https://new.land.naver.com/complexes/131462?tab=detail&rf=Y,°æ»óºÏµµ Ä¥°î±º ¿Ö°üÀ¾ ¿Ö°ü¸® 788-35,°æ»óºÏµµ,Ä¥°î±º,¿Ö°üÀ¾,,,°æ»óºÏµµ Ä¥°î±º ÀÚÁ¶2±æ 28-1,0.0,0,0,0.0,0.0
[¿Ö°üÀ¾],131462,6,°Ç¿ì1Â÷,1980.06.,48.0,15.63,51.7,15.63,51.7,4,,,,,,,,,2,1,°è´Ü½Ä,51A,4.0,4.0,https://new.land.naver.com/complexes/131462?tab=detail&rf=Y,°æ»óºÏµµ Ä¥°î±º ¿Ö°üÀ¾ ¿Ö°ü¸® 788-35,°æ»óºÏµµ,Ä¥°î±º,¿Ö°üÀ¾,,,°æ»óºÏµµ Ä¥°î±º ÀÚÁ¶2±æ 28-1,0.0,0,0,0.0,0.0
[¿Ö°üÀ¾],131462,7,°Ç¿ì1Â÷,1980.06.,48.0,15.69,51.89,15.69,51.89,1,,,,,,,,,2,1,°è´Ü½Ä,51B,4.0,4.0,https://new.land.naver.com/complexes/131462?tab=detail&rf=Y,°æ»óºÏµµ Ä¥°î±º ¿Ö°üÀ¾ ¿Ö°ü¸® 788-35,°æ»óºÏµµ,Ä¥°î±º,¿Ö°üÀ¾,,,°æ»óºÏµµ Ä¥°î±º ÀÚÁ¶2±æ 28-1,0.0,0,0,0.0,0.0
[¿Ö°üÀ¾],131462,8,°Ç¿ì1Â÷,1980.06.,48.0,15.71,51.95,15.71,51.95,1,,,,,,,,,2,1,°è´Ü½Ä,51E,4.0,4.0,https://new.land.naver.com/complexes/131462?tab=detail&rf=Y,°æ»óºÏµµ Ä¥°î±º ¿Ö°üÀ¾ ¿Ö°ü¸® 788-35,°æ»óºÏµµ,Ä¥°î±º,¿Ö°üÀ¾,,,°æ»óºÏµµ Ä¥°î±º ÀÚÁ¶2±æ 28-1,0.0,0,0,0.0,0.0
[¿Ö°üÀ¾],131462,9,°Ç¿ì1Â÷,1980.06.,48.0,17.87,59.1,17.87,59.1,4,,,,,,,,,2,1,°è´Ü½Ä,59A,4.0,4.0,https://new.land.naver.com/complexes/131462?tab=detail&rf=Y,°æ»óºÏµµ Ä¥°î±º ¿Ö°üÀ¾ ¿Ö°ü¸® 788-35,°æ»óºÏµµ,Ä¥°î±º,¿Ö°üÀ¾,,,°æ»óºÏµµ Ä¥°î±º ÀÚÁ¶2±æ 28-1,0.0,0,0,0.0,0.0
[¿Ö°üÀ¾],131462,10,°Ç¿ì1Â÷,1980.06.,48.0,18.05,59.7,18.05,59.7,4,,,,,,,,,2,1,°è´Ü½Ä,59B,4.0,4.0,https://new.land.naver.com/complexes/131462?tab=detail&rf=Y,°æ»óºÏµµ Ä¥°î±º ¿Ö°üÀ¾ ¿Ö°ü¸® 788-35,°æ»óºÏµµ,Ä¥°î±º,¿Ö°üÀ¾,,,°æ»óºÏµµ Ä¥°î±º ÀÚÁ¶2±æ 28-1,0.0,0,0,0.0,0.0
[¿Ö°üÀ¾],131462,11,°Ç¿ì1Â÷,1980.06.,48.0,24.07,79.6,24.07,79.6,4,,,,,,,,,3,1,°è´Ü½Ä,79,4.0,4.0,https://new.land.naver.com/complexes/131462?tab=detail&rf=Y,°æ»óºÏµµ Ä¥°î±º ¿Ö°üÀ¾ ¿Ö°ü¸® 788-35,°æ»óºÏµµ,Ä¥°î±º,¿Ö°üÀ¾,,,°æ»óºÏµµ Ä¥°î±º ÀÚÁ¶2±æ 28-1,0.0,0,0,0.0,0.0
[¿Ö°üÀ¾],7625,1,´ëÈ­,1992.05.,294.0,23.12,76.46,18.14,59.97,104,,,,,,,,,3,1,°è´Ü½Ä,76,6.0,4.0,https://new.land.naver.com/complexes/7625?tab=detail&rf=Y,°æ»óºÏµµ Ä¥°î±º ¿Ö°üÀ¾ ¼®Àü¸® 410,°æ»óºÏµµ,Ä¥°î±º,¿Ö°üÀ¾,,,°æ»óºÏµµ Ä¥°î±º ¼®Àü·Î9±æ 7,0.0,186,35,0.0,0.0
[¿Ö°üÀ¾],7625,2,´ëÈ­,1992.05.,294.0,23.78,78.64,18.75,62.0,60,,,,,,,,,3,1,°è´Ü½Ä,78,6.0,4.0,https://new.land.naver.com/complexes/7625?tab=detail&rf=Y,°æ»óºÏµµ Ä¥°î±º ¿Ö°üÀ¾ ¼®Àü¸® 410,°æ»óºÏµµ,Ä¥°î±º,¿Ö°üÀ¾,,,°æ»óºÏµµ Ä¥°î±º ¼®Àü·Î9±æ 7,0.0,186,35,0.0,0.0
[¿Ö°üÀ¾],7625,3,´ëÈ­,1992.05.,294.0,26.06,86.16,20.62,68.18,120,,,,,,,,,3,1,°è´Ü½Ä,86,6.0,4.0,https://new.land.naver.com/complexes/7625?tab=detail&rf=Y,°æ»óºÏµµ Ä¥°î±º ¿Ö°üÀ¾ ¼®Àü¸® 410,°æ»óºÏµµ,Ä¥°î±º,¿Ö°üÀ¾,,,°æ»óºÏµµ Ä¥°î±º ¼®Àü·Î9±æ 7,0.0,186,35,0.0,0.0
[¿Ö°üÀ¾],7625,4,´ëÈ­,1992.05.,294.0,28.49,94.19,21.35,70.6,10,,,,,,,,,3,1,°è´Ü½Ä,94,6.0,4.0,https://new.land.naver.com/complexes/7625?tab=detail&rf=Y,°æ»óºÏµµ Ä¥°î±º ¿Ö°üÀ¾ ¼®Àü¸® 410,°æ»óºÏµµ,Ä¥°î±º,¿Ö°üÀ¾,,,°æ»óºÏµµ Ä¥°î±º ¼®Àü·Î9±æ 7,0.0,186,35,0.0,0.0
[¿Ö°üÀ¾],126555,1,¿Ö°ü(°ñµçÆÄÅ©),2004.03.,12.0,26.42,87.36,22.32,73.8,3,,,,,,,,,3,2,°è´Ü½Ä,87,5.0,4.0,https://new.land.naver.com/complexes/126555?tab=detail&rf=Y,°æ»óºÏµµ Ä¥°î±º ¿Ö°üÀ¾ 506-3,°æ»óºÏµµ,Ä¥°î±º,¿Ö°üÀ¾,,,°æ»óºÏµµ Ä¥°î±º ¼®Àü·Î11±æ 16,0.0,191,50,10.0,0.83
[¿Ö°üÀ¾],126555,2,¿Ö°ü(°ñµçÆÄÅ©),2004.03.,12.0,30.39,100.49,25.67,84.88,9,,,,,,,,,3,2,°è´Ü½Ä,100,5.0,4.0,https://new.land.naver.com/complexes/126555?tab=detail&rf=Y,°æ»óºÏµµ Ä¥°î±º ¿Ö°üÀ¾ 506-3,°æ»óºÏµµ,Ä¥°î±º,¿Ö°üÀ¾,,,°æ»óºÏµµ Ä¥°î±º ¼®Àü·Î11±æ 16,0.0,191,50,10.0,0.83
[¿Ö°üÀ¾],106041,1,´©¸®¿òºô¶óÆ®,2004.11.,15.0,28.26,93.43,23.29,77.0,2,,,,,,,,,3,2,º¹µµ½Ä,93,8.0,8.0,https://new.land.naver.com/complexes/106041?tab=detail&rf=Y,°æ»óºÏµµ Ä¥°î±º ¿Ö°üÀ¾ ¼®Àü¸® 541-1,°æ»óºÏµµ,Ä¥°î±º,¿Ö°üÀ¾,,,°æ»óºÏµµ Ä¥°î±º ¼®Àü·Î9±æ 10-12,0.0,190,32,13.0,0.87
[¿Ö°üÀ¾],106041,2,´©¸®¿òºô¶óÆ®,2004.11.,15.0,33.66,111.29,25.67,84.88,13,,,,,,,,,3,2,º¹µµ½Ä,111,8.0,8.0,https://new.land.naver.com/complexes/106041?tab=detail&rf=Y,°æ»óºÏµµ Ä¥°î±º ¿Ö°üÀ¾ ¼®Àü¸® 541-1,°æ»óºÏµµ,Ä¥°î±º,¿Ö°üÀ¾,,,°æ»óºÏµµ Ä¥°î±º ¼®Àü·Î9±æ 10-12,0.0,190,32,13.0,0.87
[¿Ö°üÀ¾],7660,1,¿Ö°ü¿ì¹æÅ¸¿î,1992.05.,751.0,23.59,78.01,16.18,53.52,149,,,,,,,,,3,1,º¹µµ½Ä,78,15.0,10.0,https://new.land.naver.com/complexes/7660?tab=detail&rf=Y,°æ»óºÏµµ Ä¥°î±º ¿Ö°üÀ¾ ¿Ö°ü¸® 298-10,°æ»óºÏµµ,Ä¥°î±º,¿Ö°üÀ¾,,,°æ»óºÏµµ Ä¥°î±º Áß¾Ó·Î 117,0.0,0,0,0.0,0.0
[¿Ö°üÀ¾],7660,2,¿Ö°ü¿ì¹æÅ¸¿î,1992.05.,751.0,28.24,93.37,21.84,72.2,168,,,,,,,,,3,1,°è´Ü½Ä,93,15.0,10.0,https://new.land.naver.com/complexes/7660?tab=detail&rf=Y,°æ»óºÏµµ Ä¥°î±º ¿Ö°üÀ¾ ¿Ö°ü¸® 298-10,°æ»óºÏµµ,Ä¥°î±º,¿Ö°üÀ¾,,,°æ»óºÏµµ Ä¥°î±º Áß¾Ó·Î 117,0.0,0,0,0.0,0.0
[¿Ö°üÀ¾],7660,3,¿Ö°ü¿ì¹æÅ¸¿î,1992.05.,751.0,32.59,107.74,25.7,84.99,414,,,,,,,,,3,2,°è´Ü½Ä,107,15.0,10.0,https://new.land.naver.com/complexes/7660?tab=detail&rf=Y,°æ»óºÏµµ Ä¥°î±º ¿Ö°üÀ¾ ¿Ö°ü¸® 298-10,°æ»óºÏµµ,Ä¥°î±º,¿Ö°üÀ¾,,,°æ»óºÏµµ Ä¥°î±º Áß¾Ó·Î 117,0.0,0,0,0.0,0.0
[¿Ö°üÀ¾],7660,4,¿Ö°ü¿ì¹æÅ¸¿î,1992.05.,751.0,44.54,147.24,36.37,120.24,20,,,,,,,,,4,2,°è´Ü½Ä,147,15.0,10.0,https://new.land.naver.com/complexes/7660?tab=detail&rf=Y,°æ»óºÏµµ Ä¥°î±º ¿Ö°üÀ¾ ¿Ö°ü¸® 298-10,°æ»óºÏµµ,Ä¥°î±º,¿Ö°üÀ¾,,,°æ»óºÏµµ Ä¥°î±º Áß¾Ó·Î 117,0.0,0,0,0.0,0.0
