[계산동],110671,1,계산대림다미아(도시형),2012.02.,24.0,34.71,114.77,25.51,84.36,8,,,,,,,,,3,2,계단식,114A,4.0,4.0,https://new.land.naver.com/complexes/110671?tab=detail&rf=Y,경상북도 상주시 계산동 501-1,경상북도,상주시,계산동,,,경상북도 상주시 계산1길 25,0.0,63,21,28.0,1.17
[계산동],110671,2,계산대림다미아(도시형),2012.02.,24.0,35.11,116.09,25.58,84.57,16,,,,,,,,,3,2,계단식,116B,4.0,4.0,https://new.land.naver.com/complexes/110671?tab=detail&rf=Y,경상북도 상주시 계산동 501-1,경상북도,상주시,계산동,,,경상북도 상주시 계산1길 25,0.0,63,21,28.0,1.17
[낙양동],110283,1,태광패밀리,2013.08.,32.0,33.82,111.82,25.39,83.95,16,,,,,,,,,3,2,계단식,111,9.0,9.0,https://new.land.naver.com/complexes/110283?tab=detail&rf=Y,경상북도 상주시 낙양동 123-99,경상북도,상주시,낙양동,,,경상북도 상주시 상서문1길 28,0.0,0,0,36.0,1.12
[낙양동],110283,2,태광패밀리,2013.08.,32.0,36.88,121.92,25.63,84.76,8,,,,,,,,,3,2,계단식,121A,9.0,9.0,https://new.land.naver.com/complexes/110283?tab=detail&rf=Y,경상북도 상주시 낙양동 123-99,경상북도,상주시,낙양동,,,경상북도 상주시 상서문1길 28,0.0,0,0,36.0,1.12
[낙양동],110283,3,태광패밀리,2013.08.,32.0,36.65,121.18,25.7,84.97,8,,,,,,,,,3,2,계단식,121B,9.0,9.0,https://new.land.naver.com/complexes/110283?tab=detail&rf=Y,경상북도 상주시 낙양동 123-99,경상북도,상주시,낙양동,,,경상북도 상주시 상서문1길 28,0.0,0,0,36.0,1.12
[낙양동],103134,1,이원파크빌,2010.07.,74.0,24.78,81.95,19.58,64.73,1,,,,,,,,,3,2,계단식,81,14.0,9.0,https://new.land.naver.com/complexes/103134?tab=detail&rf=Y,경상북도 상주시 낙양동 186-4,경상북도,상주시,낙양동,,,경상북도 상주시 신서문1길 130,0.0,199,18,81.0,1.09
[낙양동],103134,2,이원파크빌,2010.07.,74.0,32.22,106.52,25.61,84.68,59,,,,,,,,,3,2,계단식,106,14.0,9.0,https://new.land.naver.com/complexes/103134?tab=detail&rf=Y,경상북도 상주시 낙양동 186-4,경상북도,상주시,낙양동,,,경상북도 상주시 신서문1길 130,0.0,199,18,81.0,1.09
[낙양동],103134,3,이원파크빌,2010.07.,74.0,32.77,108.34,25.7,84.98,10,,,,,,,,,3,2,계단식,108,14.0,9.0,https://new.land.naver.com/complexes/103134?tab=detail&rf=Y,경상북도 상주시 낙양동 186-4,경상북도,상주시,낙양동,,,경상북도 상주시 신서문1길 130,0.0,199,18,81.0,1.09
[낙양동],103134,4,이원파크빌,2010.07.,74.0,47.9,158.35,37.8,124.97,3,,,,,,,,,3,2,계단식,158,14.0,9.0,https://new.land.naver.com/complexes/103134?tab=detail&rf=Y,경상북도 상주시 낙양동 186-4,경상북도,상주시,낙양동,,,경상북도 상주시 신서문1길 130,0.0,199,18,81.0,1.09
[낙양동],103134,5,이원파크빌,2010.07.,74.0,49.78,164.57,38.65,127.77,1,,,,,,,,,3,2,계단식,164,14.0,9.0,https://new.land.naver.com/complexes/103134?tab=detail&rf=Y,경상북도 상주시 낙양동 186-4,경상북도,상주시,낙양동,,,경상북도 상주시 신서문1길 130,0.0,199,18,81.0,1.09
[낙양동],4364,1,낙양명지2차,1995.10.,144.0,21.83,72.17,18.11,59.9,60,,,,,,,,,3,1,계단식,72,15.0,12.0,https://new.land.naver.com/complexes/4364?tab=detail&rf=Y,경상북도 상주시 낙양동 199-39,경상북도,상주시,낙양동,,,경상북도 상주시 경상대로 2930-9,0.0,228,22,125.0,0.87
[낙양동],4364,2,낙양명지2차,1995.10.,144.0,29.52,97.59,25.7,84.99,84,,,,,,,,,3,1,계단식,97,15.0,12.0,https://new.land.naver.com/complexes/4364?tab=detail&rf=Y,경상북도 상주시 낙양동 199-39,경상북도,상주시,낙양동,,,경상북도 상주시 경상대로 2930-9,0.0,228,22,125.0,0.87
[낙양동],117414,1,허브캐슬,2012.03.,19.0,35.04,115.86,25.62,84.7,19,,,,,,,,,3,2,계단식,115,10.0,10.0,https://new.land.naver.com/complexes/117414?tab=detail&rf=Y,경상북도 상주시 낙양동 213-9,경상북도,상주시,낙양동,,,경상북도 상주시 낙양1길 5,0.0,158,21,20.0,1.05
[낙양동],110717,1,태광패밀리2차,2015.10.,49.0,34.14,112.89,25.27,83.56,15,,,,,,,,,3,2,계단식,112C,18.0,16.0,https://new.land.naver.com/complexes/110717?tab=detail&rf=Y,경상북도 상주시 낙양동 111,경상북도,상주시,낙양동,,,경상북도 상주시 상서문2길 33,0.0,220,21,59.0,1.2
[낙양동],110717,2,태광패밀리2차,2015.10.,49.0,34.23,113.17,25.57,84.55,15,,,,,,,,,3,2,계단식,113B,18.0,16.0,https://new.land.naver.com/complexes/110717?tab=detail&rf=Y,경상북도 상주시 낙양동 111,경상북도,상주시,낙양동,,,경상북도 상주시 상서문2길 33,0.0,220,21,59.0,1.2
[낙양동],110717,3,태광패밀리2차,2015.10.,49.0,34.18,113.02,25.27,83.56,4,,,,,,,,,3,2,계단식,113D,18.0,16.0,https://new.land.naver.com/complexes/110717?tab=detail&rf=Y,경상북도 상주시 낙양동 111,경상북도,상주시,낙양동,,,경상북도 상주시 상서문2길 33,0.0,220,21,59.0,1.2
[낙양동],110717,4,태광패밀리2차,2015.10.,49.0,36.01,119.06,25.68,84.92,15,,,,,,,,,3,2,계단식,119A,18.0,16.0,https://new.land.naver.com/complexes/110717?tab=detail&rf=Y,경상북도 상주시 낙양동 111,경상북도,상주시,낙양동,,,경상북도 상주시 상서문2길 33,0.0,220,21,59.0,1.2
[낙양동],116441,1,상주낙양대림다미아,2018.06.,153.0,25.51,84.36,18.14,59.97,34,,,,,,,,,3,2,계단식,84,18.0,18.0,https://new.land.naver.com/complexes/116441?tab=detail&rf=Y,경상북도 상주시 낙양동 447,경상북도,상주시,낙양동,,,경상북도 상주시 낙양3길 9,0.0,249,19,200.0,1.31
[낙양동],116441,2,상주낙양대림다미아,2018.06.,153.0,33.08,109.36,25.7,84.99,102,,,,,,,,,3,2,계단식,109A,18.0,18.0,https://new.land.naver.com/complexes/116441?tab=detail&rf=Y,경상북도 상주시 낙양동 447,경상북도,상주시,낙양동,,,경상북도 상주시 낙양3길 9,0.0,249,19,200.0,1.31
[낙양동],116441,3,상주낙양대림다미아,2018.06.,153.0,33.0,109.1,25.67,84.87,17,,,,,,,,,3,2,계단식,109B,18.0,18.0,https://new.land.naver.com/complexes/116441?tab=detail&rf=Y,경상북도 상주시 낙양동 447,경상북도,상주시,낙양동,,,경상북도 상주시 낙양3길 9,0.0,249,19,200.0,1.31
[낙양동],110387,1,상주낙양지엘리베라움,2017.06.,277.0,26.32,87.03,19.42,64.2,34,,,,,,,,,3,2,계단식,87B,18.0,11.0,https://new.land.naver.com/complexes/110387?tab=detail&rf=Y,경상북도 상주시 낙양동 444,경상북도,상주시,낙양동,,,경상북도 상주시 경상대로 2910,0.0,248,26,352.0,1.27
[낙양동],110387,2,상주낙양지엘리베라움,2017.06.,277.0,27.06,89.46,18.93,62.58,82,,,,,,,,,3,2,계단식,89C,18.0,11.0,https://new.land.naver.com/complexes/110387?tab=detail&rf=Y,경상북도 상주시 낙양동 444,경상북도,상주시,낙양동,,,경상북도 상주시 경상대로 2910,0.0,248,26,352.0,1.27
[낙양동],110387,3,상주낙양지엘리베라움,2017.06.,277.0,27.09,89.56,19.22,63.57,50,,,,,,,,,3,2,계단식,89A,18.0,11.0,https://new.land.naver.com/complexes/110387?tab=detail&rf=Y,경상북도 상주시 낙양동 444,경상북도,상주시,낙양동,,,경상북도 상주시 경상대로 2910,0.0,248,26,352.0,1.27
[낙양동],110387,4,상주낙양지엘리베라움,2017.06.,277.0,33.3,110.11,25.66,84.84,111,,,,,,,,,3,2,계단식,110D,18.0,11.0,https://new.land.naver.com/complexes/110387?tab=detail&rf=Y,경상북도 상주시 낙양동 444,경상북도,상주시,낙양동,,,경상북도 상주시 경상대로 2910,0.0,248,26,352.0,1.27
[낙양동],4363,1,낙양명지,1994.07.,468.0,19.75,65.3,18.07,59.74,336,,,,,,,,,2,1,계단식,65,6.0,6.0,https://new.land.naver.com/complexes/4363?tab=detail&rf=Y,경상북도 상주시 낙양동 199-1,경상북도,상주시,낙양동,,,경상북도 상주시 경상대로 2930-10,0.0,175,35,0.0,0.0
[낙양동],4363,2,낙양명지,1994.07.,468.0,26.11,86.32,23.88,78.97,36,,,,,,,,,3,1,계단식,86,6.0,6.0,https://new.land.naver.com/complexes/4363?tab=detail&rf=Y,경상북도 상주시 낙양동 199-1,경상북도,상주시,낙양동,,,경상북도 상주시 경상대로 2930-10,0.0,175,35,0.0,0.0
[낙양동],4363,3,낙양명지,1994.07.,468.0,28.03,92.69,25.64,84.79,84,,,,,,,,,3,1,계단식,92,6.0,6.0,https://new.land.naver.com/complexes/4363?tab=detail&rf=Y,경상북도 상주시 낙양동 199-1,경상북도,상주시,낙양동,,,경상북도 상주시 경상대로 2930-10,0.0,175,35,0.0,0.0
[낙양동],4363,4,낙양명지,1994.07.,468.0,37.33,123.41,34.15,112.9,6,,,,,,,,,4,2,계단식,123,6.0,6.0,https://new.land.naver.com/complexes/4363?tab=detail&rf=Y,경상북도 상주시 낙양동 199-1,경상북도,상주시,낙양동,,,경상북도 상주시 경상대로 2930-10,0.0,175,35,0.0,0.0
[낙양동],4363,5,낙양명지,1994.07.,468.0,37.71,124.67,34.46,113.93,6,,,,,,,,,4,2,계단식,124,6.0,6.0,https://new.land.naver.com/complexes/4363?tab=detail&rf=Y,경상북도 상주시 낙양동 199-1,경상북도,상주시,낙양동,,,경상북도 상주시 경상대로 2930-10,0.0,175,35,0.0,0.0
[낙양동],117416,1,해오름,2012.01.,32.0,25.32,83.71,21.58,71.35,2,,,,,,,,,3,2,계단식,83,9.0,7.0,https://new.land.naver.com/complexes/117416?tab=detail&rf=Y,경상북도 상주시 낙양동 219-1,경상북도,상주시,낙양동,,,경상북도 상주시 토성로 22,0.0,0,0,33.0,1.03
[낙양동],117416,2,해오름,2012.01.,32.0,26.67,88.18,22.73,75.15,2,,,,,,,,,3,2,계단식,88,9.0,7.0,https://new.land.naver.com/complexes/117416?tab=detail&rf=Y,경상북도 상주시 낙양동 219-1,경상북도,상주시,낙양동,,,경상북도 상주시 토성로 22,0.0,0,0,33.0,1.03
[낙양동],117416,3,해오름,2012.01.,32.0,28.99,95.85,24.62,81.42,16,,,,,,,,,3,2,계단식,95A,9.0,7.0,https://new.land.naver.com/complexes/117416?tab=detail&rf=Y,경상북도 상주시 낙양동 219-1,경상북도,상주시,낙양동,,,경상북도 상주시 토성로 22,0.0,0,0,33.0,1.03
[낙양동],117416,4,해오름,2012.01.,32.0,29.22,96.6,25.06,82.87,12,,,,,,,,,3,2,계단식,96B,9.0,7.0,https://new.land.naver.com/complexes/117416?tab=detail&rf=Y,경상북도 상주시 낙양동 219-1,경상북도,상주시,낙양동,,,경상북도 상주시 토성로 22,0.0,0,0,33.0,1.03
[낙양동],4362,1,경희삼백,1995.10.,238.0,23.58,77.97,17.96,59.4,120,,,,,,,,,3,1,계단식,77A,15.0,15.0,https://new.land.naver.com/complexes/4362?tab=detail&rf=Y,경상북도 상주시 낙양동 145-1,경상북도,상주시,낙양동,,,경상북도 상주시 낙양3길 29,0.0,268,25,172.0,0.72
[낙양동],4362,2,경희삼백,1995.10.,238.0,23.8,78.68,18.13,59.94,58,,,,,,,,,3,1,계단식,78B,15.0,15.0,https://new.land.naver.com/complexes/4362?tab=detail&rf=Y,경상북도 상주시 낙양동 145-1,경상북도,상주시,낙양동,,,경상북도 상주시 낙양3길 29,0.0,268,25,172.0,0.72
[낙양동],4362,3,경희삼백,1995.10.,238.0,33.71,111.45,25.68,84.91,60,,,,,,,,,3,2,계단식,111,15.0,15.0,https://new.land.naver.com/complexes/4362?tab=detail&rf=Y,경상북도 상주시 낙양동 145-1,경상북도,상주시,낙양동,,,경상북도 상주시 낙양3길 29,0.0,268,25,172.0,0.72
[낙양동],110282,1,낙양지엘리더스파크,2009.05.,36.0,34.26,113.26,25.59,84.62,36,,,,,,,,,3,2,계단식,113,9.0,9.0,https://new.land.naver.com/complexes/110282?tab=detail&rf=Y,경상북도 상주시 낙양동 2-6,경상북도,상주시,낙양동,,,경상북도 상주시 남원1길 58-8,0.0,158,22,38.0,1.06
[낙양동],110279,1,대림아크로빌,2000.11.,47.0,31.47,104.04,25.68,84.9,23,,,,,,,,,3,2,계단식,104,13.0,12.0,https://new.land.naver.com/complexes/110279?tab=detail&rf=Y,경상북도 상주시 낙양동 171-3,경상북도,상주시,낙양동,,,경상북도 상주시 상서문로 5,0.0,360,31,67.0,1.43
[낙양동],110279,2,대림아크로빌,2000.11.,47.0,51.34,169.72,42.02,138.94,22,,,,,,,,,4,2,계단식,169,13.0,12.0,https://new.land.naver.com/complexes/110279?tab=detail&rf=Y,경상북도 상주시 낙양동 171-3,경상북도,상주시,낙양동,,,경상북도 상주시 상서문로 5,0.0,360,31,67.0,1.43
[낙양동],110279,3,대림아크로빌,2000.11.,47.0,78.6,259.85,64.2,212.25,2,,,,,,,,,5,3,계단식,259,13.0,12.0,https://new.land.naver.com/complexes/110279?tab=detail&rf=Y,경상북도 상주시 낙양동 171-3,경상북도,상주시,낙양동,,,경상북도 상주시 상서문로 5,0.0,360,31,67.0,1.43
[낙양동],100807,1,낙양주공,1997.05.,498.0,16.49,54.53,12.09,39.99,178,,,,,,,,,2,1,복도식,54,15.0,12.0,https://new.land.naver.com/complexes/100807?tab=detail&rf=Y,경상북도 상주시 낙양동 132,경상북도,상주시,낙양동,,,경상북도 상주시 상서문1길 25,0.0,193,18,184.0,0.37
[낙양동],100807,2,낙양주공,1997.05.,498.0,20.42,67.51,15.11,49.97,320,,,,,,,,,2,1,계단식,67,15.0,12.0,https://new.land.naver.com/complexes/100807?tab=detail&rf=Y,경상북도 상주시 낙양동 132,경상북도,상주시,낙양동,,,경상북도 상주시 상서문1길 25,0.0,193,18,184.0,0.37
[남성동],110291,1,상주드림뷰,2010.01.,65.0,28.36,93.78,21.86,72.29,1,,,,,,,,,3,2,계단식,93,15.0,10.0,https://new.land.naver.com/complexes/110291?tab=detail&rf=Y,경상북도 상주시 남성동 15-5,경상북도,상주시,남성동,,,경상북도 상주시 중앙로 178-27,0.0,381,49,64.0,0.98
[남성동],110291,2,상주드림뷰,2010.01.,65.0,31.02,102.55,23.91,79.05,1,,,,,,,,,3,2,계단식,102,15.0,10.0,https://new.land.naver.com/complexes/110291?tab=detail&rf=Y,경상북도 상주시 남성동 15-5,경상북도,상주시,남성동,,,경상북도 상주시 중앙로 178-27,0.0,381,49,64.0,0.98
[남성동],110291,3,상주드림뷰,2010.01.,65.0,33.09,109.41,25.51,84.34,1,,,,,,,,,3,2,계단식,109A,15.0,10.0,https://new.land.naver.com/complexes/110291?tab=detail&rf=Y,경상북도 상주시 남성동 15-5,경상북도,상주시,남성동,,,경상북도 상주시 중앙로 178-27,0.0,381,49,64.0,0.98
[남성동],110291,4,상주드림뷰,2010.01.,65.0,33.34,110.23,25.7,84.97,13,,,,,,,,,3,2,계단식,110B,15.0,10.0,https://new.land.naver.com/complexes/110291?tab=detail&rf=Y,경상북도 상주시 남성동 15-5,경상북도,상주시,남성동,,,경상북도 상주시 중앙로 178-27,0.0,381,49,64.0,0.98
[남성동],110291,5,상주드림뷰,2010.01.,65.0,37.14,122.78,22.85,75.55,1,,,,,,,,,3,2,계단식,122,15.0,10.0,https://new.land.naver.com/complexes/110291?tab=detail&rf=Y,경상북도 상주시 남성동 15-5,경상북도,상주시,남성동,,,경상북도 상주시 중앙로 178-27,0.0,381,49,64.0,0.98
[남성동],110291,6,상주드림뷰,2010.01.,65.0,42.02,138.93,25.66,84.85,46,,,,,,,,,3,2,계단식,138,15.0,10.0,https://new.land.naver.com/complexes/110291?tab=detail&rf=Y,경상북도 상주시 남성동 15-5,경상북도,상주시,남성동,,,경상북도 상주시 중앙로 178-27,0.0,381,49,64.0,0.98
[남성동],110291,7,상주드림뷰,2010.01.,65.0,50.55,167.14,31.13,102.92,1,,,,,,,,,4,2,계단식,167,15.0,10.0,https://new.land.naver.com/complexes/110291?tab=detail&rf=Y,경상북도 상주시 남성동 15-5,경상북도,상주시,남성동,,,경상북도 상주시 중앙로 178-27,0.0,381,49,64.0,0.98
[남성동],110291,8,상주드림뷰,2010.01.,65.0,57.19,189.06,34.97,115.63,1,,,,,,,,,4,2,계단식,189,15.0,10.0,https://new.land.naver.com/complexes/110291?tab=detail&rf=Y,경상북도 상주시 남성동 15-5,경상북도,상주시,남성동,,,경상북도 상주시 중앙로 178-27,0.0,381,49,64.0,0.98
[남성동],110278,1,남성다미아,2013.05.,73.0,30.38,100.44,22.66,74.93,11,,,,,,,,,3,2,계단식,100,18.0,14.0,https://new.land.naver.com/complexes/110278?tab=detail&rf=Y,경상북도 상주시 남성동 81,경상북도,상주시,남성동,,,경상북도 상주시 상서문2길 111,0.0,196,19,80.0,1.1
[남성동],110278,2,남성다미아,2013.05.,73.0,34.39,113.69,25.68,84.92,62,,,,,,,,,3,2,계단식,113,18.0,14.0,https://new.land.naver.com/complexes/110278?tab=detail&rf=Y,경상북도 상주시 남성동 81,경상북도,상주시,남성동,,,경상북도 상주시 상서문2길 111,0.0,196,19,80.0,1.1
[남성동],4365,1,그린맨션,1990.03.,60.0,28.17,93.13,25.7,84.97,60,,,,,,,,,3,1,계단식,93,5.0,5.0,https://new.land.naver.com/complexes/4365?tab=detail&rf=Y,경상북도 상주시 남성동 13-80,경상북도,상주시,남성동,,,경상북도 상주시 중앙로 178-14,0.0,0,0,0.0,0.0
[남성동],114541,1,현대하임파크,2005.03.,56.0,33.48,110.7,25.51,84.36,56,,,,,,,,,3,2,계단식,110,15.0,15.0,https://new.land.naver.com/complexes/114541?tab=detail&rf=Y,경상북도 상주시 남성동 106-5,경상북도,상주시,남성동,,,경상북도 상주시 남성3길 35,0.0,0,0,56.0,1.0
[남성동],100810,1,이원시티빌,2005.11.,84.0,19.6,64.81,15.06,49.81,1,,,,,,,,,3,1,복도식,64,15.0,15.0,https://new.land.naver.com/complexes/100810?tab=detail&rf=Y,경상북도 상주시 남성동 165-2,경상북도,상주시,남성동,,,경상북도 상주시 왕산로 86,0.0,0,0,88.0,1.05
[남성동],100810,2,이원시티빌,2005.11.,84.0,24.64,81.48,20.07,66.38,14,,,,,,,,,2,1,계단식,81,15.0,15.0,https://new.land.naver.com/complexes/100810?tab=detail&rf=Y,경상북도 상주시 남성동 165-2,경상북도,상주시,남성동,,,경상북도 상주시 왕산로 86,0.0,0,0,88.0,1.05
[남성동],100810,3,이원시티빌,2005.11.,84.0,32.6,107.78,25.67,84.87,55,,,,,,,,,3,2,계단식,107,15.0,15.0,https://new.land.naver.com/complexes/100810?tab=detail&rf=Y,경상북도 상주시 남성동 165-2,경상북도,상주시,남성동,,,경상북도 상주시 왕산로 86,0.0,0,0,88.0,1.05
[남성동],100810,4,이원시티빌,2005.11.,84.0,43.48,143.76,35.88,118.64,14,,,,,,,,,4,2,계단식,143,15.0,15.0,https://new.land.naver.com/complexes/100810?tab=detail&rf=Y,경상북도 상주시 남성동 165-2,경상북도,상주시,남성동,,,경상북도 상주시 왕산로 86,0.0,0,0,88.0,1.05
[남성동],4366,1,황제맨션,1992.01.,50.0,29.32,96.95,23.64,78.15,3,,,,,,,,,2,1,계단식,96A,14.0,11.0,https://new.land.naver.com/complexes/4366?tab=detail&rf=Y,경상북도 상주시 남성동 156-14,경상북도,상주시,남성동,,,경상북도 상주시 왕산로 121,0.0,0,0,0.0,0.0
[남성동],4366,2,황제맨션,1992.01.,50.0,29.34,97.0,23.64,78.16,1,,,,,,,,,2,1,계단식,97B,14.0,11.0,https://new.land.naver.com/complexes/4366?tab=detail&rf=Y,경상북도 상주시 남성동 156-14,경상북도,상주시,남성동,,,경상북도 상주시 왕산로 121,0.0,0,0,0.0,0.0
[남성동],4366,3,황제맨션,1992.01.,50.0,31.61,104.51,25.69,84.95,46,,,,,,,,,3,1,계단식,104,14.0,11.0,https://new.land.naver.com/complexes/4366?tab=detail&rf=Y,경상북도 상주시 남성동 156-14,경상북도,상주시,남성동,,,경상북도 상주시 왕산로 121,0.0,0,0,0.0,0.0
[남성동],117346,1,드림힐즈,2017.05.,24.0,33.43,110.53,25.64,84.79,24,,,,,,,,,3,2,계단식,110,13.0,13.0,https://new.land.naver.com/complexes/117346?tab=detail&rf=Y,경상북도 상주시 남성동 159-3,경상북도,상주시,남성동,,,경상북도 상주시 왕산로 128,0.0,304,35,24.0,1.0
[남성동],110275,1,명가드림파크,2014.04.,34.0,32.9,108.78,25.68,84.92,34,,,,,,,,,3,2,계단식,108,10.0,9.0,https://new.land.naver.com/complexes/110275?tab=detail&rf=Y,경상북도 상주시 남성동 180-3,경상북도,상주시,남성동,,,경상북도 상주시 왕산로 51,0.0,0,0,31.0,0.91
[남성동],110274,1,프라임로즈,2010.10.,32.0,33.11,109.46,25.7,84.98,32,,,,,,,,,3,2,계단식,109,10.0,10.0,https://new.land.naver.com/complexes/110274?tab=detail&rf=Y,경상북도 상주시 남성동 160-1,경상북도,상주시,남성동,,,경상북도 상주시 남문2길 10,0.0,219,32,48.0,1.5
[냉림동],108561,1,냉림지엘리더스파크,2011.02.,95.0,29.75,98.37,23.0,76.05,95,,,,,,,,,3,2,계단식,98,13.0,9.0,https://new.land.naver.com/complexes/108561?tab=detail&rf=Y,경상북도 상주시 냉림동 43-1,경상북도,상주시,냉림동,,,경상북도 상주시 냉림2길 36,0.0,186,19,98.0,1.03
[냉림동],110297,1,계림센트로파크,2003.10.,16.0,53.11,175.6,43.1,142.51,16,,,,,,,,,4,2,계단식,175,9.0,9.0,https://new.land.naver.com/complexes/110297?tab=detail&rf=Y,경상북도 상주시 냉림동 319-1,경상북도,상주시,냉림동,,,경상북도 상주시 냉림서성길 45,0.0,175,24,23.0,1.44
[냉림동],123165,1,북천코아루하트리움,2020.11.,211.0,24.92,82.39,18.14,59.99,36,,,,,,,,,3,2,계단식,82,18.0,18.0,https://new.land.naver.com/complexes/123165?tab=detail&rf=Y,경상북도 상주시 냉림동 407,경상북도,상주시,냉림동,,,경상북도 상주시 냉림1길 88-19,0.0,246,21,258.0,1.22
[냉림동],123165,2,북천코아루하트리움,2020.11.,211.0,26.04,86.1,19.12,63.22,175,,,,,,,,,3,2,계단식,86,18.0,18.0,https://new.land.naver.com/complexes/123165?tab=detail&rf=Y,경상북도 상주시 냉림동 407,경상북도,상주시,냉림동,,,경상북도 상주시 냉림1길 88-19,0.0,246,21,258.0,1.22
[냉림동],5984,1,진주맨션2차,1994.09.,98.0,21.09,69.72,18.12,59.91,36,,,,,,,,,2,1,복도식,69B,13.0,12.0,https://new.land.naver.com/complexes/5984?tab=detail&rf=Y,경상북도 상주시 냉림동 155,경상북도,상주시,냉림동,,,경상북도 상주시 냉림안길 52,0.0,319,28,0.0,0.0
[냉림동],5984,2,진주맨션2차,1994.09.,98.0,21.03,69.54,18.07,59.76,4,,,,,,,,,2,1,계단식,69A,13.0,12.0,https://new.land.naver.com/complexes/5984?tab=detail&rf=Y,경상북도 상주시 냉림동 155,경상북도,상주시,냉림동,,,경상북도 상주시 냉림안길 52,0.0,319,28,0.0,0.0
[냉림동],5984,3,진주맨션2차,1994.09.,98.0,26.61,87.98,22.86,75.6,8,,,,,,,,,3,1,복도식,87,13.0,12.0,https://new.land.naver.com/complexes/5984?tab=detail&rf=Y,경상북도 상주시 냉림동 155,경상북도,상주시,냉림동,,,경상북도 상주시 냉림안길 52,0.0,319,28,0.0,0.0
[냉림동],5984,4,진주맨션2차,1994.09.,98.0,29.88,98.8,25.68,84.9,50,,,,,,,,,3,2,계단식,98,13.0,12.0,https://new.land.naver.com/complexes/5984?tab=detail&rf=Y,경상북도 상주시 냉림동 155,경상북도,상주시,냉림동,,,경상북도 상주시 냉림안길 52,0.0,319,28,0.0,0.0
[냉림동],5954,1,냉림주공1단지,1984.12.,247.0,14.38,47.57,12.92,42.74,6,,,,,,,,,2,1,계단식,47,5.0,3.0,https://new.land.naver.com/complexes/5954?tab=detail&rf=Y,경상북도 상주시 냉림동 172,경상북도,상주시,냉림동,,,경상북도 상주시 상산로 366,0.0,0,0,0.0,0.0
[냉림동],5954,2,냉림주공1단지,1984.12.,247.0,16.56,54.77,14.88,49.22,59,,,,,,,,,2,1,계단식,54,5.0,3.0,https://new.land.naver.com/complexes/5954?tab=detail&rf=Y,경상북도 상주시 냉림동 172,경상북도,상주시,냉림동,,,경상북도 상주시 상산로 366,0.0,0,0,0.0,0.0
[냉림동],5954,3,냉림주공1단지,1984.12.,247.0,18.08,59.8,16.74,55.35,39,,,,,,,,,2,1,계단식,59A,5.0,3.0,https://new.land.naver.com/complexes/5954?tab=detail&rf=Y,경상북도 상주시 냉림동 172,경상북도,상주시,냉림동,,,경상북도 상주시 상산로 366,0.0,0,0,0.0,0.0
[냉림동],5954,4,냉림주공1단지,1984.12.,247.0,18.79,62.14,17.39,57.51,26,,,,,,,,,2,1,계단식,62B,5.0,3.0,https://new.land.naver.com/complexes/5954?tab=detail&rf=Y,경상북도 상주시 냉림동 172,경상북도,상주시,냉림동,,,경상북도 상주시 상산로 366,0.0,0,0,0.0,0.0
[냉림동],5954,5,냉림주공1단지,1984.12.,247.0,19.96,65.99,17.93,59.3,65,,,,,,,,,2,1,계단식,65,5.0,3.0,https://new.land.naver.com/complexes/5954?tab=detail&rf=Y,경상북도 상주시 냉림동 172,경상북도,상주시,냉림동,,,경상북도 상주시 상산로 366,0.0,0,0,0.0,0.0
[냉림동],5954,6,냉림주공1단지,1984.12.,247.0,22.18,73.35,20.53,67.9,52,,,,,,,,,3,1,계단식,73,5.0,3.0,https://new.land.naver.com/complexes/5954?tab=detail&rf=Y,경상북도 상주시 냉림동 172,경상북도,상주시,냉림동,,,경상북도 상주시 상산로 366,0.0,0,0,0.0,0.0
[냉림동],5969,1,냉림주공4단지,1995.09.,300.0,15.53,51.37,11.68,38.64,120,,,,,,,,,2,1,복도식,51,15.0,15.0,https://new.land.naver.com/complexes/5969?tab=detail&rf=Y,경상북도 상주시 냉림동 78,경상북도,상주시,냉림동,,,경상북도 상주시 냉림2길 111,0.0,207,15,248.0,0.83
[냉림동],5969,2,냉림주공4단지,1995.09.,300.0,18.07,59.74,13.59,44.94,60,,,,,,,,,2,1,복도식,59A,15.0,15.0,https://new.land.naver.com/complexes/5969?tab=detail&rf=Y,경상북도 상주시 냉림동 78,경상북도,상주시,냉림동,,,경상북도 상주시 냉림2길 111,0.0,207,15,248.0,0.83
[냉림동],5969,3,냉림주공4단지,1995.09.,300.0,18.11,59.88,12.49,41.3,30,,,,,,,,,2,1,복도식,59B,15.0,15.0,https://new.land.naver.com/complexes/5969?tab=detail&rf=Y,경상북도 상주시 냉림동 78,경상북도,상주시,냉림동,,,경상북도 상주시 냉림2길 111,0.0,207,15,248.0,0.83
[냉림동],5969,4,냉림주공4단지,1995.09.,300.0,21.9,72.4,15.1,49.94,90,,,,,,,,,2,1,복도식,72,15.0,15.0,https://new.land.naver.com/complexes/5969?tab=detail&rf=Y,경상북도 상주시 냉림동 78,경상북도,상주시,냉림동,,,경상북도 상주시 냉림2길 111,0.0,207,15,248.0,0.83
[냉림동],5960,1,냉림주공2단지,1989.04.,290.0,13.77,45.54,12.0,39.69,140,,,,,,,,,2,1,계단식,45,5.0,5.0,https://new.land.naver.com/complexes/5960?tab=detail&rf=Y,경상북도 상주시 냉림동 119,경상북도,상주시,냉림동,,,경상북도 상주시 상산로 384,0.0,0,0,0.0,0.0
[냉림동],5960,2,냉림주공2단지,1989.04.,290.0,13.65,45.15,11.88,39.3,90,,,,,,,,,2,1,복도식,45,5.0,5.0,https://new.land.naver.com/complexes/5960?tab=detail&rf=Y,경상북도 상주시 냉림동 119,경상북도,상주시,냉림동,,,경상북도 상주시 상산로 384,0.0,0,0,0.0,0.0
[냉림동],5960,3,냉림주공2단지,1989.04.,290.0,15.99,52.86,14.22,47.01,30,,,,,,,,,2,1,복도식,52,5.0,5.0,https://new.land.naver.com/complexes/5960?tab=detail&rf=Y,경상북도 상주시 냉림동 119,경상북도,상주시,냉림동,,,경상북도 상주시 상산로 384,0.0,0,0,0.0,0.0
[냉림동],5960,4,냉림주공2단지,1989.04.,290.0,15.89,52.53,14.12,46.68,30,,,,,,,,,2,1,계단식,52,5.0,5.0,https://new.land.naver.com/complexes/5960?tab=detail&rf=Y,경상북도 상주시 냉림동 119,경상북도,상주시,냉림동,,,경상북도 상주시 상산로 384,0.0,0,0,0.0,0.0
[냉림동],122373,1,상주지엘리베라움더테라스,2019.11.,68.0,49.22,162.74,39.55,130.77,68,,,,,,,,,4,2,계단식,162,18.0,18.0,https://new.land.naver.com/complexes/122373?tab=detail&rf=Y,경상북도 상주시 냉림동 404,경상북도,상주시,냉림동,,,경상북도 상주시 영남제일로 1655,0.0,0,0,123.0,1.81
[냉림동],110296,1,냉림현대하임팰리스,2007.05.,42.0,34.05,112.58,25.64,84.78,28,,,,,,,,,3,2,계단식,112,15.0,15.0,https://new.land.naver.com/complexes/110296?tab=detail&rf=Y,경상북도 상주시 냉림동 377,경상북도,상주시,냉림동,,,경상북도 상주시 상산로 385,0.0,272,31,50.0,1.19
[냉림동],110296,2,냉림현대하임팰리스,2007.05.,42.0,49.22,162.74,39.89,131.89,14,,,,,,,,,4,2,계단식,162,15.0,15.0,https://new.land.naver.com/complexes/110296?tab=detail&rf=Y,경상북도 상주시 냉림동 377,경상북도,상주시,냉림동,,,경상북도 상주시 상산로 385,0.0,272,31,50.0,1.19
[냉림동],130478,1,현대유니언,2020.03.,68.0,29.1,96.21,21.9,72.42,17,,,,,,,,,3,2,계단식,96,19.0,19.0,https://new.land.naver.com/complexes/130478?tab=detail&rf=Y,경상북도 상주시 냉림동 360,경상북도,상주시,냉림동,,,경상북도 상주시 동수4길 127,0.0,367,79,91.0,1.34
[냉림동],130478,2,현대유니언,2020.03.,68.0,34.04,112.53,25.7,84.96,34,,,,,,,,,3,2,계단식,112A,19.0,19.0,https://new.land.naver.com/complexes/130478?tab=detail&rf=Y,경상북도 상주시 냉림동 360,경상북도,상주시,냉림동,,,경상북도 상주시 동수4길 127,0.0,367,79,91.0,1.34
[냉림동],130478,3,현대유니언,2020.03.,68.0,34.46,113.92,25.7,84.97,17,,,,,,,,,3,2,계단식,113B,19.0,19.0,https://new.land.naver.com/complexes/130478?tab=detail&rf=Y,경상북도 상주시 냉림동 360,경상북도,상주시,냉림동,,,경상북도 상주시 동수4길 127,0.0,367,79,91.0,1.34
[냉림동],110285,1,냉림드림뷰,2011.06.,80.0,24.41,80.72,21.55,71.26,4,,,,,,,,,3,1,복도식,80,10.0,5.0,https://new.land.naver.com/complexes/110285?tab=detail&rf=Y,경상북도 상주시 냉림동 211-8,경상북도,상주시,냉림동,,,경상북도 상주시 냉림로 36,0.0,0,0,0.0,0.0
[냉림동],110285,2,냉림드림뷰,2011.06.,80.0,25.39,83.96,22.42,74.12,4,,,,,,,,,3,1,복도식,83,10.0,5.0,https://new.land.naver.com/complexes/110285?tab=detail&rf=Y,경상북도 상주시 냉림동 211-8,경상북도,상주시,냉림동,,,경상북도 상주시 냉림로 36,0.0,0,0,0.0,0.0
[냉림동],110285,3,냉림드림뷰,2011.06.,80.0,26.11,86.33,18.97,62.72,4,,,,,,,,,3,1,계단식,86,10.0,5.0,https://new.land.naver.com/complexes/110285?tab=detail&rf=Y,경상북도 상주시 냉림동 211-8,경상북도,상주시,냉림동,,,경상북도 상주시 냉림로 36,0.0,0,0,0.0,0.0
[냉림동],110285,4,냉림드림뷰,2011.06.,80.0,31.05,102.65,22.69,75.04,4,,,,,,,,,3,2,계단식,102,10.0,5.0,https://new.land.naver.com/complexes/110285?tab=detail&rf=Y,경상북도 상주시 냉림동 211-8,경상북도,상주시,냉림동,,,경상북도 상주시 냉림로 36,0.0,0,0,0.0,0.0
[냉림동],110285,5,냉림드림뷰,2011.06.,80.0,35.0,115.73,25.63,84.73,28,,,,,,,,,3,2,계단식,115,10.0,5.0,https://new.land.naver.com/complexes/110285?tab=detail&rf=Y,경상북도 상주시 냉림동 211-8,경상북도,상주시,냉림동,,,경상북도 상주시 냉림로 36,0.0,0,0,0.0,0.0
[냉림동],110285,6,냉림드림뷰,2011.06.,80.0,35.87,118.61,25.68,84.92,36,,,,,,,,,3,2,계단식,118,10.0,5.0,https://new.land.naver.com/complexes/110285?tab=detail&rf=Y,경상북도 상주시 냉림동 211-8,경상북도,상주시,냉림동,,,경상북도 상주시 냉림로 36,0.0,0,0,0.0,0.0
[냉림동],112429,1,지엘리더스파크골드2단지,2011.12.,59.0,36.13,119.44,25.43,84.07,59,,,,,,,,,3,2,계단식,119,15.0,15.0,https://new.land.naver.com/complexes/112429?tab=detail&rf=Y,경상북도 상주시 냉림동 111-5,경상북도,상주시,냉림동,,,경상북도 상주시 영남제일로 1649,0.0,231,21,62.0,1.05
[냉림동],108613,1,지엘리더스파크골드,2011.12.,50.0,34.88,115.31,25.21,83.36,24,,,,,,,,,3,2,계단식,115,14.0,13.0,https://new.land.naver.com/complexes/108613?tab=detail&rf=Y,경상북도 상주시 냉림동 111,경상북도,상주시,냉림동,,,경상북도 상주시 영남제일로 1651,0.0,249,25,54.0,1.08
[냉림동],108613,2,지엘리더스파크골드,2011.12.,50.0,36.35,120.19,25.43,84.07,26,,,,,,,,,3,2,계단식,120,14.0,13.0,https://new.land.naver.com/complexes/108613?tab=detail&rf=Y,경상북도 상주시 냉림동 111,경상북도,상주시,냉림동,,,경상북도 상주시 영남제일로 1651,0.0,249,25,54.0,1.08
[냉림동],120046,1,북천대림다미아,2020.03.,187.0,30.25,100.02,23.59,77.99,36,,,,,,,,,3,2,계단식,100,18.0,13.0,https://new.land.naver.com/complexes/120046?tab=detail&rf=Y,경상북도 상주시 냉림동 406,경상북도,상주시,냉림동,,,경상북도 상주시 냉림4길 27-6,0.0,223,23,246.0,1.32
[냉림동],120046,2,북천대림다미아,2020.03.,187.0,33.06,109.3,25.7,84.98,151,,,,,,,,,3,2,계단식,109,18.0,13.0,https://new.land.naver.com/complexes/120046?tab=detail&rf=Y,경상북도 상주시 냉림동 406,경상북도,상주시,냉림동,,,경상북도 상주시 냉림4길 27-6,0.0,223,23,246.0,1.32
[냉림동],106489,1,부민강변타운,1999.06.,150.0,15.46,51.14,12.02,39.76,141,,,,,,,,,2,1,복도식,51,11.0,9.0,https://new.land.naver.com/complexes/106489?tab=detail&rf=Y,경상북도 상주시 냉림동 42-1,경상북도,상주시,냉림동,,,경상북도 상주시 복룡냉림길 37,9.0,180,21,107.0,0.71
[냉림동],111753,1,새빛힐즈,2015.12.,36.0,23.93,79.13,17.76,58.74,1,,,,,,,,,3,1,복도식,79,10.0,10.0,https://new.land.naver.com/complexes/111753?tab=detail&rf=Y,경상북도 상주시 냉림동 212-7,경상북도,상주시,냉림동,,,경상북도 상주시 냉림1길 63-9,0.0,0,0,0.0,0.0
[냉림동],111753,2,새빛힐즈,2015.12.,36.0,28.63,94.65,21.35,70.6,1,,,,,,,,,3,2,복도식,94A,10.0,10.0,https://new.land.naver.com/complexes/111753?tab=detail&rf=Y,경상북도 상주시 냉림동 212-7,경상북도,상주시,냉림동,,,경상북도 상주시 냉림1길 63-9,0.0,0,0,0.0,0.0
[냉림동],111753,3,새빛힐즈,2015.12.,36.0,29.49,97.49,22.68,74.98,1,,,,,,,,,3,2,복도식,97B,10.0,10.0,https://new.land.naver.com/complexes/111753?tab=detail&rf=Y,경상북도 상주시 냉림동 212-7,경상북도,상주시,냉림동,,,경상북도 상주시 냉림1길 63-9,0.0,0,0,0.0,0.0
[냉림동],111753,4,새빛힐즈,2015.12.,36.0,32.45,107.29,24.04,79.48,1,,,,,,,,,3,2,복도식,107,10.0,10.0,https://new.land.naver.com/complexes/111753?tab=detail&rf=Y,경상북도 상주시 냉림동 212-7,경상북도,상주시,냉림동,,,경상북도 상주시 냉림1길 63-9,0.0,0,0,0.0,0.0
[냉림동],111753,5,새빛힐즈,2015.12.,36.0,32.89,108.75,24.32,80.4,1,,,,,,,,,3,2,계단식,108A,10.0,10.0,https://new.land.naver.com/complexes/111753?tab=detail&rf=Y,경상북도 상주시 냉림동 212-7,경상북도,상주시,냉림동,,,경상북도 상주시 냉림1길 63-9,0.0,0,0,0.0,0.0
[냉림동],111753,6,새빛힐즈,2015.12.,36.0,33.34,110.23,25.16,83.18,16,,,,,,,,,3,2,계단식,110B,10.0,10.0,https://new.land.naver.com/complexes/111753?tab=detail&rf=Y,경상북도 상주시 냉림동 212-7,경상북도,상주시,냉림동,,,경상북도 상주시 냉림1길 63-9,0.0,0,0,0.0,0.0
[냉림동],111753,7,새빛힐즈,2015.12.,36.0,34.04,112.55,25.45,84.16,15,,,,,,,,,3,2,복도식,112,10.0,10.0,https://new.land.naver.com/complexes/111753?tab=detail&rf=Y,경상북도 상주시 냉림동 212-7,경상북도,상주시,냉림동,,,경상북도 상주시 냉림1길 63-9,0.0,0,0,0.0,0.0
[냉림동],126040,1,상주미소지움더퍼스트,2021.10.,299.0,33.12,109.51,25.7,84.98,113,,,,,,,,,3,2,계단식,109A,20.0,20.0,https://new.land.naver.com/complexes/126040?tab=detail&rf=Y,경상북도 상주시 냉림동 136-1,경상북도,상주시,냉림동,,,경상북도 상주시 냉림4길 112,0.0,0,0,458.0,1.53
[냉림동],126040,2,상주미소지움더퍼스트,2021.10.,299.0,33.0,109.12,25.7,84.97,94,,,,,,,,,3,2,계단식,109B,20.0,20.0,https://new.land.naver.com/complexes/126040?tab=detail&rf=Y,경상북도 상주시 냉림동 136-1,경상북도,상주시,냉림동,,,경상북도 상주시 냉림4길 112,0.0,0,0,458.0,1.53
[냉림동],126040,3,상주미소지움더퍼스트,2021.10.,299.0,33.01,109.14,25.7,84.98,74,,,,,,,,,3,2,계단식,109C,20.0,20.0,https://new.land.naver.com/complexes/126040?tab=detail&rf=Y,경상북도 상주시 냉림동 136-1,경상북도,상주시,냉림동,,,경상북도 상주시 냉림4길 112,0.0,0,0,458.0,1.53
[냉림동],126040,4,상주미소지움더퍼스트,2021.10.,299.0,33.14,109.56,25.7,84.96,18,,,,,,,,,3,2,계단식,109D,20.0,20.0,https://new.land.naver.com/complexes/126040?tab=detail&rf=Y,경상북도 상주시 냉림동 136-1,경상북도,상주시,냉림동,,,경상북도 상주시 냉림4길 112,0.0,0,0,458.0,1.53
[무양동],127423,1,상주무양태왕아너스,2021.11.,271.0,23.81,78.74,18.12,59.92,33,,,,,,,,,3,2,계단식,78,20.0,11.0,https://new.land.naver.com/complexes/127423?tab=detail&rf=Y,경상북도 상주시 무양동 318,경상북도,상주시,무양동,,,경상북도 상주시 동수4길 42-7,0.0,245,52,331.0,1.22
[무양동],127423,2,상주무양태왕아너스,2021.11.,271.0,33.11,109.48,25.7,84.98,133,,,,,,,,,3,2,계단식,109A,20.0,11.0,https://new.land.naver.com/complexes/127423?tab=detail&rf=Y,경상북도 상주시 무양동 318,경상북도,상주시,무양동,,,경상북도 상주시 동수4길 42-7,0.0,245,52,331.0,1.22
[무양동],127423,3,상주무양태왕아너스,2021.11.,271.0,33.35,110.25,25.69,84.95,102,,,,,,,,,3,2,계단식,110B,20.0,11.0,https://new.land.naver.com/complexes/127423?tab=detail&rf=Y,경상북도 상주시 무양동 318,경상북도,상주시,무양동,,,경상북도 상주시 동수4길 42-7,0.0,245,52,331.0,1.22
[무양동],127423,4,상주무양태왕아너스,2021.11.,271.0,49.38,163.25,37.32,123.38,3,,,,,,,,,4,3,계단식,163,20.0,11.0,https://new.land.naver.com/complexes/127423?tab=detail&rf=Y,경상북도 상주시 무양동 318,경상북도,상주시,무양동,,,경상북도 상주시 동수4길 42-7,0.0,245,52,331.0,1.22
[무양동],105158,1,상주무양LH천년나무,2013.12.,451.0,30.21,99.88,22.59,74.7,180,,,,,,,,,3,2,계단식,99A,15.0,13.0,https://new.land.naver.com/complexes/105158?tab=detail&rf=Y,경상북도 상주시 무양동 299,경상북도,상주시,무양동,,,경상북도 상주시 동수4길 33,0.0,174,19,599.0,1.33
[무양동],105158,2,상주무양LH천년나무,2013.12.,451.0,30.21,99.88,22.59,74.7,24,,,,,,,,,3,2,계단식,99A-1,15.0,13.0,https://new.land.naver.com/complexes/105158?tab=detail&rf=Y,경상북도 상주시 무양동 299,경상북도,상주시,무양동,,,경상북도 상주시 동수4길 33,0.0,174,19,599.0,1.33
[무양동],105158,3,상주무양LH천년나무,2013.12.,451.0,30.32,100.24,22.67,74.97,15,,,,,,,,,3,2,계단식,100B,15.0,13.0,https://new.land.naver.com/complexes/105158?tab=detail&rf=Y,경상북도 상주시 무양동 299,경상북도,상주시,무양동,,,경상북도 상주시 동수4길 33,0.0,174,19,599.0,1.33
[무양동],105158,4,상주무양LH천년나무,2013.12.,451.0,34.35,113.58,25.69,84.95,71,,,,,,,,,3,2,계단식,113B,15.0,13.0,https://new.land.naver.com/complexes/105158?tab=detail&rf=Y,경상북도 상주시 무양동 299,경상북도,상주시,무양동,,,경상북도 상주시 동수4길 33,0.0,174,19,599.0,1.33
[무양동],105158,5,상주무양LH천년나무,2013.12.,451.0,34.3,113.42,25.66,84.83,60,,,,,,,,,3,2,계단식,113A,15.0,13.0,https://new.land.naver.com/complexes/105158?tab=detail&rf=Y,경상북도 상주시 무양동 299,경상북도,상주시,무양동,,,경상북도 상주시 동수4길 33,0.0,174,19,599.0,1.33
[무양동],105158,6,상주무양LH천년나무,2013.12.,451.0,34.37,113.62,25.7,84.98,43,,,,,,,,,3,2,계단식,113D,15.0,13.0,https://new.land.naver.com/complexes/105158?tab=detail&rf=Y,경상북도 상주시 무양동 299,경상북도,상주시,무양동,,,경상북도 상주시 동수4길 33,0.0,174,19,599.0,1.33
[무양동],105158,7,상주무양LH천년나무,2013.12.,451.0,34.36,113.61,25.7,84.97,30,,,,,,,,,3,2,계단식,113C,15.0,13.0,https://new.land.naver.com/complexes/105158?tab=detail&rf=Y,경상북도 상주시 무양동 299,경상북도,상주시,무양동,,,경상북도 상주시 동수4길 33,0.0,174,19,599.0,1.33
[무양동],105158,8,상주무양LH천년나무,2013.12.,451.0,34.3,113.42,25.66,84.83,15,,,,,,,,,3,2,계단식,113A-1,15.0,13.0,https://new.land.naver.com/complexes/105158?tab=detail&rf=Y,경상북도 상주시 무양동 299,경상북도,상주시,무양동,,,경상북도 상주시 동수4길 33,0.0,174,19,599.0,1.33
[무양동],105158,9,상주무양LH천년나무,2013.12.,451.0,34.35,113.58,25.69,84.95,13,,,,,,,,,3,2,계단식,113B-1,15.0,13.0,https://new.land.naver.com/complexes/105158?tab=detail&rf=Y,경상북도 상주시 무양동 299,경상북도,상주시,무양동,,,경상북도 상주시 동수4길 33,0.0,174,19,599.0,1.33
[무양동],109783,1,다미아S(도시형),2014.12.,90.0,12.31,40.7,6.77,22.39,20,,,,,,,,,1,1,복도식,40,15.0,15.0,https://new.land.naver.com/complexes/109783?tab=detail&rf=Y,경상북도 상주시 무양동 281-4,경상북도,상주시,무양동,,,경상북도 상주시 삼백로 88,0.0,41,54,112.0,1.24
[무양동],109783,2,다미아S(도시형),2014.12.,90.0,13.46,44.51,7.42,24.56,70,,,,,,,,,1,1,복도식,44,15.0,15.0,https://new.land.naver.com/complexes/109783?tab=detail&rf=Y,경상북도 상주시 무양동 281-4,경상북도,상주시,무양동,,,경상북도 상주시 삼백로 88,0.0,41,54,112.0,1.24
[무양동],5994,1,동보(173-3),1990.03.,56.0,27.66,91.45,25.34,83.8,16,,,,,,,,,3,2,계단식,91A,4.0,4.0,https://new.land.naver.com/complexes/5994?tab=detail&rf=Y,경상북도 상주시 무양동 173-3,경상북도,상주시,무양동,,,경상북도 상주시 봉양1길 50,0.0,0,0,56.0,1.0
[무양동],5994,2,동보(173-3),1990.03.,56.0,27.88,92.17,25.56,84.52,40,,,,,,,,,3,2,계단식,92B,4.0,4.0,https://new.land.naver.com/complexes/5994?tab=detail&rf=Y,경상북도 상주시 무양동 173-3,경상북도,상주시,무양동,,,경상북도 상주시 봉양1길 50,0.0,0,0,56.0,1.0
[무양동],108841,1,상주지엘리더스파크,2008.09.,69.0,24.2,80.03,18.14,59.97,10,,,,,,,,,3,2,복도식,80,11.0,10.0,https://new.land.naver.com/complexes/108841?tab=detail&rf=Y,경상북도 상주시 무양동 182,경상북도,상주시,무양동,,,경상북도 상주시 동수로 168,0.0,206,26,72.0,1.04
[무양동],108841,2,상주지엘리더스파크,2008.09.,69.0,30.55,101.02,23.39,77.34,1,,,,,,,,,3,2,복도식,101,11.0,10.0,https://new.land.naver.com/complexes/108841?tab=detail&rf=Y,경상북도 상주시 무양동 182,경상북도,상주시,무양동,,,경상북도 상주시 동수로 168,0.0,206,26,72.0,1.04
[무양동],108841,3,상주지엘리더스파크,2008.09.,69.0,33.45,110.59,25.67,84.88,48,,,,,,,,,3,2,복도식,110B,11.0,10.0,https://new.land.naver.com/complexes/108841?tab=detail&rf=Y,경상북도 상주시 무양동 182,경상북도,상주시,무양동,,,경상북도 상주시 동수로 168,0.0,206,26,72.0,1.04
[무양동],108841,4,상주지엘리더스파크,2008.09.,69.0,33.37,110.34,25.59,84.6,10,,,,,,,,,3,2,계단식,110A,11.0,10.0,https://new.land.naver.com/complexes/108841?tab=detail&rf=Y,경상북도 상주시 무양동 182,경상북도,상주시,무양동,,,경상북도 상주시 동수로 168,0.0,206,26,72.0,1.04
[무양동],6000,1,진주맨션1차,1991.08.,55.0,29.04,96.03,20.11,66.51,25,,,,,,,,,3,1,계단식,96,6.0,6.0,https://new.land.naver.com/complexes/6000?tab=detail&rf=Y,경상북도 상주시 무양동 185,경상북도,상주시,무양동,,,경상북도 상주시 봉양1길 101,0.0,0,0,0.0,0.0
[무양동],6000,2,진주맨션1차,1991.08.,55.0,31.92,105.55,24.58,81.27,10,,,,,,,,,3,2,계단식,105,6.0,6.0,https://new.land.naver.com/complexes/6000?tab=detail&rf=Y,경상북도 상주시 무양동 185,경상북도,상주시,무양동,,,경상북도 상주시 봉양1길 101,0.0,0,0,0.0,0.0
[무양동],6000,3,진주맨션1차,1991.08.,55.0,33.53,110.86,25.67,84.89,20,,,,,,,,,3,1,계단식,110,6.0,6.0,https://new.land.naver.com/complexes/6000?tab=detail&rf=Y,경상북도 상주시 무양동 185,경상북도,상주시,무양동,,,경상북도 상주시 봉양1길 101,0.0,0,0,0.0,0.0
[무양동],5989,1,동보(201-11),1988.12.,32.0,20.19,66.75,18.15,60.03,1,,,,,,,,,3,1,계단식,66,5.0,3.0,https://new.land.naver.com/complexes/5989?tab=detail&rf=Y,경상북도 상주시 무양동 201-11,경상북도,상주시,무양동,,,경상북도 상주시 동수3길 118,0.0,0,0,0.0,0.0
[무양동],5989,2,동보(201-11),1988.12.,32.0,23.13,76.47,21.09,69.75,9,,,,,,,,,3,1,계단식,76,5.0,3.0,https://new.land.naver.com/complexes/5989?tab=detail&rf=Y,경상북도 상주시 무양동 201-11,경상북도,상주시,무양동,,,경상북도 상주시 동수3길 118,0.0,0,0,0.0,0.0
[무양동],5989,3,동보(201-11),1988.12.,32.0,23.94,79.17,21.91,72.45,10,,,,,,,,,3,1,계단식,79A,5.0,3.0,https://new.land.naver.com/complexes/5989?tab=detail&rf=Y,경상북도 상주시 무양동 201-11,경상북도,상주시,무양동,,,경상북도 상주시 동수3길 118,0.0,0,0,0.0,0.0
[무양동],5989,4,동보(201-11),1988.12.,32.0,24.32,80.4,22.28,73.68,3,,,,,,,,,3,1,계단식,80B,5.0,3.0,https://new.land.naver.com/complexes/5989?tab=detail&rf=Y,경상북도 상주시 무양동 201-11,경상북도,상주시,무양동,,,경상북도 상주시 동수3길 118,0.0,0,0,0.0,0.0
[무양동],5989,5,동보(201-11),1988.12.,32.0,25.0,82.65,22.96,75.93,3,,,,,,,,,3,1,계단식,82A,5.0,3.0,https://new.land.naver.com/complexes/5989?tab=detail&rf=Y,경상북도 상주시 무양동 201-11,경상북도,상주시,무양동,,,경상북도 상주시 동수3길 118,0.0,0,0,0.0,0.0
[무양동],5989,6,동보(201-11),1988.12.,32.0,25.41,84.0,23.37,77.28,6,,,,,,,,,3,1,계단식,84B,5.0,3.0,https://new.land.naver.com/complexes/5989?tab=detail&rf=Y,경상북도 상주시 무양동 201-11,경상북도,상주시,무양동,,,경상북도 상주시 동수3길 118,0.0,0,0,0.0,0.0
[무양동],117337,1,SG팰리체,2011.11.,18.0,33.11,109.48,25.42,84.05,9,,,,,,,,,3,2,계단식,109A,12.0,12.0,https://new.land.naver.com/complexes/117337?tab=detail&rf=Y,경상북도 상주시 무양동 84-28,경상북도,상주시,무양동,,,경상북도 상주시 무양1길 19,0.0,366,43,18.0,1.0
[무양동],117337,2,SG팰리체,2011.11.,18.0,33.12,109.5,25.54,84.46,9,,,,,,,,,3,2,계단식,109B,12.0,12.0,https://new.land.naver.com/complexes/117337?tab=detail&rf=Y,경상북도 상주시 무양동 84-28,경상북도,상주시,무양동,,,경상북도 상주시 무양1길 19,0.0,366,43,18.0,1.0
[무양동],5996,1,동보(175),1991.07.,168.0,23.17,76.61,18.34,60.64,63,,,,,,,,,2,1,복도식,76,9.0,7.0,https://new.land.naver.com/complexes/5996?tab=detail&rf=Y,경상북도 상주시 무양동 175,경상북도,상주시,무양동,,,경상북도 상주시 동수3길 90,0.0,0,0,0.0,0.0
[무양동],5996,2,동보(175),1991.07.,168.0,24.44,80.81,19.34,63.96,72,,,,,,,,,3,1,복도식,80,9.0,7.0,https://new.land.naver.com/complexes/5996?tab=detail&rf=Y,경상북도 상주시 무양동 175,경상북도,상주시,무양동,,,경상북도 상주시 동수3길 90,0.0,0,0,0.0,0.0
[무양동],5996,3,동보(175),1991.07.,168.0,25.87,85.53,20.47,67.7,33,,,,,,,,,3,1,복도식,85,9.0,7.0,https://new.land.naver.com/complexes/5996?tab=detail&rf=Y,경상북도 상주시 무양동 175,경상북도,상주시,무양동,,,경상북도 상주시 동수3길 90,0.0,0,0,0.0,0.0
[무양동],107848,1,지엘리베라움,2015.10.,343.0,28.51,94.28,21.06,69.62,106,,,,,,,,,3,2,계단식,94A,18.0,18.0,https://new.land.naver.com/complexes/107848?tab=detail&rf=Y,경상북도 상주시 무양동 315,경상북도,상주시,무양동,,,경상북도 상주시 봉양1길 126,0.0,235,23,435.0,1.27
[무양동],107848,2,지엘리베라움,2015.10.,343.0,28.5,94.24,21.25,70.25,66,,,,,,,,,3,2,계단식,94A-1,18.0,18.0,https://new.land.naver.com/complexes/107848?tab=detail&rf=Y,경상북도 상주시 무양동 315,경상북도,상주시,무양동,,,경상북도 상주시 봉양1길 126,0.0,235,23,435.0,1.27
[무양동],107848,3,지엘리베라움,2015.10.,343.0,28.51,94.28,21.06,69.62,7,,,,,,,,,3,2,계단식,94B,18.0,18.0,https://new.land.naver.com/complexes/107848?tab=detail&rf=Y,경상북도 상주시 무양동 315,경상북도,상주시,무양동,,,경상북도 상주시 봉양1길 126,0.0,235,23,435.0,1.27
[무양동],107848,4,지엘리베라움,2015.10.,343.0,28.5,94.24,21.25,70.25,4,,,,,,,,,3,2,계단식,94B-1,18.0,18.0,https://new.land.naver.com/complexes/107848?tab=detail&rf=Y,경상북도 상주시 무양동 315,경상북도,상주시,무양동,,,경상북도 상주시 봉양1길 126,0.0,235,23,435.0,1.27
[무양동],107848,5,지엘리베라움,2015.10.,343.0,35.01,115.75,25.7,84.98,151,,,,,,,,,4,2,계단식,115A,18.0,18.0,https://new.land.naver.com/complexes/107848?tab=detail&rf=Y,경상북도 상주시 무양동 315,경상북도,상주시,무양동,,,경상북도 상주시 봉양1길 126,0.0,235,23,435.0,1.27
[무양동],107848,6,지엘리베라움,2015.10.,343.0,35.01,115.75,25.7,84.98,9,,,,,,,,,4,2,계단식,115B,18.0,18.0,https://new.land.naver.com/complexes/107848?tab=detail&rf=Y,경상북도 상주시 무양동 315,경상북도,상주시,무양동,,,경상북도 상주시 봉양1길 126,0.0,235,23,435.0,1.27
[복룡동],120906,1,상주한라하우젠트,2020.06.,153.0,23.28,76.97,18.13,59.95,34,,,,,,,,,3,2,계단식,76,18.0,18.0,https://new.land.naver.com/complexes/120906?tab=detail&rf=Y,경상북도 상주시 복룡동 469번지 외 일원,경상북도,상주시,복룡동,,,경상북도 상주시,0.0,0,0,167.0,1.09
[복룡동],120906,2,상주한라하우젠트,2020.06.,153.0,32.43,107.22,25.7,84.98,51,,,,,,,,,3,2,계단식,107A,18.0,18.0,https://new.land.naver.com/complexes/120906?tab=detail&rf=Y,경상북도 상주시 복룡동 469번지 외 일원,경상북도,상주시,복룡동,,,경상북도 상주시,0.0,0,0,167.0,1.09
[복룡동],120906,3,상주한라하우젠트,2020.06.,153.0,32.61,107.83,25.63,84.74,17,,,,,,,,,3,2,계단식,107C,18.0,18.0,https://new.land.naver.com/complexes/120906?tab=detail&rf=Y,경상북도 상주시 복룡동 469번지 외 일원,경상북도,상주시,복룡동,,,경상북도 상주시,0.0,0,0,167.0,1.09
[복룡동],120906,4,상주한라하우젠트,2020.06.,153.0,32.7,108.11,25.7,84.98,51,,,,,,,,,3,2,계단식,108B,18.0,18.0,https://new.land.naver.com/complexes/120906?tab=detail&rf=Y,경상북도 상주시 복룡동 469번지 외 일원,경상북도,상주시,복룡동,,,경상북도 상주시,0.0,0,0,167.0,1.09
[복룡동],110286,1,대신,2001.07.,39.0,25.11,83.03,19.99,66.11,6,,,,,,,,,3,1,계단식,83,11.0,7.0,https://new.land.naver.com/complexes/110286?tab=detail&rf=Y,경상북도 상주시 복룡동 288-7,경상북도,상주시,복룡동,,,경상북도 상주시 복룡2길 15,0.0,203,27,40.0,1.03
[복룡동],110286,2,대신,2001.07.,39.0,32.05,105.98,25.63,84.73,33,,,,,,,,,3,2,계단식,105,11.0,7.0,https://new.land.naver.com/complexes/110286?tab=detail&rf=Y,경상북도 상주시 복룡동 288-7,경상북도,상주시,복룡동,,,경상북도 상주시 복룡2길 15,0.0,203,27,40.0,1.03
[복룡동],15929,1,상주복룡주공6단지,2001.11.,387.0,17.1,56.53,12.08,39.94,59,,,,,,,,,2,1,계단식,56B,15.0,15.0,https://new.land.naver.com/complexes/15929?tab=detail&rf=Y,경상북도 상주시 복룡동 245,경상북도,상주시,복룡동,,,경상북도 상주시 삼백로 257,0.0,161,16,354.0,0.91
[복룡동],15929,2,상주복룡주공6단지,2001.11.,387.0,16.97,56.11,11.99,39.64,30,,,,,,,,,2,1,계단식,56A,15.0,15.0,https://new.land.naver.com/complexes/15929?tab=detail&rf=Y,경상북도 상주시 복룡동 245,경상북도,상주시,복룡동,,,경상북도 상주시 삼백로 257,0.0,161,16,354.0,0.91
[복룡동],15929,3,상주복룡주공6단지,2001.11.,387.0,20.68,68.39,15.86,52.45,8,,,,,,,,,3,1,계단식,68,15.0,15.0,https://new.land.naver.com/complexes/15929?tab=detail&rf=Y,경상북도 상주시 복룡동 245,경상북도,상주시,복룡동,,,경상북도 상주시 삼백로 257,0.0,161,16,354.0,0.91
[복룡동],15929,4,상주복룡주공6단지,2001.11.,387.0,21.16,69.97,15.06,49.81,178,,,,,,,,,3,1,계단식,69,15.0,15.0,https://new.land.naver.com/complexes/15929?tab=detail&rf=Y,경상북도 상주시 복룡동 245,경상북도,상주시,복룡동,,,경상북도 상주시 삼백로 257,0.0,161,16,354.0,0.91
[복룡동],15929,5,상주복룡주공6단지,2001.11.,387.0,23.62,78.09,18.11,59.89,112,,,,,,,,,3,1,계단식,78,15.0,15.0,https://new.land.naver.com/complexes/15929?tab=detail&rf=Y,경상북도 상주시 복룡동 245,경상북도,상주시,복룡동,,,경상북도 상주시 삼백로 257,0.0,161,16,354.0,0.91
[복룡동],120532,1,새빛힐즈2차,2018.02.,52.0,31.57,104.38,23.84,78.81,13,,,,,,,,,3,2,계단식,104,14.0,14.0,https://new.land.naver.com/complexes/120532?tab=detail&rf=Y,경상북도 상주시 복룡동 486,경상북도,상주시,복룡동,,,경상북도 상주시 냉림로 4,0.0,246,25,67.0,1.29
[복룡동],120532,2,새빛힐즈2차,2018.02.,52.0,34.07,112.64,25.66,84.84,26,,,,,,,,,3,2,계단식,112B,14.0,14.0,https://new.land.naver.com/complexes/120532?tab=detail&rf=Y,경상북도 상주시 복룡동 486,경상북도,상주시,복룡동,,,경상북도 상주시 냉림로 4,0.0,246,25,67.0,1.29
[복룡동],120532,3,새빛힐즈2차,2018.02.,52.0,34.5,114.08,25.66,84.84,13,,,,,,,,,3,2,계단식,114A,14.0,14.0,https://new.land.naver.com/complexes/120532?tab=detail&rf=Y,경상북도 상주시 복룡동 486,경상북도,상주시,복룡동,,,경상북도 상주시 냉림로 4,0.0,246,25,67.0,1.29
[복룡동],6010,1,상주우방타운2차,1995.10.,375.0,21.59,71.4,18.06,59.73,150,,,,,,,,,2,1,계단식,71,15.0,10.0,https://new.land.naver.com/complexes/6010?tab=detail&rf=Y,경상북도 상주시 복룡동 206-6,경상북도,상주시,복룡동,,,경상북도 상주시 복룡3길 25,0.0,228,26,360.0,0.96
[복룡동],6010,2,상주우방타운2차,1995.10.,375.0,30.27,100.09,25.7,84.96,210,,,,,,,,,3,2,계단식,100B,15.0,10.0,https://new.land.naver.com/complexes/6010?tab=detail&rf=Y,경상북도 상주시 복룡동 206-6,경상북도,상주시,복룡동,,,경상북도 상주시 복룡3길 25,0.0,228,26,360.0,0.96
[복룡동],6010,3,상주우방타운2차,1995.10.,375.0,34.77,114.96,25.7,84.96,15,,,,,,,,,3,2,계단식,114A,15.0,10.0,https://new.land.naver.com/complexes/6010?tab=detail&rf=Y,경상북도 상주시 복룡동 206-6,경상북도,상주시,복룡동,,,경상북도 상주시 복룡3길 25,0.0,228,26,360.0,0.96
[복룡동],6005,1,상주우방타운1차,1995.07.,375.0,21.6,71.41,18.06,59.73,233,,,,,,,,,2,1,계단식,71,15.0,10.0,https://new.land.naver.com/complexes/6005?tab=detail&rf=Y,경상북도 상주시 복룡동 230-11,경상북도,상주시,복룡동,,,경상북도 상주시 복룡3길 7,0.0,217,24,0.0,0.0
[복룡동],6005,2,상주우방타운1차,1995.07.,375.0,30.27,100.09,25.7,84.96,85,,,,,,,,,3,2,계단식,100,15.0,10.0,https://new.land.naver.com/complexes/6005?tab=detail&rf=Y,경상북도 상주시 복룡동 230-11,경상북도,상주시,복룡동,,,경상북도 상주시 복룡3길 7,0.0,217,24,0.0,0.0
[복룡동],6005,3,상주우방타운1차,1995.07.,375.0,44.57,147.36,40.77,134.8,57,,,,,,,,,4,2,계단식,147,15.0,10.0,https://new.land.naver.com/complexes/6005?tab=detail&rf=Y,경상북도 상주시 복룡동 230-11,경상북도,상주시,복룡동,,,경상북도 상주시 복룡3길 7,0.0,217,24,0.0,0.0
[서문동],117187,1,미래힐타운,2012.07.,18.0,13.8,45.64,10.85,35.88,1,,,,,,,,,2,1,계단식,45,12.0,12.0,https://new.land.naver.com/complexes/117187?tab=detail&rf=Y,경상북도 상주시 서문동 165-1,경상북도,상주시,서문동,,,경상북도 상주시 문무3길 49,0.0,358,52,18.0,1.0
[서문동],117187,2,미래힐타운,2012.07.,18.0,31.51,104.19,25.62,84.7,17,,,,,,,,,2,1,계단식,104,12.0,12.0,https://new.land.naver.com/complexes/117187?tab=detail&rf=Y,경상북도 상주시 서문동 165-1,경상북도,상주시,서문동,,,경상북도 상주시 문무3길 49,0.0,358,52,18.0,1.0
[서문동],138271,1,발트하임,2012.04.,18.0,51.28,169.54,25.64,84.77,18,,,,,,,,,5,3,계단식,169,10.0,10.0,https://new.land.naver.com/complexes/138271?tab=detail&rf=Y,경상북도 상주시 서문동 127-1,경상북도,상주시,서문동,,,경상북도 상주시 중앙로 177-20,0.0,289,51,18.0,1.0
[서성동],117323,1,SG팰리체,2012.05.,15.0,31.76,105.02,25.64,84.78,15,,,,,,,,,3,2,계단식,105,10.0,10.0,https://new.land.naver.com/complexes/117323?tab=detail&rf=Y,경상북도 상주시 서성동 35-1,경상북도,상주시,서성동,,,경상북도 상주시 냉림서성길 42,0.0,335,49,15.0,1.0
[성동동],15666,1,백합맨션,1990.09.,132.0,22.35,73.91,17.98,59.45,48,,,,,,,,,2,1,계단식,73,6.0,6.0,https://new.land.naver.com/complexes/15666?tab=detail&rf=Y,경상북도 상주시 성동동 626-1,경상북도,상주시,성동동,,,경상북도 상주시 성동로 24-8,0.0,0,0,0.0,0.0
[성동동],15666,2,백합맨션,1990.09.,132.0,24.72,81.75,20.55,67.95,48,,,,,,,,,2,1,계단식,81,6.0,6.0,https://new.land.naver.com/complexes/15666?tab=detail&rf=Y,경상북도 상주시 성동동 626-1,경상북도,상주시,성동동,,,경상북도 상주시 성동로 24-8,0.0,0,0,0.0,0.0
[성동동],15666,3,백합맨션,1990.09.,132.0,30.34,100.31,25.67,84.87,36,,,,,,,,,3,2,계단식,100,6.0,6.0,https://new.land.naver.com/complexes/15666?tab=detail&rf=Y,경상북도 상주시 성동동 626-1,경상북도,상주시,성동동,,,경상북도 상주시 성동로 24-8,0.0,0,0,0.0,0.0
[성동동],15664,1,경희삼백,1995.02.,202.0,17.9,59.2,12.07,39.92,150,,,,,,,,,2,1,계단식,59,15.0,12.0,https://new.land.naver.com/complexes/15664?tab=detail&rf=Y,경상북도 상주시 성동동 63,경상북도,상주시,성동동,,,경상북도 상주시 성동1길 74,0.0,273,27,141.0,0.7
[성동동],15664,2,경희삼백,1995.02.,202.0,22.69,75.02,17.96,59.4,52,,,,,,,,,3,1,계단식,75,15.0,12.0,https://new.land.naver.com/complexes/15664?tab=detail&rf=Y,경상북도 상주시 성동동 63,경상북도,상주시,성동동,,,경상북도 상주시 성동1길 74,0.0,273,27,141.0,0.7
[성동동],115866,1,성동드림뷰,2011.11.,101.0,21.79,72.06,20.0,66.12,2,,,,,,,,,3,1,계단식,72,10.0,3.0,https://new.land.naver.com/complexes/115866?tab=detail&rf=Y,경상북도 상주시 성동동 61-5,경상북도,상주시,성동동,,,경상북도 상주시 중앙로 268-1,0.0,0,0,0.0,0.0
[성동동],115866,2,성동드림뷰,2011.11.,101.0,24.15,79.85,22.16,73.27,2,,,,,,,,,3,1,계단식,79,10.0,3.0,https://new.land.naver.com/complexes/115866?tab=detail&rf=Y,경상북도 상주시 성동동 61-5,경상북도,상주시,성동동,,,경상북도 상주시 중앙로 268-1,0.0,0,0,0.0,0.0
[성동동],115866,3,성동드림뷰,2011.11.,101.0,24.56,81.2,22.53,74.51,2,,,,,,,,,3,2,계단식,81B,10.0,3.0,https://new.land.naver.com/complexes/115866?tab=detail&rf=Y,경상북도 상주시 성동동 61-5,경상북도,상주시,성동동,,,경상북도 상주시 중앙로 268-1,0.0,0,0,0.0,0.0
[성동동],115866,4,성동드림뷰,2011.11.,101.0,24.91,82.37,21.88,72.36,8,,,,,,,,,3,2,계단식,82A,10.0,3.0,https://new.land.naver.com/complexes/115866?tab=detail&rf=Y,경상북도 상주시 성동동 61-5,경상북도,상주시,성동동,,,경상북도 상주시 중앙로 268-1,0.0,0,0,0.0,0.0
[성동동],115866,5,성동드림뷰,2011.11.,101.0,24.88,82.27,21.81,72.1,8,,,,,,,,,3,2,계단식,82C,10.0,3.0,https://new.land.naver.com/complexes/115866?tab=detail&rf=Y,경상북도 상주시 성동동 61-5,경상북도,상주시,성동동,,,경상북도 상주시 중앙로 268-1,0.0,0,0,0.0,0.0
[성동동],115866,6,성동드림뷰,2011.11.,101.0,27.96,92.46,25.66,84.84,1,,,,,,,,,3,2,계단식,92A,10.0,3.0,https://new.land.naver.com/complexes/115866?tab=detail&rf=Y,경상북도 상주시 성동동 61-5,경상북도,상주시,성동동,,,경상북도 상주시 중앙로 268-1,0.0,0,0,0.0,0.0
[성동동],115866,7,성동드림뷰,2011.11.,101.0,28.46,94.1,24.95,82.48,21,,,,,,,,,3,2,계단식,94B,10.0,3.0,https://new.land.naver.com/complexes/115866?tab=detail&rf=Y,경상북도 상주시 성동동 61-5,경상북도,상주시,성동동,,,경상북도 상주시 중앙로 268-1,0.0,0,0,0.0,0.0
[성동동],115866,8,성동드림뷰,2011.11.,101.0,36.35,120.18,25.67,84.86,57,,,,,,,,,3,2,계단식,120,10.0,3.0,https://new.land.naver.com/complexes/115866?tab=detail&rf=Y,경상북도 상주시 성동동 61-5,경상북도,상주시,성동동,,,경상북도 상주시 중앙로 268-1,0.0,0,0,0.0,0.0
[신봉동],6048,1,현대,1993.05.,240.0,24.15,79.85,19.81,65.52,30,,,,,,,,,3,1,계단식,79,15.0,15.0,https://new.land.naver.com/complexes/6048?tab=detail&rf=Y,경상북도 상주시 신봉동 165-2,경상북도,상주시,신봉동,,,경상북도 상주시 상산로 174,0.0,322,31,256.0,1.07
[신봉동],6048,2,현대,1993.05.,240.0,25.65,84.82,21.05,69.6,30,,,,,,,,,3,1,계단식,84,15.0,15.0,https://new.land.naver.com/complexes/6048?tab=detail&rf=Y,경상북도 상주시 신봉동 165-2,경상북도,상주시,신봉동,,,경상북도 상주시 상산로 174,0.0,322,31,256.0,1.07
[신봉동],6048,3,현대,1993.05.,240.0,27.76,91.77,22.77,75.3,120,,,,,,,,,3,1,계단식,91,15.0,15.0,https://new.land.naver.com/complexes/6048?tab=detail&rf=Y,경상북도 상주시 신봉동 165-2,경상북도,상주시,신봉동,,,경상북도 상주시 상산로 174,0.0,322,31,256.0,1.07
[신봉동],6048,4,현대,1993.05.,240.0,31.33,103.58,25.7,84.99,60,,,,,,,,,3,2,계단식,103,15.0,15.0,https://new.land.naver.com/complexes/6048?tab=detail&rf=Y,경상북도 상주시 신봉동 165-2,경상북도,상주시,신봉동,,,경상북도 상주시 상산로 174,0.0,322,31,256.0,1.07
[신봉동],6042,1,상주청구타운,1997.04.,496.0,21.92,72.49,18.14,59.99,226,,,,,,,,,3,1,계단식,72,15.0,12.0,https://new.land.naver.com/complexes/6042?tab=detail&rf=Y,경상북도 상주시 신봉동 537-1,경상북도,상주시,신봉동,,,경상북도 상주시 경상대로 2811,0.0,196,22,0.0,0.0
[신봉동],6042,2,상주청구타운,1997.04.,496.0,25.54,84.44,22.18,73.34,82,,,,,,,,,3,1,계단식,84,15.0,12.0,https://new.land.naver.com/complexes/6042?tab=detail&rf=Y,경상북도 상주시 신봉동 537-1,경상북도,상주시,신봉동,,,경상북도 상주시 경상대로 2811,0.0,196,22,0.0,0.0
[신봉동],6042,3,상주청구타운,1997.04.,496.0,30.02,99.24,25.7,84.97,162,,,,,,,,,3,2,계단식,99,15.0,12.0,https://new.land.naver.com/complexes/6042?tab=detail&rf=Y,경상북도 상주시 신봉동 537-1,경상북도,상주시,신봉동,,,경상북도 상주시 경상대로 2811,0.0,196,22,0.0,0.0
[신봉동],6042,4,상주청구타운,1997.04.,496.0,45.45,150.25,40.61,134.28,26,,,,,,,,,4,2,계단식,150,15.0,12.0,https://new.land.naver.com/complexes/6042?tab=detail&rf=Y,경상북도 상주시 신봉동 537-1,경상북도,상주시,신봉동,,,경상북도 상주시 경상대로 2811,0.0,196,22,0.0,0.0
[신봉동],26505,1,세영첼시빌,2004.01.,346.0,29.44,97.33,23.97,79.25,86,,,,,,,,,3,2,계단식,97,15.0,14.0,https://new.land.naver.com/complexes/26505?tab=detail&rf=Y,경상북도 상주시 신봉동 542-3,경상북도,상주시,신봉동,,,경상북도 상주시 신봉학마루1길 29-10,0.0,206,32,359.0,1.04
[신봉동],26505,2,세영첼시빌,2004.01.,346.0,31.23,103.25,25.66,84.85,200,,,,,,,,,3,2,계단식,103,15.0,14.0,https://new.land.naver.com/complexes/26505?tab=detail&rf=Y,경상북도 상주시 신봉동 542-3,경상북도,상주시,신봉동,,,경상북도 상주시 신봉학마루1길 29-10,0.0,206,32,359.0,1.04
[신봉동],26505,3,세영첼시빌,2004.01.,346.0,46.78,154.65,39.3,129.92,60,,,,,,,,,4,2,계단식,154,15.0,14.0,https://new.land.naver.com/complexes/26505?tab=detail&rf=Y,경상북도 상주시 신봉동 542-3,경상북도,상주시,신봉동,,,경상북도 상주시 신봉학마루1길 29-10,0.0,206,32,359.0,1.04
[신봉동],100824,1,명지3차,2001.11.,450.0,19.85,65.64,14.94,49.42,60,,,,,,,,,2,1,계단식,65,15.0,15.0,https://new.land.naver.com/complexes/100824?tab=detail&rf=Y,경상북도 상주시 신봉동 603-1,경상북도,상주시,신봉동,,,경상북도 상주시 경상대로 2749-10,0.0,211,20,428.0,0.95
[신봉동],100824,2,명지3차,2001.11.,450.0,23.14,76.5,18.03,59.63,210,,,,,,,,,3,1,계단식,76A,15.0,15.0,https://new.land.naver.com/complexes/100824?tab=detail&rf=Y,경상북도 상주시 신봉동 603-1,경상북도,상주시,신봉동,,,경상북도 상주시 경상대로 2749-10,0.0,211,20,428.0,0.95
[신봉동],100824,3,명지3차,2001.11.,450.0,23.19,76.69,18.08,59.8,120,,,,,,,,,3,1,계단식,76B,15.0,15.0,https://new.land.naver.com/complexes/100824?tab=detail&rf=Y,경상북도 상주시 신봉동 603-1,경상북도,상주시,신봉동,,,경상북도 상주시 경상대로 2749-10,0.0,211,20,428.0,0.95
[신봉동],100824,4,명지3차,2001.11.,450.0,28.69,94.86,22.65,74.9,60,,,,,,,,,3,1,계단식,94,15.0,15.0,https://new.land.naver.com/complexes/100824?tab=detail&rf=Y,경상북도 상주시 신봉동 603-1,경상북도,상주시,신봉동,,,경상북도 상주시 경상대로 2749-10,0.0,211,20,428.0,0.95
[신봉동],6034,1,동아,1991.07.,600.0,27.94,92.39,22.95,75.87,120,,,,,,,,,3,1,계단식,92,15.0,15.0,https://new.land.naver.com/complexes/6034?tab=detail&rf=Y,경상북도 상주시 신봉동 179-4,경상북도,상주시,신봉동,,,경상북도 상주시 상산로 147,0.0,226,17,1080.0,1.8
[신봉동],6034,2,동아,1991.07.,600.0,30.93,102.27,25.66,84.83,390,,,,,,,,,3,2,계단식,102,15.0,15.0,https://new.land.naver.com/complexes/6034?tab=detail&rf=Y,경상북도 상주시 신봉동 179-4,경상북도,상주시,신봉동,,,경상북도 상주시 상산로 147,0.0,226,17,1080.0,1.8
[신봉동],6034,3,동아,1991.07.,600.0,46.67,154.29,40.14,132.72,90,,,,,,,,,4,2,계단식,154,15.0,15.0,https://new.land.naver.com/complexes/6034?tab=detail&rf=Y,경상북도 상주시 신봉동 179-4,경상북도,상주시,신봉동,,,경상북도 상주시 상산로 147,0.0,226,17,1080.0,1.8
[신봉동],110288,1,태암프라임로즈2차,2011.11.,36.0,33.65,111.25,25.29,83.63,36,,,,,,,,,3,2,계단식,111,10.0,10.0,https://new.land.naver.com/complexes/110288?tab=detail&rf=Y,경상북도 상주시 신봉동 164-5,경상북도,상주시,신봉동,,,경상북도 상주시 왕산로 22,0.0,230,35,36.0,1.0
[신봉동],124300,1,해암첼시빌,2000.11.,19.0,48.84,161.48,41.9,138.53,19,,,,,,,,,4,2,계단식,161,10.0,10.0,https://new.land.naver.com/complexes/124300?tab=detail&rf=Y,경상북도 상주시 신봉동 110-14,경상북도,상주시,신봉동,,,경상북도 상주시 상산로 156-8,0.0,168,18,29.0,1.53
[외답동],106490,1,전원타운,1998.02.,100.0,14.2,46.96,12.43,41.11,100,,,,,,,,,2,1,복도식,46,5.0,5.0,https://new.land.naver.com/complexes/106490?tab=detail&rf=Y,경상북도 상주시 외답동 270,경상북도,상주시,외답동,,,경상북도 상주시 외답6길 16,0.0,103,26,37.0,0.37
[인봉동],110294,1,늘푸른타운,1994.10.,19.0,36.07,119.26,31.84,105.27,10,,,,,,,,,3,2,계단식,119,7.0,6.0,https://new.land.naver.com/complexes/110294?tab=detail&rf=Y,경상북도 상주시 인봉동 69,경상북도,상주시,인봉동,,,경상북도 상주시 인봉3길 37,0.0,179,27,18.0,0.95
[인봉동],110294,2,늘푸른타운,1994.10.,19.0,36.87,121.91,32.55,107.61,7,,,,,,,,,3,2,계단식,121,7.0,6.0,https://new.land.naver.com/complexes/110294?tab=detail&rf=Y,경상북도 상주시 인봉동 69,경상북도,상주시,인봉동,,,경상북도 상주시 인봉3길 37,0.0,179,27,18.0,0.95
[인봉동],110294,3,늘푸른타운,1994.10.,19.0,57.25,189.28,50.53,167.07,2,,,,,,,,,4,2,계단식,189,7.0,6.0,https://new.land.naver.com/complexes/110294?tab=detail&rf=Y,경상북도 상주시 인봉동 69,경상북도,상주시,인봉동,,,경상북도 상주시 인봉3길 37,0.0,179,27,18.0,0.95
[함창읍],138462,1,녹원,,48.0,20.12,66.54,18.12,59.91,24,,,,,,,,,3,1,계단식,66,6.0,6.0,https://new.land.naver.com/complexes/138462?tab=detail&rf=Y,경상북도 상주시 함창읍 증촌리 94-1,경상북도,상주시,함창읍,,,경상북도 상주시 가야1길 22,0.0,154,27,46.0,0.96
[함창읍],138462,2,녹원,,48.0,25.31,83.68,23.3,77.05,12,,,,,,,,,3,2,계단식,83,6.0,6.0,https://new.land.naver.com/complexes/138462?tab=detail&rf=Y,경상북도 상주시 함창읍 증촌리 94-1,경상북도,상주시,함창읍,,,경상북도 상주시 가야1길 22,0.0,154,27,46.0,0.96
[함창읍],138462,3,녹원,,48.0,27.65,91.43,25.49,84.29,12,,,,,,,,,3,2,계단식,91,6.0,6.0,https://new.land.naver.com/complexes/138462?tab=detail&rf=Y,경상북도 상주시 함창읍 증촌리 94-1,경상북도,상주시,함창읍,,,경상북도 상주시 가야1길 22,0.0,154,27,46.0,0.96
[함창읍],108808,1,상주함창LH천년나무2단지,2016.06.,210.0,27.06,89.47,20.52,67.86,72,,,,,,,,,3,2,계단식,89A,18.0,18.0,https://new.land.naver.com/complexes/108808?tab=detail&rf=Y,경상북도 상주시 함창읍 구향리 609,경상북도,상주시,함창읍,,,경상북도 상주시 구향4길 15,0.0,174,14,210.0,1.0
[함창읍],108808,2,상주함창LH천년나무2단지,2016.06.,210.0,29.89,98.81,22.66,74.94,138,,,,,,,,,3,2,계단식,98A,18.0,18.0,https://new.land.naver.com/complexes/108808?tab=detail&rf=Y,경상북도 상주시 함창읍 구향리 609,경상북도,상주시,함창읍,,,경상북도 상주시 구향4길 15,0.0,174,14,210.0,1.0
