[가흥동],106499,1,영주가흥3단지,2003.04.,660.0,19.63,64.92,13.7,45.32,420,,,,,,,,,2,1,계단식,64,15.0,15.0,https://new.land.naver.com/complexes/106499?tab=detail&rf=Y,경상북도 영주시 가흥동 1488,경상북도,영주시,가흥동,,,경상북도 영주시 가흥로 343,0.0,167,16,501.0,0.76
[가흥동],106499,2,영주가흥3단지,2003.04.,660.0,23.01,76.08,16.06,53.11,8,,,,,,,,,3,1,계단식,76,15.0,15.0,https://new.land.naver.com/complexes/106499?tab=detail&rf=Y,경상북도 영주시 가흥동 1488,경상북도,영주시,가흥동,,,경상북도 영주시 가흥로 343,0.0,167,16,501.0,0.76
[가흥동],106499,3,영주가흥3단지,2003.04.,660.0,25.92,85.71,18.09,59.83,232,,,,,,,,,3,1,계단식,85,15.0,15.0,https://new.land.naver.com/complexes/106499?tab=detail&rf=Y,경상북도 영주시 가흥동 1488,경상북도,영주시,가흥동,,,경상북도 영주시 가흥로 343,0.0,167,16,501.0,0.76
[가흥동],128595,1,그린파크,2013.09.,27.0,24.57,81.24,21.39,70.72,4,,,,,,,,,3,2,계단식,81A,10.0,5.0,https://new.land.naver.com/complexes/128595?tab=detail&rf=Y,경상북도 영주시 가흥동 468-1,경상북도,영주시,가흥동,,,경상북도 영주시 가흥로357번길 41,0.0,147,26,36.0,1.33
[가흥동],128595,2,그린파크,2013.09.,27.0,25.21,83.35,21.94,72.55,4,,,,,,,,,3,2,계단식,83B,10.0,5.0,https://new.land.naver.com/complexes/128595?tab=detail&rf=Y,경상북도 영주시 가흥동 468-1,경상북도,영주시,가흥동,,,경상북도 영주시 가흥로357번길 41,0.0,147,26,36.0,1.33
[가흥동],128595,3,그린파크,2013.09.,27.0,36.07,119.26,25.45,84.14,19,,,,,,,,,3,2,계단식,119,10.0,5.0,https://new.land.naver.com/complexes/128595?tab=detail&rf=Y,경상북도 영주시 가흥동 468-1,경상북도,영주시,가흥동,,,경상북도 영주시 가흥로357번길 41,0.0,147,26,36.0,1.33
[가흥동],107716,1,영주가흥코아루노블,2015.11.,277.0,30.13,99.62,22.65,74.9,79,,,,,,,,,3,2,계단식,99B,20.0,20.0,https://new.land.naver.com/complexes/107716?tab=detail&rf=Y,경상북도 영주시 가흥동 1619,경상북도,영주시,가흥동,,,경상북도 영주시 대학로261번길 27,0.0,241,23,351.0,1.27
[가흥동],107716,2,영주가흥코아루노블,2015.11.,277.0,30.29,100.15,22.65,74.88,61,,,,,,,,,3,2,계단식,100A,20.0,20.0,https://new.land.naver.com/complexes/107716?tab=detail&rf=Y,경상북도 영주시 가흥동 1619,경상북도,영주시,가흥동,,,경상북도 영주시 대학로261번길 27,0.0,241,23,351.0,1.27
[가흥동],107716,3,영주가흥코아루노블,2015.11.,277.0,34.06,112.61,25.7,84.97,53,,,,,,,,,3,2,계단식,112C,20.0,20.0,https://new.land.naver.com/complexes/107716?tab=detail&rf=Y,경상북도 영주시 가흥동 1619,경상북도,영주시,가흥동,,,경상북도 영주시 대학로261번길 27,0.0,241,23,351.0,1.27
[가흥동],107716,4,영주가흥코아루노블,2015.11.,277.0,34.08,112.67,25.7,84.99,26,,,,,,,,,4,2,계단식,112B,20.0,20.0,https://new.land.naver.com/complexes/107716?tab=detail&rf=Y,경상북도 영주시 가흥동 1619,경상북도,영주시,가흥동,,,경상북도 영주시 대학로261번길 27,0.0,241,23,351.0,1.27
[가흥동],107716,5,영주가흥코아루노블,2015.11.,277.0,34.2,113.09,25.66,84.83,56,,,,,,,,,4,2,계단식,113A,20.0,20.0,https://new.land.naver.com/complexes/107716?tab=detail&rf=Y,경상북도 영주시 가흥동 1619,경상북도,영주시,가흥동,,,경상북도 영주시 대학로261번길 27,0.0,241,23,351.0,1.27
[가흥동],107716,6,영주가흥코아루노블,2015.11.,277.0,34.91,115.42,25.7,84.96,2,,,,,,,,,3,2,계단식,115D,20.0,20.0,https://new.land.naver.com/complexes/107716?tab=detail&rf=Y,경상북도 영주시 가흥동 1619,경상북도,영주시,가흥동,,,경상북도 영주시 대학로261번길 27,0.0,241,23,351.0,1.27
[가흥동],6607,1,현대강변2차,1994.11.,499.0,19.85,65.63,17.98,59.46,129,,,,,,,,,2,1,복도식,65,19.0,10.0,https://new.land.naver.com/complexes/6607?tab=detail&rf=Y,경상북도 영주시 가흥동 319,경상북도,영주시,가흥동,,,경상북도 영주시 대동로 95,0.0,273,22,190.0,0.38
[가흥동],6607,2,현대강변2차,1994.11.,499.0,20.27,67.03,17.98,59.46,53,,,,,,,,,2,1,복도식,67,19.0,10.0,https://new.land.naver.com/complexes/6607?tab=detail&rf=Y,경상북도 영주시 가흥동 319,경상북도,영주시,가흥동,,,경상북도 영주시 대동로 95,0.0,273,22,190.0,0.38
[가흥동],6607,3,현대강변2차,1994.11.,499.0,26.2,86.62,22.95,75.9,78,,,,,,,,,3,1,계단식,86,19.0,10.0,https://new.land.naver.com/complexes/6607?tab=detail&rf=Y,경상북도 영주시 가흥동 319,경상북도,영주시,가흥동,,,경상북도 영주시 대동로 95,0.0,273,22,190.0,0.38
[가흥동],6607,4,현대강변2차,1994.11.,499.0,27.91,92.27,25.62,84.7,30,,,,,,,,,3,1,복도식,92,19.0,10.0,https://new.land.naver.com/complexes/6607?tab=detail&rf=Y,경상북도 영주시 가흥동 319,경상북도,영주시,가흥동,,,경상북도 영주시 대동로 95,0.0,273,22,190.0,0.38
[가흥동],6607,5,현대강변2차,1994.11.,499.0,29.44,97.33,25.69,84.93,152,,,,,,,,,3,2,계단식,97,19.0,10.0,https://new.land.naver.com/complexes/6607?tab=detail&rf=Y,경상북도 영주시 가흥동 319,경상북도,영주시,가흥동,,,경상북도 영주시 대동로 95,0.0,273,22,190.0,0.38
[가흥동],6607,6,현대강변2차,1994.11.,499.0,43.16,142.68,37.88,125.24,19,,,,,,,,,4,2,계단식,142,19.0,10.0,https://new.land.naver.com/complexes/6607?tab=detail&rf=Y,경상북도 영주시 가흥동 319,경상북도,영주시,가흥동,,,경상북도 영주시 대동로 95,0.0,273,22,190.0,0.38
[가흥동],6607,7,현대강변2차,1994.11.,499.0,49.38,163.27,44.7,147.78,38,,,,,,,,,4,2,계단식,163,19.0,10.0,https://new.land.naver.com/complexes/6607?tab=detail&rf=Y,경상북도 영주시 가흥동 319,경상북도,영주시,가흥동,,,경상북도 영주시 대동로 95,0.0,273,22,190.0,0.38
[가흥동],104845,1,화성리버빌2차,2002.10.,354.0,19.24,63.62,14.92,49.33,2,,,,,,,,,2,1,계단식,63,15.0,12.0,https://new.land.naver.com/complexes/104845?tab=detail&rf=Y,경상북도 영주시 가흥동 254,경상북도,영주시,가흥동,,,경상북도 영주시 대학로142번길 39,0.0,181,18,268.0,0.76
[가흥동],104845,2,화성리버빌2차,2002.10.,354.0,19.82,65.53,13.79,45.59,90,,,,,,,,,2,1,계단식,65,15.0,12.0,https://new.land.naver.com/complexes/104845?tab=detail&rf=Y,경상북도 영주시 가흥동 254,경상북도,영주시,가흥동,,,경상북도 영주시 대학로142번길 39,0.0,181,18,268.0,0.76
[가흥동],104845,3,화성리버빌2차,2002.10.,354.0,23.41,77.4,17.98,59.45,232,,,,,,,,,3,1,계단식,77,15.0,12.0,https://new.land.naver.com/complexes/104845?tab=detail&rf=Y,경상북도 영주시 가흥동 254,경상북도,영주시,가흥동,,,경상북도 영주시 대학로142번길 39,0.0,181,18,268.0,0.76
[가흥동],104845,4,화성리버빌2차,2002.10.,354.0,29.81,98.55,23.02,76.13,30,,,,,,,,,3,1,계단식,98,15.0,12.0,https://new.land.naver.com/complexes/104845?tab=detail&rf=Y,경상북도 영주시 가흥동 254,경상북도,영주시,가흥동,,,경상북도 영주시 대학로142번길 39,0.0,181,18,268.0,0.76
[가흥동],117582,1,명성2차,2000.06.,99.0,17.02,56.27,13.62,45.04,20,,,,,,,,,3,2,계단식,56,5.0,5.0,https://new.land.naver.com/complexes/117582?tab=detail&rf=Y,경상북도 영주시 가흥동 539-1,경상북도,영주시,가흥동,,,경상북도 영주시 창진로 75,0.0,107,23,79.0,0.8
[가흥동],117582,2,명성2차,2000.06.,99.0,21.37,70.65,18.06,59.72,79,,,,,,,,,3,2,계단식,70,5.0,5.0,https://new.land.naver.com/complexes/117582?tab=detail&rf=Y,경상북도 영주시 가흥동 539-1,경상북도,영주시,가흥동,,,경상북도 영주시 창진로 75,0.0,107,23,79.0,0.8
[가흥동],6604,1,현대,1992.04.,270.0,24.26,80.21,19.3,63.82,90,,,,,,,,,2,1,계단식,80,12.0,8.0,https://new.land.naver.com/complexes/6604?tab=detail&rf=Y,경상북도 영주시 가흥동 520-3,경상북도,영주시,가흥동,,,경상북도 영주시 신재로12번길 67,0.0,0,0,270.0,1.0
[가흥동],6604,2,현대,1992.04.,270.0,28.06,92.78,22.69,75.01,100,,,,,,,,,3,1,계단식,92,12.0,8.0,https://new.land.naver.com/complexes/6604?tab=detail&rf=Y,경상북도 영주시 가흥동 520-3,경상북도,영주시,가흥동,,,경상북도 영주시 신재로12번길 67,0.0,0,0,270.0,1.0
[가흥동],6604,3,현대,1992.04.,270.0,31.93,105.56,25.69,84.94,80,,,,,,,,,3,1,계단식,105,12.0,8.0,https://new.land.naver.com/complexes/6604?tab=detail&rf=Y,경상북도 영주시 가흥동 520-3,경상북도,영주시,가흥동,,,경상북도 영주시 신재로12번길 67,0.0,0,0,270.0,1.0
[가흥동],128357,1,가흥드림뷰,2012.11.,19.0,34.89,115.37,25.56,84.51,19,,,,,,,,,3,2,계단식,115,10.0,10.0,https://new.land.naver.com/complexes/128357?tab=detail&rf=Y,경상북도 영주시 가흥동 449-1,경상북도,영주시,가흥동,,,경상북도 영주시 가흥로 345-28,0.0,190,25,23.0,1.21
[가흥동],140147,1,명성빌리지1차,1999.07.,98.0,13.88,45.91,12.07,39.93,8,,,,,,,,,2,1,계단식,45,4.0,4.0,https://new.land.naver.com/complexes/140147?tab=detail&rf=Y,경상북도 영주시 가흥동 544-6,경상북도,영주시,가흥동,,,경상북도 영주시 창진로 87,0.0,65,19,81.0,0.83
[가흥동],140147,2,명성빌리지1차,1999.07.,98.0,19.89,65.77,18.07,59.74,64,,,,,,,,,3,2,계단식,65B,4.0,4.0,https://new.land.naver.com/complexes/140147?tab=detail&rf=Y,경상북도 영주시 가흥동 544-6,경상북도,영주시,가흥동,,,경상북도 영주시 창진로 87,0.0,65,19,81.0,0.83
[가흥동],140147,3,명성빌리지1차,1999.07.,98.0,19.78,65.39,17.97,59.41,24,,,,,,,,,3,2,계단식,65A,4.0,4.0,https://new.land.naver.com/complexes/140147?tab=detail&rf=Y,경상북도 영주시 가흥동 544-6,경상북도,영주시,가흥동,,,경상북도 영주시 창진로 87,0.0,65,19,81.0,0.83
[가흥동],140147,4,명성빌리지1차,1999.07.,98.0,22.4,74.07,18.07,59.75,2,,,,,,,,,3,2,계단식,74,4.0,4.0,https://new.land.naver.com/complexes/140147?tab=detail&rf=Y,경상북도 영주시 가흥동 544-6,경상북도,영주시,가흥동,,,경상북도 영주시 창진로 87,0.0,65,19,81.0,0.83
[가흥동],124386,1,영주가흥더리브스위트엠,2021.09.,831.0,33.99,112.37,25.69,84.95,81,,,,,,,,,3,2,계단식,112A,22.0,18.0,https://new.land.naver.com/complexes/124386?tab=detail&rf=Y,경상북도 영주시 가흥동 2057,경상북도,영주시,가흥동,,,경상북도 영주시,0.0,452,52,1080.0,1.3
[가흥동],124386,2,영주가흥더리브스위트엠,2021.09.,831.0,33.96,112.29,25.69,84.93,81,,,,,,,,,3,2,계단식,112B,22.0,18.0,https://new.land.naver.com/complexes/124386?tab=detail&rf=Y,경상북도 영주시 가흥동 2057,경상북도,영주시,가흥동,,,경상북도 영주시,0.0,452,52,1080.0,1.3
[가흥동],124386,3,영주가흥더리브스위트엠,2021.09.,831.0,34.35,113.58,25.69,84.93,278,,,,,,,,,3,2,계단식,113C,22.0,18.0,https://new.land.naver.com/complexes/124386?tab=detail&rf=Y,경상북도 영주시 가흥동 2057,경상북도,영주시,가흥동,,,경상북도 영주시,0.0,452,52,1080.0,1.3
[가흥동],124386,4,영주가흥더리브스위트엠,2021.09.,831.0,34.57,114.29,25.69,84.94,269,,,,,,,,,3,2,계단식,114D,22.0,18.0,https://new.land.naver.com/complexes/124386?tab=detail&rf=Y,경상북도 영주시 가흥동 2057,경상북도,영주시,가흥동,,,경상북도 영주시,0.0,452,52,1080.0,1.3
[가흥동],124386,5,영주가흥더리브스위트엠,2021.09.,831.0,39.04,129.09,29.62,97.94,61,,,,,,,,,3,2,계단식,129A,22.0,18.0,https://new.land.naver.com/complexes/124386?tab=detail&rf=Y,경상북도 영주시 가흥동 2057,경상북도,영주시,가흥동,,,경상북도 영주시,0.0,452,52,1080.0,1.3
[가흥동],124386,6,영주가흥더리브스위트엠,2021.09.,831.0,39.04,129.09,29.63,97.98,61,,,,,,,,,3,2,계단식,129B,22.0,18.0,https://new.land.naver.com/complexes/124386?tab=detail&rf=Y,경상북도 영주시 가흥동 2057,경상북도,영주시,가흥동,,,경상북도 영주시,0.0,452,52,1080.0,1.3
[가흥동],106492,1,화성리버빌1차,2000.09.,270.0,18.54,61.3,12.77,42.22,60,,,,,,,,,2,1,복도식,61,15.0,15.0,https://new.land.naver.com/complexes/106492?tab=detail&rf=Y,경상북도 영주시 가흥동 522-7,경상북도,영주시,가흥동,,,경상북도 영주시 신재로12번길 56,0.0,218,20,196.0,0.73
[가흥동],106492,2,화성리버빌1차,2000.09.,270.0,21.91,72.44,16.44,54.36,60,,,,,,,,,2,1,복도식,72,15.0,15.0,https://new.land.naver.com/complexes/106492?tab=detail&rf=Y,경상북도 영주시 가흥동 522-7,경상북도,영주시,가흥동,,,경상북도 영주시 신재로12번길 56,0.0,218,20,196.0,0.73
[가흥동],106492,3,화성리버빌1차,2000.09.,270.0,24.27,80.26,16.88,55.82,105,,,,,,,,,3,1,복도식,80B,15.0,15.0,https://new.land.naver.com/complexes/106492?tab=detail&rf=Y,경상북도 영주시 가흥동 522-7,경상북도,영주시,가흥동,,,경상북도 영주시 신재로12번길 56,0.0,218,20,196.0,0.73
[가흥동],106492,4,화성리버빌1차,2000.09.,270.0,24.32,80.41,16.9,55.9,45,,,,,,,,,3,1,복도식,80C,15.0,15.0,https://new.land.naver.com/complexes/106492?tab=detail&rf=Y,경상북도 영주시 가흥동 522-7,경상북도,영주시,가흥동,,,경상북도 영주시 신재로12번길 56,0.0,218,20,196.0,0.73
[가흥동],6546,1,시영,1992.11.,242.0,14.17,46.86,12.4,41.01,70,,,,,,,,,2,1,계단식,46,5.0,4.0,https://new.land.naver.com/complexes/6546?tab=detail&rf=Y,경상북도 영주시 가흥동 530,경상북도,영주시,가흥동,,,경상북도 영주시 창진로 63,0.0,0,0,192.0,0.79
[가흥동],6546,2,시영,1992.11.,242.0,16.12,53.31,14.35,47.46,120,,,,,,,,,2,1,계단식,53,5.0,4.0,https://new.land.naver.com/complexes/6546?tab=detail&rf=Y,경상북도 영주시 가흥동 530,경상북도,영주시,가흥동,,,경상북도 영주시 창진로 63,0.0,0,0,192.0,0.79
[가흥동],6546,3,시영,1992.11.,242.0,17.55,58.02,15.78,52.17,52,,,,,,,,,2,1,계단식,58,5.0,4.0,https://new.land.naver.com/complexes/6546?tab=detail&rf=Y,경상북도 영주시 가흥동 530,경상북도,영주시,가흥동,,,경상북도 영주시 창진로 63,0.0,0,0,192.0,0.79
[가흥동],105255,1,세영리첼,2011.03.,706.0,25.8,85.3,17.91,59.21,176,,,,,,,,,3,2,계단식,85,15.0,13.0,https://new.land.naver.com/complexes/105255?tab=detail&rf=Y,경상북도 영주시 가흥동 1796,경상북도,영주시,가흥동,,,경상북도 영주시 대동로 2,0.0,221,23,875.0,1.24
[가흥동],105255,2,세영리첼,2011.03.,706.0,30.07,99.41,22.59,74.71,85,,,,,,,,,3,2,계단식,99,15.0,13.0,https://new.land.naver.com/complexes/105255?tab=detail&rf=Y,경상북도 영주시 가흥동 1796,경상북도,영주시,가흥동,,,경상북도 영주시 대동로 2,0.0,221,23,875.0,1.24
[가흥동],105255,3,세영리첼,2011.03.,706.0,32.79,108.42,25.57,84.54,30,,,,,,,,,3,2,계단식,108,15.0,13.0,https://new.land.naver.com/complexes/105255?tab=detail&rf=Y,경상북도 영주시 가흥동 1796,경상북도,영주시,가흥동,,,경상북도 영주시 대동로 2,0.0,221,23,875.0,1.24
[가흥동],105255,4,세영리첼,2011.03.,706.0,33.85,111.91,25.6,84.66,146,,,,,,,,,3,2,계단식,111B,15.0,13.0,https://new.land.naver.com/complexes/105255?tab=detail&rf=Y,경상북도 영주시 가흥동 1796,경상북도,영주시,가흥동,,,경상북도 영주시 대동로 2,0.0,221,23,875.0,1.24
[가흥동],105255,5,세영리첼,2011.03.,706.0,34.46,113.92,25.54,84.45,149,,,,,,,,,3,2,계단식,113A,15.0,13.0,https://new.land.naver.com/complexes/105255?tab=detail&rf=Y,경상북도 영주시 가흥동 1796,경상북도,영주시,가흥동,,,경상북도 영주시 대동로 2,0.0,221,23,875.0,1.24
[가흥동],105255,6,세영리첼,2011.03.,706.0,39.43,130.36,30.5,100.83,60,,,,,,,,,4,2,계단식,130,15.0,13.0,https://new.land.naver.com/complexes/105255?tab=detail&rf=Y,경상북도 영주시 가흥동 1796,경상북도,영주시,가흥동,,,경상북도 영주시 대동로 2,0.0,221,23,875.0,1.24
[가흥동],105255,7,세영리첼,2011.03.,706.0,43.89,145.1,36.49,120.65,60,,,,,,,,,4,2,계단식,145,15.0,13.0,https://new.land.naver.com/complexes/105255?tab=detail&rf=Y,경상북도 영주시 가흥동 1796,경상북도,영주시,가흥동,,,경상북도 영주시 대동로 2,0.0,221,23,875.0,1.24
[상망동],124523,1,동부4차무지개,1997.12.,56.0,21.73,71.84,18.11,59.88,16,,,,,,,,,3,1,계단식,71B,8.0,8.0,https://new.land.naver.com/complexes/124523?tab=detail&rf=Y,경상북도 영주시 상망동 835-2,경상북도,영주시,상망동,,,경상북도 영주시 원당로247번길 65,0.0,178,25,46.0,0.82
[상망동],124523,2,동부4차무지개,1997.12.,56.0,21.66,71.62,18.05,59.7,8,,,,,,,,,3,1,계단식,71A,8.0,8.0,https://new.land.naver.com/complexes/124523?tab=detail&rf=Y,경상북도 영주시 상망동 835-2,경상북도,영주시,상망동,,,경상북도 영주시 원당로247번길 65,0.0,178,25,46.0,0.82
[상망동],124523,3,동부4차무지개,1997.12.,56.0,27.26,90.13,22.72,75.13,32,,,,,,,,,3,2,계단식,90,8.0,8.0,https://new.land.naver.com/complexes/124523?tab=detail&rf=Y,경상북도 영주시 상망동 835-2,경상북도,영주시,상망동,,,경상북도 영주시 원당로247번길 65,0.0,178,25,46.0,0.82
[상망동],103641,1,코아루,2007.10.,600.0,34.42,113.8,25.68,84.91,360,,,,,,,,,3,2,계단식,113,15.0,15.0,https://new.land.naver.com/complexes/103641?tab=detail&rf=Y,경상북도 영주시 상망동 834,경상북도,영주시,상망동,,,경상북도 영주시 원당로225번길 67,0.0,198,17,831.0,1.39
[상망동],103641,2,코아루,2007.10.,600.0,46.98,155.32,37.91,125.33,180,,,,,,,,,4,2,계단식,155,15.0,15.0,https://new.land.naver.com/complexes/103641?tab=detail&rf=Y,경상북도 영주시 상망동 834,경상북도,영주시,상망동,,,경상북도 영주시 원당로225번길 67,0.0,198,17,831.0,1.39
[상망동],103641,3,코아루,2007.10.,600.0,55.68,184.07,46.27,152.97,60,,,,,,,,,4,2,계단식,184,15.0,15.0,https://new.land.naver.com/complexes/103641?tab=detail&rf=Y,경상북도 영주시 상망동 834,경상북도,영주시,상망동,,,경상북도 영주시 원당로225번길 67,0.0,198,17,831.0,1.39
[상망동],106493,1,장미마을,1994.12.,120.0,20.1,66.45,17.94,59.31,9,,,,,,,,,2,1,계단식,66A,6.0,6.0,https://new.land.naver.com/complexes/106493?tab=detail&rf=Y,경상북도 영주시 상망동 645-4,경상북도,영주시,상망동,,,경상북도 영주시 원당로275번길 31-1,29.0,150,31,60.0,0.5
[상망동],106493,2,장미마을,1994.12.,120.0,20.28,67.05,18.12,59.91,70,,,,,,,,,2,1,계단식,67B,6.0,6.0,https://new.land.naver.com/complexes/106493?tab=detail&rf=Y,경상북도 영주시 상망동 645-4,경상북도,영주시,상망동,,,경상북도 영주시 원당로275번길 31-1,29.0,150,31,60.0,0.5
[상망동],106493,3,장미마을,1994.12.,120.0,25.71,85.02,23.3,77.04,12,,,,,,,,,3,2,계단식,85,6.0,6.0,https://new.land.naver.com/complexes/106493?tab=detail&rf=Y,경상북도 영주시 상망동 645-4,경상북도,영주시,상망동,,,경상북도 영주시 원당로275번길 31-1,29.0,150,31,60.0,0.5
[상망동],15942,1,경일미래타운,2001.11.,360.0,23.24,76.85,18.02,59.6,330,,,,,,,,,3,1,계단식,76,15.0,15.0,https://new.land.naver.com/complexes/15942?tab=detail&rf=Y,경상북도 영주시 상망동 562-2,경상북도,영주시,상망동,,,경상북도 영주시 웃무리로13번길 15,0.0,213,19,301.0,0.84
[상망동],15942,2,경일미래타운,2001.11.,360.0,32.05,105.96,25.57,84.55,30,,,,,,,,,3,2,계단식,105,15.0,15.0,https://new.land.naver.com/complexes/15942?tab=detail&rf=Y,경상북도 영주시 상망동 562-2,경상북도,영주시,상망동,,,경상북도 영주시 웃무리로13번길 15,0.0,213,19,301.0,0.84
[영주동],119334,1,철탄,1997.09.,98.0,13.52,44.71,10.03,33.18,20,,,,,,,,,2,1,복도식,44,6.0,5.0,https://new.land.naver.com/complexes/119334?tab=detail&rf=Y,경상북도 영주시 영주동 63-2,경상북도,영주시,영주동,,,경상북도 영주시 숫골길 51,0.0,153,34,34.0,0.35
[영주동],119334,2,철탄,1997.09.,98.0,19.85,65.63,16.57,54.8,30,,,,,,,,,3,1,복도식,65,6.0,5.0,https://new.land.naver.com/complexes/119334?tab=detail&rf=Y,경상북도 영주시 영주동 63-2,경상북도,영주시,영주동,,,경상북도 영주시 숫골길 51,0.0,153,34,34.0,0.35
[영주동],119334,3,철탄,1997.09.,98.0,21.74,71.88,18.14,59.98,48,,,,,,,,,3,1,복도식,71,6.0,5.0,https://new.land.naver.com/complexes/119334?tab=detail&rf=Y,경상북도 영주시 영주동 63-2,경상북도,영주시,영주동,,,경상북도 영주시 숫골길 51,0.0,153,34,34.0,0.35
[영주동],131308,1,성동복합타운,1998.04.,18.0,27.7,91.58,23.63,78.14,1,,,,,,,,,3,2,계단식,91A,7.0,7.0,https://new.land.naver.com/complexes/131308?tab=detail&rf=Y,경상북도 영주시 영주동 482-5,경상북도,영주시,영주동,,,경상북도 영주시 선비로 265,0.0,218,37,12.0,0.67
[영주동],131308,2,성동복합타운,1998.04.,18.0,27.88,92.18,23.81,78.74,11,,,,,,,,,3,2,계단식,92B,7.0,7.0,https://new.land.naver.com/complexes/131308?tab=detail&rf=Y,경상북도 영주시 영주동 482-5,경상북도,영주시,영주동,,,경상북도 영주시 선비로 265,0.0,218,37,12.0,0.67
[영주동],131308,3,성동복합타운,1998.04.,18.0,31.76,105.02,23.63,78.14,6,,,,,,,,,3,2,계단식,105,7.0,7.0,https://new.land.naver.com/complexes/131308?tab=detail&rf=Y,경상북도 영주시 영주동 482-5,경상북도,영주시,영주동,,,경상북도 영주시 선비로 265,0.0,218,37,12.0,0.67
[영주동],6638,1,현대강변타운,1990.10.,376.0,24.71,81.69,19.03,62.94,80,,,,,,,,,3,1,계단식,81,12.0,5.0,https://new.land.naver.com/complexes/6638?tab=detail&rf=Y,경상북도 영주시 영주동 513-1,경상북도,영주시,영주동,,,경상북도 영주시 선비로 215,0.0,0,0,0.0,0.0
[영주동],6638,2,현대강변타운,1990.10.,376.0,31.55,104.3,25.61,84.67,216,,,,,,,,,3,1,계단식,104B,12.0,5.0,https://new.land.naver.com/complexes/6638?tab=detail&rf=Y,경상북도 영주시 영주동 513-1,경상북도,영주시,영주동,,,경상북도 영주시 선비로 215,0.0,0,0,0.0,0.0
[영주동],6638,3,현대강변타운,1990.10.,376.0,31.57,104.38,25.27,83.56,60,,,,,,,,,3,1,계단식,104A,12.0,5.0,https://new.land.naver.com/complexes/6638?tab=detail&rf=Y,경상북도 영주시 영주동 513-1,경상북도,영주시,영주동,,,경상북도 영주시 선비로 215,0.0,0,0,0.0,0.0
[영주동],6638,4,현대강변타운,1990.10.,376.0,33.23,109.87,25.39,83.95,20,,,,,,,,,3,1,계단식,109,12.0,5.0,https://new.land.naver.com/complexes/6638?tab=detail&rf=Y,경상북도 영주시 영주동 513-1,경상북도,영주시,영주동,,,경상북도 영주시 선비로 215,0.0,0,0,0.0,0.0
[영주동],6626,1,주공,1984.07.,300.0,12.92,42.74,12.92,42.74,17,,,,,,,,,2,1,계단식,42,5.0,5.0,https://new.land.naver.com/complexes/6626?tab=detail&rf=Y,경상북도 영주시 영주동 470-220,경상북도,영주시,영주동,,,경상북도 영주시 선비로 203,0.0,0,0,300.0,1.0
[영주동],6626,2,주공,1984.07.,300.0,14.88,49.22,14.88,49.22,133,,,,,,,,,2,1,계단식,49,5.0,5.0,https://new.land.naver.com/complexes/6626?tab=detail&rf=Y,경상북도 영주시 영주동 470-220,경상북도,영주시,영주동,,,경상북도 영주시 선비로 203,0.0,0,0,300.0,1.0
[영주동],6626,3,주공,1984.07.,300.0,17.93,59.3,17.93,59.3,150,,,,,,,,,3,1,계단식,59,5.0,5.0,https://new.land.naver.com/complexes/6626?tab=detail&rf=Y,경상북도 영주시 영주동 470-220,경상북도,영주시,영주동,,,경상북도 영주시 선비로 203,0.0,0,0,300.0,1.0
[영주동],114615,1,더채움,2016.12.,31.0,30.97,102.41,24.82,82.06,29,,,,,,,,,3,2,복도식,102,12.0,11.0,https://new.land.naver.com/complexes/114615?tab=detail&rf=Y,경상북도 영주시 영주동 546-2,경상북도,영주시,영주동,,,경상북도 영주시 광복로 6,0.0,257,44,40.0,1.29
[영주동],114615,2,더채움,2016.12.,31.0,43.78,144.74,37.47,123.88,2,,,,,,,,,3,2,복도식,144,12.0,11.0,https://new.land.naver.com/complexes/114615?tab=detail&rf=Y,경상북도 영주시 영주동 546-2,경상북도,영주시,영주동,,,경상북도 영주시 광복로 6,0.0,257,44,40.0,1.29
[영주동],6620,1,동진타워,1997.11.,147.0,23.66,78.23,17.89,59.17,76,,,,,,,,,3,1,계단식,78,15.0,9.0,https://new.land.naver.com/complexes/6620?tab=detail&rf=Y,경상북도 영주시 영주동 513-3,경상북도,영주시,영주동,,,경상북도 영주시 선비로 223,0.0,348,59,134.0,0.91
[영주동],6620,2,동진타워,1997.11.,147.0,28.01,92.62,22.92,75.78,13,,,,,,,,,3,1,계단식,92,15.0,9.0,https://new.land.naver.com/complexes/6620?tab=detail&rf=Y,경상북도 영주시 영주동 513-3,경상북도,영주시,영주동,,,경상북도 영주시 선비로 223,0.0,348,59,134.0,0.91
[영주동],6620,3,동진타워,1997.11.,147.0,29.7,98.2,25.31,83.67,20,,,,,,,,,3,2,계단식,98B,15.0,9.0,https://new.land.naver.com/complexes/6620?tab=detail&rf=Y,경상북도 영주시 영주동 513-3,경상북도,영주시,영주동,,,경상북도 영주시 선비로 223,0.0,348,59,134.0,0.91
[영주동],6620,4,동진타워,1997.11.,147.0,29.92,98.94,25.19,83.28,12,,,,,,,,,3,1,계단식,98A,15.0,9.0,https://new.land.naver.com/complexes/6620?tab=detail&rf=Y,경상북도 영주시 영주동 513-3,경상북도,영주시,영주동,,,경상북도 영주시 선비로 223,0.0,348,59,134.0,0.91
[영주동],6620,5,동진타워,1997.11.,147.0,30.18,99.8,25.41,84.0,13,,,,,,,,,3,2,계단식,99C,15.0,9.0,https://new.land.naver.com/complexes/6620?tab=detail&rf=Y,경상북도 영주시 영주동 513-3,경상북도,영주시,영주동,,,경상북도 영주시 선비로 223,0.0,348,59,134.0,0.91
[영주동],6620,6,동진타워,1997.11.,147.0,30.59,101.15,25.03,82.75,13,,,,,,,,,3,2,계단식,101,15.0,9.0,https://new.land.naver.com/complexes/6620?tab=detail&rf=Y,경상북도 영주시 영주동 513-3,경상북도,영주시,영주동,,,경상북도 영주시 선비로 223,0.0,348,59,134.0,0.91
[풍기읍],106503,1,한양,1995.06.,294.0,14.99,49.56,11.75,38.85,132,,,,,,,,,2,1,계단식,49,8.0,8.0,https://new.land.naver.com/complexes/106503?tab=detail&rf=Y,경상북도 영주시 풍기읍 동부리 305-1,경상북도,영주시,풍기읍,,,경상북도 영주시 동양대로72번길 8,0.0,0,0,96.0,0.33
[풍기읍],106503,2,한양,1995.06.,294.0,15.96,52.78,12.51,41.37,28,,,,,,,,,2,1,계단식,52,8.0,8.0,https://new.land.naver.com/complexes/106503?tab=detail&rf=Y,경상북도 영주시 풍기읍 동부리 305-1,경상북도,영주시,풍기읍,,,경상북도 영주시 동양대로72번길 8,0.0,0,0,96.0,0.33
[풍기읍],106503,3,한양,1995.06.,294.0,20.5,67.8,15.83,52.35,134,,,,,,,,,2,1,계단식,67,8.0,8.0,https://new.land.naver.com/complexes/106503?tab=detail&rf=Y,경상북도 영주시 풍기읍 동부리 305-1,경상북도,영주시,풍기읍,,,경상북도 영주시 동양대로72번길 8,0.0,0,0,96.0,0.33
[풍기읍],133347,1,동원스타네홈,2019.09.,26.0,28.98,95.82,22.21,73.43,26,,,,,,,,,3,2,계단식,95,15.0,15.0,https://new.land.naver.com/complexes/133347?tab=detail&rf=Y,경상북도 영주시 풍기읍 동부리 504-1,경상북도,영주시,풍기읍,,,경상북도 영주시 기주로41번길 10,0.0,189,18,34.0,1.31
[풍기읍],106508,1,한솔맨션,1994.02.,132.0,19.54,64.62,17.51,57.9,60,,,,,,,,,2,1,계단식,64,6.0,6.0,https://new.land.naver.com/complexes/106508?tab=detail&rf=Y,경상북도 영주시 풍기읍 성내리 197-1,경상북도,영주시,풍기읍,,,경상북도 영주시 남원로 152-21,0.0,169,36,70.0,0.53
[풍기읍],106508,2,한솔맨션,1994.02.,132.0,25.91,85.68,23.75,78.54,24,,,,,,,,,3,2,계단식,85,6.0,6.0,https://new.land.naver.com/complexes/106508?tab=detail&rf=Y,경상북도 영주시 풍기읍 성내리 197-1,경상북도,영주시,풍기읍,,,경상북도 영주시 남원로 152-21,0.0,169,36,70.0,0.53
[풍기읍],106508,3,한솔맨션,1994.02.,132.0,27.71,91.62,25.55,84.48,24,,,,,,,,,3,2,계단식,91A,6.0,6.0,https://new.land.naver.com/complexes/106508?tab=detail&rf=Y,경상북도 영주시 풍기읍 성내리 197-1,경상북도,영주시,풍기읍,,,경상북도 영주시 남원로 152-21,0.0,169,36,70.0,0.53
[풍기읍],106508,4,한솔맨션,1994.02.,132.0,27.86,92.13,25.7,84.99,24,,,,,,,,,3,2,계단식,92B,6.0,6.0,https://new.land.naver.com/complexes/106508?tab=detail&rf=Y,경상북도 영주시 풍기읍 성내리 197-1,경상북도,영주시,풍기읍,,,경상북도 영주시 남원로 152-21,0.0,169,36,70.0,0.53
[풍기읍],127294,1,삼일,1991.09.,158.0,18.44,60.99,16.41,54.27,10,,,,,,,,,3,2,계단식,60,5.0,4.0,https://new.land.naver.com/complexes/127294?tab=detail&rf=Y,경상북도 영주시 풍기읍 동부리 104-1,경상북도,영주시,풍기읍,,,경상북도 영주시 남원로20번길 29,0.0,0,0,0.0,0.0
[풍기읍],127294,2,삼일,1991.09.,158.0,19.97,66.03,17.81,58.89,52,,,,,,,,,3,2,계단식,66A,5.0,4.0,https://new.land.naver.com/complexes/127294?tab=detail&rf=Y,경상북도 영주시 풍기읍 동부리 104-1,경상북도,영주시,풍기읍,,,경상북도 영주시 남원로20번길 29,0.0,0,0,0.0,0.0
[풍기읍],127294,3,삼일,1991.09.,158.0,20.17,66.69,18.14,59.97,16,,,,,,,,,3,2,계단식,66C,5.0,4.0,https://new.land.naver.com/complexes/127294?tab=detail&rf=Y,경상북도 영주시 풍기읍 동부리 104-1,경상북도,영주시,풍기읍,,,경상북도 영주시 남원로20번길 29,0.0,0,0,0.0,0.0
[풍기읍],127294,4,삼일,1991.09.,158.0,20.28,67.05,18.12,59.91,30,,,,,,,,,3,2,계단식,67B,5.0,4.0,https://new.land.naver.com/complexes/127294?tab=detail&rf=Y,경상북도 영주시 풍기읍 동부리 104-1,경상북도,영주시,풍기읍,,,경상북도 영주시 남원로20번길 29,0.0,0,0,0.0,0.0
[풍기읍],127294,5,삼일,1991.09.,158.0,22.12,73.14,20.09,66.42,20,,,,,,,,,3,2,계단식,73,5.0,4.0,https://new.land.naver.com/complexes/127294?tab=detail&rf=Y,경상북도 영주시 풍기읍 동부리 104-1,경상북도,영주시,풍기읍,,,경상북도 영주시 남원로20번길 29,0.0,0,0,0.0,0.0
[풍기읍],127294,6,삼일,1991.09.,158.0,23.73,78.45,19.66,65.01,4,,,,,,,,,3,2,계단식,78,5.0,4.0,https://new.land.naver.com/complexes/127294?tab=detail&rf=Y,경상북도 영주시 풍기읍 동부리 104-1,경상북도,영주시,풍기읍,,,경상북도 영주시 남원로20번길 29,0.0,0,0,0.0,0.0
[풍기읍],127294,7,삼일,1991.09.,158.0,26.43,87.39,24.4,80.67,10,,,,,,,,,3,2,계단식,87,5.0,4.0,https://new.land.naver.com/complexes/127294?tab=detail&rf=Y,경상북도 영주시 풍기읍 동부리 104-1,경상북도,영주시,풍기읍,,,경상북도 영주시 남원로20번길 29,0.0,0,0,0.0,0.0
[풍기읍],127294,8,삼일,1991.09.,158.0,27.09,89.58,25.06,82.86,16,,,,,,,,,3,2,계단식,89,5.0,4.0,https://new.land.naver.com/complexes/127294?tab=detail&rf=Y,경상북도 영주시 풍기읍 동부리 104-1,경상북도,영주시,풍기읍,,,경상북도 영주시 남원로20번길 29,0.0,0,0,0.0,0.0
[풍기읍],139445,1,철쭉,,65.0,19.98,66.07,17.98,59.44,25,,,,,,,,,2,1,계단식,66,6.0,5.0,https://new.land.naver.com/complexes/139445?tab=detail&rf=Y,경상북도 영주시 풍기읍 성내리 211-6,경상북도,영주시,풍기읍,,,경상북도 영주시 기주로 155,0.0,0,0,0.0,0.0
[풍기읍],139445,2,철쭉,,65.0,21.01,69.48,19.01,62.85,5,,,,,,,,,3,1,계단식,69,6.0,5.0,https://new.land.naver.com/complexes/139445?tab=detail&rf=Y,경상북도 영주시 풍기읍 성내리 211-6,경상북도,영주시,풍기읍,,,경상북도 영주시 기주로 155,0.0,0,0,0.0,0.0
[풍기읍],139445,3,철쭉,,65.0,25.79,85.26,21.78,72.0,5,,,,,,,,,3,2,계단식,85,6.0,5.0,https://new.land.naver.com/complexes/139445?tab=detail&rf=Y,경상북도 영주시 풍기읍 성내리 211-6,경상북도,영주시,풍기읍,,,경상북도 영주시 기주로 155,0.0,0,0,0.0,0.0
[풍기읍],139445,4,철쭉,,65.0,27.23,90.03,25.22,83.4,24,,,,,,,,,3,2,계단식,90,6.0,5.0,https://new.land.naver.com/complexes/139445?tab=detail&rf=Y,경상북도 영주시 풍기읍 성내리 211-6,경상북도,영주시,풍기읍,,,경상북도 영주시 기주로 155,0.0,0,0,0.0,0.0
[풍기읍],139445,5,철쭉,,65.0,29.23,96.66,25.22,83.4,6,,,,,,,,,3,2,계단식,96,6.0,5.0,https://new.land.naver.com/complexes/139445?tab=detail&rf=Y,경상북도 영주시 풍기읍 성내리 211-6,경상북도,영주시,풍기읍,,,경상북도 영주시 기주로 155,0.0,0,0,0.0,0.0
[풍기읍],139891,1,"가든하이츠,장미",1991.05.,74.0,18.44,60.99,16.56,54.75,20,,,,,,,,,2,1,계단식,60,5.0,4.0,https://new.land.naver.com/complexes/139891?tab=detail&rf=Y,경상북도 영주시 풍기읍 서부리 28,경상북도,영주시,풍기읍,,,경상북도 영주시 금계로10번길 19,0.0,0,0,0.0,0.0
[풍기읍],139891,2,"가든하이츠,장미",1991.05.,74.0,21.56,71.28,19.55,64.65,24,,,,,,,,,3,1,계단식,71B,5.0,4.0,https://new.land.naver.com/complexes/139891?tab=detail&rf=Y,경상북도 영주시 풍기읍 서부리 28,경상북도,영주시,풍기읍,,,경상북도 영주시 금계로10번길 19,0.0,0,0,0.0,0.0
[풍기읍],139891,3,"가든하이츠,장미",1991.05.,74.0,21.84,72.21,18.06,59.73,5,,,,,,,,,3,1,계단식,72A,5.0,4.0,https://new.land.naver.com/complexes/139891?tab=detail&rf=Y,경상북도 영주시 풍기읍 서부리 28,경상북도,영주시,풍기읍,,,경상북도 영주시 금계로10번길 19,0.0,0,0,0.0,0.0
[풍기읍],139891,4,"가든하이츠,장미",1991.05.,74.0,25.04,82.8,23.01,76.08,20,,,,,,,,,3,2,계단식,82,5.0,4.0,https://new.land.naver.com/complexes/139891?tab=detail&rf=Y,경상북도 영주시 풍기읍 서부리 28,경상북도,영주시,풍기읍,,,경상북도 영주시 금계로10번길 19,0.0,0,0,0.0,0.0
[풍기읍],139891,5,"가든하이츠,장미",1991.05.,74.0,29.69,98.16,25.62,84.72,5,,,,,,,,,3,2,계단식,98,5.0,4.0,https://new.land.naver.com/complexes/139891?tab=detail&rf=Y,경상북도 영주시 풍기읍 서부리 28,경상북도,영주시,풍기읍,,,경상북도 영주시 금계로10번길 19,0.0,0,0,0.0,0.0
[풍기읍],123916,1,풍기코아루,2020.03.,111.0,30.97,102.39,23.43,77.46,42,,,,,,,,,3,2,계단식,102A,15.0,15.0,https://new.land.naver.com/complexes/123916?tab=detail&rf=Y,경상북도 영주시 풍기읍 동부리 593,경상북도,영주시,풍기읍,,,경상북도 영주시 기주로 7,0.0,0,0,165.0,1.49
[풍기읍],123916,2,풍기코아루,2020.03.,111.0,34.17,112.98,25.7,84.99,56,,,,,,,,,3,2,계단식,112C,15.0,15.0,https://new.land.naver.com/complexes/123916?tab=detail&rf=Y,경상북도 영주시 풍기읍 동부리 593,경상북도,영주시,풍기읍,,,경상북도 영주시 기주로 7,0.0,0,0,165.0,1.49
[풍기읍],123916,3,풍기코아루,2020.03.,111.0,34.17,112.98,25.7,84.99,13,,,,,,,,,3,2,계단식,112B,15.0,15.0,https://new.land.naver.com/complexes/123916?tab=detail&rf=Y,경상북도 영주시 풍기읍 동부리 593,경상북도,영주시,풍기읍,,,경상북도 영주시 기주로 7,0.0,0,0,165.0,1.49
[풍기읍],6647,1,풍기우신강변타운,1995.09.,82.0,22.0,72.73,18.05,59.7,30,,,,,,,,,2,1,계단식,72,15.0,7.0,https://new.land.naver.com/complexes/6647?tab=detail&rf=Y,경상북도 영주시 풍기읍 성내리 134-1,경상북도,영주시,풍기읍,,,경상북도 영주시 남원로 136,0.0,226,22,50.0,0.61
[풍기읍],6647,2,풍기우신강변타운,1995.09.,82.0,25.03,82.77,21.09,69.74,22,,,,,,,,,3,1,계단식,82,15.0,7.0,https://new.land.naver.com/complexes/6647?tab=detail&rf=Y,경상북도 영주시 풍기읍 성내리 134-1,경상북도,영주시,풍기읍,,,경상북도 영주시 남원로 136,0.0,226,22,50.0,0.61
[풍기읍],6647,3,풍기우신강변타운,1995.09.,82.0,29.46,97.4,25.52,84.37,30,,,,,,,,,3,1,계단식,97,15.0,7.0,https://new.land.naver.com/complexes/6647?tab=detail&rf=Y,경상북도 영주시 풍기읍 성내리 134-1,경상북도,영주시,풍기읍,,,경상북도 영주시 남원로 136,0.0,226,22,50.0,0.61
[하망동],6660,1,코오롱1차,1991.03.,209.0,19.09,63.12,17.06,56.4,20,,,,,,,,,2,1,계단식,63,5.0,5.0,https://new.land.naver.com/complexes/6660?tab=detail&rf=Y,경상북도 영주시 하망동 276-1,경상북도,영주시,하망동,,,경상북도 영주시 영주로 299,0.0,0,0,0.0,0.0
[하망동],6660,2,코오롱1차,1991.03.,209.0,19.87,65.69,17.83,58.95,60,,,,,,,,,2,1,계단식,65,5.0,5.0,https://new.land.naver.com/complexes/6660?tab=detail&rf=Y,경상북도 영주시 하망동 276-1,경상북도,영주시,하망동,,,경상북도 영주시 영주로 299,0.0,0,0,0.0,0.0
[하망동],6660,3,코오롱1차,1991.03.,209.0,21.42,70.84,19.37,64.05,19,,,,,,,,,2,1,계단식,70,5.0,5.0,https://new.land.naver.com/complexes/6660?tab=detail&rf=Y,경상북도 영주시 하망동 276-1,경상북도,영주시,하망동,,,경상북도 영주시 영주로 299,0.0,0,0,0.0,0.0
[하망동],6660,4,코오롱1차,1991.03.,209.0,21.52,71.17,19.47,64.38,40,,,,,,,,,2,1,계단식,71A,5.0,5.0,https://new.land.naver.com/complexes/6660?tab=detail&rf=Y,경상북도 영주시 하망동 276-1,경상북도,영주시,하망동,,,경상북도 영주시 영주로 299,0.0,0,0,0.0,0.0
[하망동],6660,5,코오롱1차,1991.03.,209.0,22.3,73.74,20.24,66.93,40,,,,,,,,,2,1,계단식,73B,5.0,5.0,https://new.land.naver.com/complexes/6660?tab=detail&rf=Y,경상북도 영주시 하망동 276-1,경상북도,영주시,하망동,,,경상북도 영주시 영주로 299,0.0,0,0,0.0,0.0
[하망동],6660,6,코오롱1차,1991.03.,209.0,23.96,79.22,21.88,72.36,20,,,,,,,,,3,1,계단식,79,5.0,5.0,https://new.land.naver.com/complexes/6660?tab=detail&rf=Y,경상북도 영주시 하망동 276-1,경상북도,영주시,하망동,,,경상북도 영주시 영주로 299,0.0,0,0,0.0,0.0
[하망동],6660,7,코오롱1차,1991.03.,209.0,27.42,90.65,25.31,83.69,10,,,,,,,,,3,1,계단식,90,5.0,5.0,https://new.land.naver.com/complexes/6660?tab=detail&rf=Y,경상북도 영주시 하망동 276-1,경상북도,영주시,하망동,,,경상북도 영주시 영주로 299,0.0,0,0,0.0,0.0
[하망동],6667,1,코오롱2차,1992.05.,205.0,27.23,90.02,21.4,70.76,55,,,,,,,,,3,2,계단식,90,15.0,12.0,https://new.land.naver.com/complexes/6667?tab=detail&rf=Y,경상북도 영주시 하망동 276-23,경상북도,영주시,하망동,,,경상북도 영주시 영주로 301,0.0,0,0,0.0,0.0
[하망동],6667,2,코오롱2차,1992.05.,205.0,30.49,100.82,24.82,82.08,14,,,,,,,,,3,2,계단식,100,15.0,12.0,https://new.land.naver.com/complexes/6667?tab=detail&rf=Y,경상북도 영주시 하망동 276-23,경상북도,영주시,하망동,,,경상북도 영주시 영주로 301,0.0,0,0,0.0,0.0
[하망동],6667,3,코오롱2차,1992.05.,205.0,31.54,104.27,25.68,84.9,136,,,,,,,,,3,2,계단식,104,15.0,12.0,https://new.land.naver.com/complexes/6667?tab=detail&rf=Y,경상북도 영주시 하망동 276-23,경상북도,영주시,하망동,,,경상북도 영주시 영주로 301,0.0,0,0,0.0,0.0
[하망동],15944,1,하망화성,1997.12.,126.0,20.06,66.34,18.1,59.84,102,,,,,,,,,3,1,계단식,66,6.0,6.0,https://new.land.naver.com/complexes/15944?tab=detail&rf=Y,경상북도 영주시 하망동 75,경상북도,영주시,하망동,,,경상북도 영주시 향교길 149,0.0,133,29,98.0,0.78
[하망동],15944,2,하망화성,1997.12.,126.0,27.77,91.81,25.64,84.79,24,,,,,,,,,3,2,계단식,91,6.0,6.0,https://new.land.naver.com/complexes/15944?tab=detail&rf=Y,경상북도 영주시 하망동 75,경상북도,영주시,하망동,,,경상북도 영주시 향교길 149,0.0,133,29,98.0,0.78
[하망동],100831,1,훼밀리타운,2004.06.,64.0,10.13,33.5,7.73,25.56,56,,,,,,,,,2,1,복도식,33B,8.0,3.0,https://new.land.naver.com/complexes/100831?tab=detail&rf=Y,경상북도 영주시 하망동 334-32,경상북도,영주시,하망동,,,경상북도 영주시 번영로124번길 17,0.0,208,38,20.0,0.31
[하망동],100831,2,훼밀리타운,2004.06.,64.0,10.05,33.25,7.4,24.48,6,,,,,,,,,2,1,계단식,33A,8.0,3.0,https://new.land.naver.com/complexes/100831?tab=detail&rf=Y,경상북도 영주시 하망동 334-32,경상북도,영주시,하망동,,,경상북도 영주시 번영로124번길 17,0.0,208,38,20.0,0.31
[하망동],100831,3,훼밀리타운,2004.06.,64.0,12.12,40.09,8.92,29.52,2,,,,,,,,,2,1,복도식,40,8.0,3.0,https://new.land.naver.com/complexes/100831?tab=detail&rf=Y,경상북도 영주시 하망동 334-32,경상북도,영주시,하망동,,,경상북도 영주시 번영로124번길 17,0.0,208,38,20.0,0.31
[하망동],100829,1,청구하이츠,2003.01.,504.0,22.65,74.88,18.14,59.97,144,,,,,,,,,3,2,계단식,74,18.0,18.0,https://new.land.naver.com/complexes/100829?tab=detail&rf=Y,경상북도 영주시 하망동 524-1,경상북도,영주시,하망동,,,경상북도 영주시 영주로 334,0.0,162,14,508.0,1.01
[하망동],100829,2,청구하이츠,2003.01.,504.0,27.96,92.44,22.99,76.03,108,,,,,,,,,3,2,계단식,92,18.0,18.0,https://new.land.naver.com/complexes/100829?tab=detail&rf=Y,경상북도 영주시 하망동 524-1,경상북도,영주시,하망동,,,경상북도 영주시 영주로 334,0.0,162,14,508.0,1.01
[하망동],100829,3,청구하이츠,2003.01.,504.0,30.64,101.29,25.67,84.89,216,,,,,,,,,3,2,계단식,101,18.0,18.0,https://new.land.naver.com/complexes/100829?tab=detail&rf=Y,경상북도 영주시 하망동 524-1,경상북도,영주시,하망동,,,경상북도 영주시 영주로 334,0.0,162,14,508.0,1.01
[하망동],100829,4,청구하이츠,2003.01.,504.0,40.76,134.77,36.07,119.24,36,,,,,,,,,4,2,계단식,134,18.0,18.0,https://new.land.naver.com/complexes/100829?tab=detail&rf=Y,경상북도 영주시 하망동 524-1,경상북도,영주시,하망동,,,경상북도 영주시 영주로 334,0.0,162,14,508.0,1.01
[하망동],144635,1,로얄황제맨션,1991.10.,30.0,27.56,91.14,25.53,84.42,30,,,,,,,,,3,2,계단식,91,5.0,5.0,https://new.land.naver.com/complexes/144635?tab=detail&rf=Y,경상북도 영주시 하망동 337-1,경상북도,영주시,하망동,,,경상북도 영주시 번영로124번길 15,0.0,0,0,0.0,0.0
[하망동],110253,1,명성방산,2001.12.,150.0,16.91,55.91,13.74,45.45,60,,,,,,,,,2,1,계단식,55,6.0,6.0,https://new.land.naver.com/complexes/110253?tab=detail&rf=Y,경상북도 영주시 하망동 83,경상북도,영주시,하망동,,,경상북도 영주시 향교길 108-23,0.0,118,22,107.0,0.71
[하망동],110253,2,명성방산,2001.12.,150.0,21.3,70.42,18.1,59.84,90,,,,,,,,,3,1,계단식,70,6.0,6.0,https://new.land.naver.com/complexes/110253?tab=detail&rf=Y,경상북도 영주시 하망동 83,경상북도,영주시,하망동,,,경상북도 영주시 향교길 108-23,0.0,118,22,107.0,0.71
[하망동],6673,1,효자마을,1998.12.,149.0,25.09,82.96,24.92,82.4,91,,,,,,,,,3,1,계단식,82A,6.0,4.0,https://new.land.naver.com/complexes/6673?tab=detail&rf=Y,경상북도 영주시 하망동 546-10,경상북도,영주시,하망동,,,경상북도 영주시 번영로102번길 25-10,0.0,139,30,153.0,1.03
[하망동],6673,2,효자마을,1998.12.,149.0,25.99,85.95,24.08,79.61,12,,,,,,,,,3,1,계단식,85A,6.0,4.0,https://new.land.naver.com/complexes/6673?tab=detail&rf=Y,경상북도 영주시 하망동 546-10,경상북도,영주시,하망동,,,경상북도 영주시 번영로102번길 25-10,0.0,139,30,153.0,1.03
[하망동],6673,3,효자마을,1998.12.,149.0,25.99,85.95,24.29,80.31,1,,,,,,,,,3,1,계단식,85B,6.0,4.0,https://new.land.naver.com/complexes/6673?tab=detail&rf=Y,경상북도 영주시 하망동 546-10,경상북도,영주시,하망동,,,경상북도 영주시 번영로102번길 25-10,0.0,139,30,153.0,1.03
[하망동],6673,4,효자마을,1998.12.,149.0,27.0,89.26,24.68,81.59,9,,,,,,,,,3,1,계단식,89B,6.0,4.0,https://new.land.naver.com/complexes/6673?tab=detail&rf=Y,경상북도 영주시 하망동 546-10,경상북도,영주시,하망동,,,경상북도 영주시 번영로102번길 25-10,0.0,139,30,153.0,1.03
[하망동],6673,5,효자마을,1998.12.,149.0,32.99,109.09,30.09,99.5,36,,,,,,,,,3,2,계단식,109,6.0,4.0,https://new.land.naver.com/complexes/6673?tab=detail&rf=Y,경상북도 영주시 하망동 546-10,경상북도,영주시,하망동,,,경상북도 영주시 번영로102번길 25-10,0.0,139,30,153.0,1.03
[하망동],6655,1,영남동산1차,1995.02.,119.0,20.2,66.78,18.07,59.76,71,,,,,,,,,2,1,계단식,66,6.0,6.0,https://new.land.naver.com/complexes/6655?tab=detail&rf=Y,경상북도 영주시 하망동 88,경상북도,영주시,하망동,,,경상북도 영주시 원당로223번길 57,0.0,200,41,59.0,0.5
[하망동],6655,2,영남동산1차,1995.02.,119.0,24.56,81.21,22.32,73.8,24,,,,,,,,,3,1,계단식,81,6.0,6.0,https://new.land.naver.com/complexes/6655?tab=detail&rf=Y,경상북도 영주시 하망동 88,경상북도,영주시,하망동,,,경상북도 영주시 원당로223번길 57,0.0,200,41,59.0,0.5
[하망동],6655,3,영남동산1차,1995.02.,119.0,27.28,90.21,25.04,82.8,24,,,,,,,,,3,1,계단식,90,6.0,6.0,https://new.land.naver.com/complexes/6655?tab=detail&rf=Y,경상북도 영주시 하망동 88,경상북도,영주시,하망동,,,경상북도 영주시 원당로223번길 57,0.0,200,41,59.0,0.5
[하망동],15943,1,영남동산2차,1996.08.,99.0,15.71,51.95,12.84,42.45,28,,,,,,,,,1,1,계단식,51B,6.0,5.0,https://new.land.naver.com/complexes/15943?tab=detail&rf=Y,경상북도 영주시 하망동 96-1,경상북도,영주시,하망동,,,경상북도 영주시 향교길 108-12,0.0,165,38,37.0,0.37
[하망동],15943,2,영남동산2차,1996.08.,99.0,15.78,52.18,13.81,45.68,1,,,,,,,,,1,1,계단식,52A,6.0,5.0,https://new.land.naver.com/complexes/15943?tab=detail&rf=Y,경상북도 영주시 하망동 96-1,경상북도,영주시,하망동,,,경상북도 영주시 향교길 108-12,0.0,165,38,37.0,0.37
[하망동],15943,3,영남동산2차,1996.08.,99.0,16.38,54.17,13.38,44.25,30,,,,,,,,,1,1,계단식,54C,6.0,5.0,https://new.land.naver.com/complexes/15943?tab=detail&rf=Y,경상북도 영주시 하망동 96-1,경상북도,영주시,하망동,,,경상북도 영주시 향교길 108-12,0.0,165,38,37.0,0.37
[하망동],15943,4,영남동산2차,1996.08.,99.0,18.46,61.04,15.08,49.87,12,,,,,,,,,1,1,계단식,61,6.0,5.0,https://new.land.naver.com/complexes/15943?tab=detail&rf=Y,경상북도 영주시 하망동 96-1,경상북도,영주시,하망동,,,경상북도 영주시 향교길 108-12,0.0,165,38,37.0,0.37
[하망동],15943,5,영남동산2차,1996.08.,99.0,20.06,66.34,18.1,59.84,23,,,,,,,,,3,2,계단식,66,6.0,5.0,https://new.land.naver.com/complexes/15943?tab=detail&rf=Y,경상북도 영주시 하망동 96-1,경상북도,영주시,하망동,,,경상북도 영주시 향교길 108-12,0.0,165,38,37.0,0.37
[하망동],15943,6,영남동산2차,1996.08.,99.0,20.94,69.25,17.11,56.57,5,,,,,,,,,2,1,계단식,69,6.0,5.0,https://new.land.naver.com/complexes/15943?tab=detail&rf=Y,경상북도 영주시 하망동 96-1,경상북도,영주시,하망동,,,경상북도 영주시 향교길 108-12,0.0,165,38,37.0,0.37
[하망동],108844,1,스카이타운,2009.02.,116.0,28.69,94.87,25.46,84.17,44,,,,,,,,,3,2,계단식,94B,14.0,7.0,https://new.land.naver.com/complexes/108844?tab=detail&rf=Y,경상북도 영주시 하망동 366-1,경상북도,영주시,하망동,,,경상북도 영주시 번영로 128,0.0,545,74,130.0,1.12
[하망동],108844,2,스카이타운,2009.02.,116.0,28.81,95.27,25.39,83.94,11,,,,,,,,,3,2,계단식,95A,14.0,7.0,https://new.land.naver.com/complexes/108844?tab=detail&rf=Y,경상북도 영주시 하망동 366-1,경상북도,영주시,하망동,,,경상북도 영주시 번영로 128,0.0,545,74,130.0,1.12
[하망동],108844,3,스카이타운,2009.02.,116.0,31.42,103.87,25.7,84.96,11,,,,,,,,,3,2,계단식,103B,14.0,7.0,https://new.land.naver.com/complexes/108844?tab=detail&rf=Y,경상북도 영주시 하망동 366-1,경상북도,영주시,하망동,,,경상북도 영주시 번영로 128,0.0,545,74,130.0,1.12
[하망동],108844,4,스카이타운,2009.02.,116.0,31.35,103.65,25.64,84.78,4,,,,,,,,,3,2,계단식,103A,14.0,7.0,https://new.land.naver.com/complexes/108844?tab=detail&rf=Y,경상북도 영주시 하망동 366-1,경상북도,영주시,하망동,,,경상북도 영주시 번영로 128,0.0,545,74,130.0,1.12
[하망동],108844,5,스카이타운,2009.02.,116.0,38.87,128.52,31.79,105.12,7,,,,,,,,,3,2,계단식,128A,14.0,7.0,https://new.land.naver.com/complexes/108844?tab=detail&rf=Y,경상북도 영주시 하망동 366-1,경상북도,영주시,하망동,,,경상북도 영주시 번영로 128,0.0,545,74,130.0,1.12
[하망동],108844,6,스카이타운,2009.02.,116.0,39.03,129.03,31.92,105.54,4,,,,,,,,,3,2,계단식,129B,14.0,7.0,https://new.land.naver.com/complexes/108844?tab=detail&rf=Y,경상북도 영주시 하망동 366-1,경상북도,영주시,하망동,,,경상북도 영주시 번영로 128,0.0,545,74,130.0,1.12
[하망동],108844,7,스카이타운,2009.02.,116.0,46.64,154.21,41.1,135.87,11,,,,,,,,,4,2,계단식,154,14.0,7.0,https://new.land.naver.com/complexes/108844?tab=detail&rf=Y,경상북도 영주시 하망동 366-1,경상북도,영주시,하망동,,,경상북도 영주시 번영로 128,0.0,545,74,130.0,1.12
[하망동],108844,8,스카이타운,2009.02.,116.0,50.79,167.93,40.26,133.11,22,,,,,,,,,4,2,계단식,167,14.0,7.0,https://new.land.naver.com/complexes/108844?tab=detail&rf=Y,경상북도 영주시 하망동 366-1,경상북도,영주시,하망동,,,경상북도 영주시 번영로 128,0.0,545,74,130.0,1.12
[하망동],108844,9,스카이타운,2009.02.,116.0,57.69,190.72,51.02,168.67,1,,,,,,,,,4,2,계단식,190,14.0,7.0,https://new.land.naver.com/complexes/108844?tab=detail&rf=Y,경상북도 영주시 하망동 366-1,경상북도,영주시,하망동,,,경상북도 영주시 번영로 128,0.0,545,74,130.0,1.12
[하망동],108844,10,스카이타운,2009.02.,116.0,59.89,197.99,53.13,175.66,1,,,,,,,,,5,2,계단식,197,14.0,7.0,https://new.land.naver.com/complexes/108844?tab=detail&rf=Y,경상북도 영주시 하망동 366-1,경상북도,영주시,하망동,,,경상북도 영주시 번영로 128,0.0,545,74,130.0,1.12
[하망동],142955,1,엘리트빌,2011.09.,14.0,39.49,130.55,35.05,115.9,14,,,,,,,,,3,2,계단식,130,8.0,8.0,https://new.land.naver.com/complexes/142955?tab=detail&rf=Y,경상북도 영주시 하망동 315-3,경상북도,영주시,하망동,,,경상북도 영주시 광복로92번길 8,0.0,353,61,11.0,0.79
[하망동],142848,1,화성타운1차,1996.06.,54.0,19.73,65.24,15.83,52.35,30,,,,,,,,,3,1,계단식,65A,6.0,6.0,https://new.land.naver.com/complexes/142848?tab=detail&rf=Y,경상북도 영주시 하망동 71-1,경상북도,영주시,하망동,,,경상북도 영주시 향교길 173,0.0,130,26,0.0,0.0
[하망동],142848,2,화성타운1차,1996.06.,54.0,19.99,66.11,18.11,59.87,24,,,,,,,,,3,1,계단식,66B,6.0,6.0,https://new.land.naver.com/complexes/142848?tab=detail&rf=Y,경상북도 영주시 하망동 71-1,경상북도,영주시,하망동,,,경상북도 영주시 향교길 173,0.0,130,26,0.0,0.0
[휴천동],6714,1,주공,1980.10.,260.0,12.13,40.12,12.13,40.12,12,,,,,,,,,2,1,복도식,40,5.0,5.0,https://new.land.naver.com/complexes/6714?tab=detail&rf=Y,경상북도 영주시 휴천동 392,경상북도,영주시,휴천동,,,경상북도 영주시 구성로188번길 27,0.0,0,0,130.0,0.5
[휴천동],6714,2,주공,1980.10.,260.0,12.7,41.99,12.7,41.99,130,,,,,,,,,2,1,계단식,41B,5.0,5.0,https://new.land.naver.com/complexes/6714?tab=detail&rf=Y,경상북도 영주시 휴천동 392,경상북도,영주시,휴천동,,,경상북도 영주시 구성로188번길 27,0.0,0,0,130.0,0.5
[휴천동],6714,3,주공,1980.10.,260.0,12.57,41.56,12.57,41.56,40,,,,,,,,,2,1,복도식,41A,5.0,5.0,https://new.land.naver.com/complexes/6714?tab=detail&rf=Y,경상북도 영주시 휴천동 392,경상북도,영주시,휴천동,,,경상북도 영주시 구성로188번길 27,0.0,0,0,130.0,0.5
[휴천동],6714,4,주공,1980.10.,260.0,12.87,42.55,12.87,42.55,40,,,,,,,,,2,1,복도식,42D,5.0,5.0,https://new.land.naver.com/complexes/6714?tab=detail&rf=Y,경상북도 영주시 휴천동 392,경상북도,영주시,휴천동,,,경상북도 영주시 구성로188번길 27,0.0,0,0,130.0,0.5
[휴천동],6714,5,주공,1980.10.,260.0,12.74,42.12,12.74,42.12,38,,,,,,,,,2,1,복도식,42C,5.0,5.0,https://new.land.naver.com/complexes/6714?tab=detail&rf=Y,경상북도 영주시 휴천동 392,경상북도,영주시,휴천동,,,경상북도 영주시 구성로188번길 27,0.0,0,0,130.0,0.5
[휴천동],6764,1,현대동산,1997.12.,467.0,22.63,74.81,18.02,59.59,383,,,,,,,,,3,1,계단식,74,21.0,8.0,https://new.land.naver.com/complexes/6764?tab=detail&rf=Y,경상북도 영주시 휴천동 168,경상북도,영주시,휴천동,,,경상북도 영주시 남간로 38-10,0.0,205,19,332.0,0.71
[휴천동],6764,2,현대동산,1997.12.,467.0,27.98,92.51,23.36,77.23,84,,,,,,,,,3,1,계단식,92,21.0,8.0,https://new.land.naver.com/complexes/6764?tab=detail&rf=Y,경상북도 영주시 휴천동 168,경상북도,영주시,휴천동,,,경상북도 영주시 남간로 38-10,0.0,205,19,332.0,0.71
[휴천동],6720,1,휴천현대2차,1996.06.,364.0,22.2,73.41,17.96,59.4,162,,,,,,,,,3,1,계단식,73,18.0,8.0,https://new.land.naver.com/complexes/6720?tab=detail&rf=Y,경상북도 영주시 휴천동 452,경상북도,영주시,휴천동,,,경상북도 영주시 지천로50번길 38,0.0,0,0,375.0,1.03
[휴천동],6720,2,휴천현대2차,1996.06.,364.0,27.91,92.27,22.56,74.58,60,,,,,,,,,3,1,계단식,92,18.0,8.0,https://new.land.naver.com/complexes/6720?tab=detail&rf=Y,경상북도 영주시 휴천동 452,경상북도,영주시,휴천동,,,경상북도 영주시 지천로50번길 38,0.0,0,0,375.0,1.03
[휴천동],6720,3,휴천현대2차,1996.06.,364.0,30.98,102.42,25.58,84.58,125,,,,,,,,,3,1,계단식,102B,18.0,8.0,https://new.land.naver.com/complexes/6720?tab=detail&rf=Y,경상북도 영주시 휴천동 452,경상북도,영주시,휴천동,,,경상북도 영주시 지천로50번길 38,0.0,0,0,375.0,1.03
[휴천동],6720,4,휴천현대2차,1996.06.,364.0,30.87,102.08,25.32,83.71,17,,,,,,,,,3,2,계단식,102A,18.0,8.0,https://new.land.naver.com/complexes/6720?tab=detail&rf=Y,경상북도 영주시 휴천동 452,경상북도,영주시,휴천동,,,경상북도 영주시 지천로50번길 38,0.0,0,0,375.0,1.03
[휴천동],6704,1,남산현대,1998.08.,931.0,22.68,74.99,18.07,59.76,450,,,,,,,,,3,1,계단식,74A,20.0,11.0,https://new.land.naver.com/complexes/6704?tab=detail&rf=Y,경상북도 영주시 휴천동 1777,경상북도,영주시,휴천동,,,경상북도 영주시 구성로142번길 20,0.0,247,18,711.0,0.76
[휴천동],6704,2,남산현대,1998.08.,931.0,22.69,75.01,18.07,59.76,1,,,,,,,,,3,1,계단식,75B,20.0,11.0,https://new.land.naver.com/complexes/6704?tab=detail&rf=Y,경상북도 영주시 휴천동 1777,경상북도,영주시,휴천동,,,경상북도 영주시 구성로142번길 20,0.0,247,18,711.0,0.76
[휴천동],6704,3,남산현대,1998.08.,931.0,27.31,90.31,22.78,75.33,240,,,,,,,,,3,2,계단식,90,20.0,11.0,https://new.land.naver.com/complexes/6704?tab=detail&rf=Y,경상북도 영주시 휴천동 1777,경상북도,영주시,휴천동,,,경상북도 영주시 구성로142번길 20,0.0,247,18,711.0,0.76
[휴천동],6704,4,남산현대,1998.08.,931.0,30.23,99.94,25.7,84.96,240,,,,,,,,,3,2,계단식,99,20.0,11.0,https://new.land.naver.com/complexes/6704?tab=detail&rf=Y,경상북도 영주시 휴천동 1777,경상북도,영주시,휴천동,,,경상북도 영주시 구성로142번길 20,0.0,247,18,711.0,0.76
[휴천동],22547,1,영주석미모닝파크,2005.10.,137.0,33.27,110.0,25.47,84.23,97,,,,,,,,,3,2,계단식,110,10.0,10.0,https://new.land.naver.com/complexes/22547?tab=detail&rf=Y,경상북도 영주시 휴천동 706-3,경상북도,영주시,휴천동,,,경상북도 영주시 남간로 17,0.0,168,20,157.0,1.15
[휴천동],22547,2,영주석미모닝파크,2005.10.,137.0,45.34,149.89,35.48,117.32,40,,,,,,,,,3,2,계단식,149,10.0,10.0,https://new.land.naver.com/complexes/22547?tab=detail&rf=Y,경상북도 영주시 휴천동 706-3,경상북도,영주시,휴천동,,,경상북도 영주시 남간로 17,0.0,168,20,157.0,1.15
[휴천동],6758,1,현대대영,1994.06.,406.0,22.3,73.72,18.12,59.92,178,,,,,,,,,3,1,계단식,73,15.0,9.0,https://new.land.naver.com/complexes/6758?tab=detail&rf=Y,경상북도 영주시 휴천동 419,경상북도,영주시,휴천동,,,경상북도 영주시 구성로 160-18,0.0,214,22,240.0,0.59
[휴천동],6758,2,현대대영,1994.06.,406.0,29.15,96.38,25.69,84.95,188,,,,,,,,,3,2,계단식,96,15.0,9.0,https://new.land.naver.com/complexes/6758?tab=detail&rf=Y,경상북도 영주시 휴천동 419,경상북도,영주시,휴천동,,,경상북도 영주시 구성로 160-18,0.0,214,22,240.0,0.59
[휴천동],6758,3,현대대영,1994.06.,406.0,41.84,138.32,38.14,126.1,40,,,,,,,,,4,2,계단식,138,15.0,9.0,https://new.land.naver.com/complexes/6758?tab=detail&rf=Y,경상북도 영주시 휴천동 419,경상북도,영주시,휴천동,,,경상북도 영주시 구성로 160-18,0.0,214,22,240.0,0.59
[휴천동],131603,1,센터리움,2017.07.,14.0,32.5,107.44,24.96,82.52,7,,,,,,,,,3,2,계단식,107A,8.0,8.0,https://new.land.naver.com/complexes/131603?tab=detail&rf=Y,경상북도 영주시 휴천동 491-3,경상북도,영주시,휴천동,,,경상북도 영주시 대학로35번길 12,0.0,256,43,17.0,1.21
[휴천동],131603,2,센터리움,2017.07.,14.0,32.71,108.16,25.12,83.07,7,,,,,,,,,3,2,계단식,108B,8.0,8.0,https://new.land.naver.com/complexes/131603?tab=detail&rf=Y,경상북도 영주시 휴천동 491-3,경상북도,영주시,휴천동,,,경상북도 영주시 대학로35번길 12,0.0,256,43,17.0,1.21
[휴천동],13157,1,늘봄,1991.06.,40.0,24.49,80.97,22.33,73.83,5,,,,,,,,,3,1,계단식,80,5.0,5.0,https://new.land.naver.com/complexes/13157?tab=detail&rf=Y,경상북도 영주시 휴천동 514-1,경상북도,영주시,휴천동,,,경상북도 영주시 지천로 75,0.0,0,0,0.0,0.0
[휴천동],13157,2,늘봄,1991.06.,40.0,24.59,81.3,22.43,74.16,15,,,,,,,,,3,1,계단식,81,5.0,5.0,https://new.land.naver.com/complexes/13157?tab=detail&rf=Y,경상북도 영주시 휴천동 514-1,경상북도,영주시,휴천동,,,경상북도 영주시 지천로 75,0.0,0,0,0.0,0.0
[휴천동],13157,3,늘봄,1991.06.,40.0,25.53,84.4,23.37,77.26,4,,,,,,,,,3,2,계단식,84,5.0,5.0,https://new.land.naver.com/complexes/13157?tab=detail&rf=Y,경상북도 영주시 휴천동 514-1,경상북도,영주시,휴천동,,,경상북도 영주시 지천로 75,0.0,0,0,0.0,0.0
[휴천동],13157,4,늘봄,1991.06.,40.0,27.85,92.07,25.69,84.93,16,,,,,,,,,3,2,계단식,92,5.0,5.0,https://new.land.naver.com/complexes/13157?tab=detail&rf=Y,경상북도 영주시 휴천동 514-1,경상북도,영주시,휴천동,,,경상북도 영주시 지천로 75,0.0,0,0,0.0,0.0
[휴천동],6687,1,개나리3차,1990.12.,160.0,17.88,59.13,16.11,53.28,50,,,,,,,,,3,1,계단식,59,5.0,5.0,https://new.land.naver.com/complexes/6687?tab=detail&rf=Y,경상북도 영주시 휴천동 412-35,경상북도,영주시,휴천동,,,경상북도 영주시 구성로148번길 31,0.0,0,0,0.0,0.0
[휴천동],6687,2,개나리3차,1990.12.,160.0,25.31,83.7,23.54,77.85,40,,,,,,,,,3,1,계단식,83,5.0,5.0,https://new.land.naver.com/complexes/6687?tab=detail&rf=Y,경상북도 영주시 휴천동 412-35,경상북도,영주시,휴천동,,,경상북도 영주시 구성로148번길 31,0.0,0,0,0.0,0.0
[휴천동],6687,3,개나리3차,1990.12.,160.0,25.94,85.77,24.17,79.92,70,,,,,,,,,3,1,계단식,85,5.0,5.0,https://new.land.naver.com/complexes/6687?tab=detail&rf=Y,경상북도 영주시 휴천동 412-35,경상북도,영주시,휴천동,,,경상북도 영주시 구성로148번길 31,0.0,0,0,0.0,0.0
[휴천동],6683,1,개나리맨션2차,1990.03.,60.0,23.7,78.36,21.69,71.73,60,,,,,,,,,3,1,계단식,78,5.0,5.0,https://new.land.naver.com/complexes/6683?tab=detail&rf=Y,경상북도 영주시 휴천동 411,경상북도,영주시,휴천동,,,경상북도 영주시 구성로150번길 31,0.0,0,0,0.0,0.0
[휴천동],139604,1,가든목화,1995.01.,48.0,23.66,78.23,18.15,60.0,24,,,,,,,,,3,2,계단식,78,6.0,6.0,https://new.land.naver.com/complexes/139604?tab=detail&rf=Y,경상북도 영주시 휴천동 682-1,경상북도,영주시,휴천동,,,경상북도 영주시 대동로222번길 14,0.0,168,34,34.0,0.71
[휴천동],139604,2,가든목화,1995.01.,48.0,27.78,91.85,25.66,84.83,24,,,,,,,,,3,2,계단식,91,6.0,6.0,https://new.land.naver.com/complexes/139604?tab=detail&rf=Y,경상북도 영주시 휴천동 682-1,경상북도,영주시,휴천동,,,경상북도 영주시 대동로222번길 14,0.0,168,34,34.0,0.71
[휴천동],106509,1,송림맨션,1991.08.,104.0,26.9,88.95,20.39,67.41,56,,,,,,,,,3,2,복도식,88,6.0,6.0,https://new.land.naver.com/complexes/106509?tab=detail&rf=Y,경상북도 영주시 휴천동 506-3,경상북도,영주시,휴천동,,,경상북도 영주시 지천로55번길 54,0.0,0,0,0.0,0.0
[휴천동],106509,2,송림맨션,1991.08.,104.0,29.83,98.63,23.54,77.82,48,,,,,,,,,3,2,계단식,98,6.0,6.0,https://new.land.naver.com/complexes/106509?tab=detail&rf=Y,경상북도 영주시 휴천동 506-3,경상북도,영주시,휴천동,,,경상북도 영주시 지천로55번길 54,0.0,0,0,0.0,0.0
[휴천동],127295,1,현대궁전맨션,1988.12.,140.0,19.32,63.9,17.04,56.34,20,,,,,,,,,3,2,계단식,63,5.0,5.0,https://new.land.naver.com/complexes/127295?tab=detail&rf=Y,경상북도 영주시 휴천동 662,경상북도,영주시,휴천동,,,경상북도 영주시 대동로 197-10,0.0,0,0,0.0,0.0
[휴천동],127295,2,현대궁전맨션,1988.12.,140.0,20.67,68.34,18.51,61.2,10,,,,,,,,,3,2,계단식,68,5.0,5.0,https://new.land.naver.com/complexes/127295?tab=detail&rf=Y,경상북도 영주시 휴천동 662,경상북도,영주시,휴천동,,,경상북도 영주시 대동로 197-10,0.0,0,0,0.0,0.0
[휴천동],127295,3,현대궁전맨션,1988.12.,140.0,27.75,91.74,25.46,84.18,60,,,,,,,,,3,2,계단식,91A,5.0,5.0,https://new.land.naver.com/complexes/127295?tab=detail&rf=Y,경상북도 영주시 휴천동 662,경상북도,영주시,휴천동,,,경상북도 영주시 대동로 197-10,0.0,0,0,0.0,0.0
[휴천동],127295,4,현대궁전맨션,1988.12.,140.0,27.76,91.8,25.6,84.66,30,,,,,,,,,3,2,계단식,91C,5.0,5.0,https://new.land.naver.com/complexes/127295?tab=detail&rf=Y,경상북도 영주시 휴천동 662,경상북도,영주시,휴천동,,,경상북도 영주시 대동로 197-10,0.0,0,0,0.0,0.0
[휴천동],127295,5,현대궁전맨션,1988.12.,140.0,27.69,91.56,25.53,84.42,10,,,,,,,,,3,2,계단식,91B,5.0,5.0,https://new.land.naver.com/complexes/127295?tab=detail&rf=Y,경상북도 영주시 휴천동 662,경상북도,영주시,휴천동,,,경상북도 영주시 대동로 197-10,0.0,0,0,0.0,0.0
[휴천동],127295,6,현대궁전맨션,1988.12.,140.0,30.51,100.89,25.61,84.69,10,,,,,,,,,3,2,계단식,100,5.0,5.0,https://new.land.naver.com/complexes/127295?tab=detail&rf=Y,경상북도 영주시 휴천동 662,경상북도,영주시,휴천동,,,경상북도 영주시 대동로 197-10,0.0,0,0,0.0,0.0
[휴천동],139631,1,현대삼호,1987.12.,76.0,22.95,75.9,20.92,69.18,8,,,,,,,,,3,1,계단식,75,4.0,4.0,https://new.land.naver.com/complexes/139631?tab=detail&rf=Y,경상북도 영주시 휴천동 670,경상북도,영주시,휴천동,,,경상북도 영주시 대동로215번길 87,0.0,0,0,0.0,0.0
[휴천동],139631,2,현대삼호,1987.12.,76.0,24.91,82.36,22.88,75.64,24,,,,,,,,,3,2,복도식,82,4.0,4.0,https://new.land.naver.com/complexes/139631?tab=detail&rf=Y,경상북도 영주시 휴천동 670,경상북도,영주시,휴천동,,,경상북도 영주시 대동로215번길 87,0.0,0,0,0.0,0.0
[휴천동],139631,3,현대삼호,1987.12.,76.0,26.35,87.12,24.19,79.98,8,,,,,,,,,3,2,계단식,87,4.0,4.0,https://new.land.naver.com/complexes/139631?tab=detail&rf=Y,경상북도 영주시 휴천동 670,경상북도,영주시,휴천동,,,경상북도 영주시 대동로215번길 87,0.0,0,0,0.0,0.0
[휴천동],139631,4,현대삼호,1987.12.,76.0,27.28,90.19,25.24,83.47,12,,,,,,,,,3,2,계단식,90B,4.0,4.0,https://new.land.naver.com/complexes/139631?tab=detail&rf=Y,경상북도 영주시 휴천동 670,경상북도,영주시,휴천동,,,경상북도 영주시 대동로215번길 87,0.0,0,0,0.0,0.0
[휴천동],139631,5,현대삼호,1987.12.,76.0,27.27,90.18,25.24,83.46,8,,,,,,,,,3,2,계단식,90A,4.0,4.0,https://new.land.naver.com/complexes/139631?tab=detail&rf=Y,경상북도 영주시 휴천동 670,경상북도,영주시,휴천동,,,경상북도 영주시 대동로215번길 87,0.0,0,0,0.0,0.0
[휴천동],139631,6,현대삼호,1987.12.,76.0,27.56,91.11,25.52,84.39,16,,,,,,,,,3,2,복도식,91,4.0,4.0,https://new.land.naver.com/complexes/139631?tab=detail&rf=Y,경상북도 영주시 휴천동 670,경상북도,영주시,휴천동,,,경상북도 영주시 대동로215번길 87,0.0,0,0,0.0,0.0
[휴천동],102462,1,세영첼시빌,2002.12.,476.0,22.83,75.5,18.14,59.99,90,,,,,,,,,2,1,계단식,75,15.0,15.0,https://new.land.naver.com/complexes/102462?tab=detail&rf=Y,경상북도 영주시 휴천동 1213,경상북도,영주시,휴천동,,,경상북도 영주시 남간로71번길 10,0.0,208,18,465.0,0.98
[휴천동],102462,2,세영첼시빌,2002.12.,476.0,28.58,94.49,22.91,75.75,120,,,,,,,,,3,1,계단식,94,15.0,15.0,https://new.land.naver.com/complexes/102462?tab=detail&rf=Y,경상북도 영주시 휴천동 1213,경상북도,영주시,휴천동,,,경상북도 영주시 남간로71번길 10,0.0,208,18,465.0,0.98
[휴천동],102462,3,세영첼시빌,2002.12.,476.0,31.4,103.81,25.69,84.93,266,,,,,,,,,3,2,계단식,103,15.0,15.0,https://new.land.naver.com/complexes/102462?tab=detail&rf=Y,경상북도 영주시 휴천동 1213,경상북도,영주시,휴천동,,,경상북도 영주시 남간로71번길 10,0.0,208,18,465.0,0.98
[휴천동],19729,1,화성라온빌,2005.07.,210.0,34.04,112.56,25.67,84.89,60,,,,,,,,,3,2,계단식,112,15.0,15.0,https://new.land.naver.com/complexes/19729?tab=detail&rf=Y,경상북도 영주시 휴천동 1980,경상북도,영주시,휴천동,,,경상북도 영주시 남간로71번길 46,0.0,184,18,219.0,1.04
[휴천동],19729,2,화성라온빌,2005.07.,210.0,36.15,119.53,25.69,84.93,120,,,,,,,,,3,2,계단식,119,15.0,15.0,https://new.land.naver.com/complexes/19729?tab=detail&rf=Y,경상북도 영주시 휴천동 1980,경상북도,영주시,휴천동,,,경상북도 영주시 남간로71번길 46,0.0,184,18,219.0,1.04
[휴천동],19729,3,화성라온빌,2005.07.,210.0,46.19,152.7,37.75,124.8,30,,,,,,,,,4,2,계단식,152,15.0,15.0,https://new.land.naver.com/complexes/19729?tab=detail&rf=Y,경상북도 영주시 휴천동 1980,경상북도,영주시,휴천동,,,경상북도 영주시 남간로71번길 46,0.0,184,18,219.0,1.04
[휴천동],6691,1,개나리4차,1991.12.,134.0,19.94,65.94,18.05,59.7,70,,,,,,,,,3,1,계단식,65,6.0,5.0,https://new.land.naver.com/complexes/6691?tab=detail&rf=Y,경상북도 영주시 휴천동 412-53,경상북도,영주시,휴천동,,,경상북도 영주시 구성로148번길 32,0.0,0,0,0.0,0.0
[휴천동],6691,2,개나리4차,1991.12.,134.0,23.74,78.48,21.85,72.24,40,,,,,,,,,3,1,복도식,78,6.0,5.0,https://new.land.naver.com/complexes/6691?tab=detail&rf=Y,경상북도 영주시 휴천동 412-53,경상북도,영주시,휴천동,,,경상북도 영주시 구성로148번길 32,0.0,0,0,0.0,0.0
[휴천동],6691,3,개나리4차,1991.12.,134.0,24.61,81.36,22.72,75.12,24,,,,,,,,,3,1,계단식,81,6.0,5.0,https://new.land.naver.com/complexes/6691?tab=detail&rf=Y,경상북도 영주시 휴천동 412-53,경상북도,영주시,휴천동,,,경상북도 영주시 구성로148번길 32,0.0,0,0,0.0,0.0
[휴천동],6719,1,휴천현대,1992.09.,907.0,25.8,85.29,22.53,74.5,405,,,,,,,,,3,1,계단식,85,15.0,13.0,https://new.land.naver.com/complexes/6719?tab=detail&rf=Y,경상북도 영주시 휴천동 456,경상북도,영주시,휴천동,,,경상북도 영주시 지천로 46,0.0,176,15,907.0,1.0
[휴천동],6719,2,휴천현대,1992.09.,907.0,29.4,97.21,25.68,84.92,501,,,,,,,,,3,2,계단식,97A,15.0,13.0,https://new.land.naver.com/complexes/6719?tab=detail&rf=Y,경상북도 영주시 휴천동 456,경상북도,영주시,휴천동,,,경상북도 영주시 지천로 46,0.0,176,15,907.0,1.0
[휴천동],6719,3,휴천현대,1992.09.,907.0,29.43,97.31,25.68,84.92,1,,,,,,,,,3,2,계단식,97B,15.0,13.0,https://new.land.naver.com/complexes/6719?tab=detail&rf=Y,경상북도 영주시 휴천동 456,경상북도,영주시,휴천동,,,경상북도 영주시 지천로 46,0.0,176,15,907.0,1.0
[휴천동],6680,1,개나리1차,1989.12.,30.0,27.44,90.73,25.44,84.1,30,,,,,,,,,3,1,계단식,90,5.0,5.0,https://new.land.naver.com/complexes/6680?tab=detail&rf=Y,경상북도 영주시 휴천동 495-4,경상북도,영주시,휴천동,,,경상북도 영주시 시청로1번길 46,0.0,0,0,0.0,0.0
