[금곡동],6056,1,경안타운,1995.06.,308.0,24.37,80.57,18.11,59.9,154,,,,,,,,,2,1,복도식,80,24.0,15.0,https://new.land.naver.com/complexes/6056?tab=detail&rf=Y,경상북도 안동시 금곡동 124-1,경상북도,안동시,금곡동,,,경상북도 안동시 제비원로 172,0.0,343,27,0.0,0.0
[금곡동],6056,2,경안타운,1995.06.,308.0,30.25,100.03,25.68,84.9,111,,,,,,,,,3,2,계단식,100B,24.0,15.0,https://new.land.naver.com/complexes/6056?tab=detail&rf=Y,경상북도 안동시 금곡동 124-1,경상북도,안동시,금곡동,,,경상북도 안동시 제비원로 172,0.0,343,27,0.0,0.0
[금곡동],6056,3,경안타운,1995.06.,308.0,30.36,100.38,25.67,84.89,22,,,,,,,,,3,2,계단식,100A,24.0,15.0,https://new.land.naver.com/complexes/6056?tab=detail&rf=Y,경상북도 안동시 금곡동 124-1,경상북도,안동시,금곡동,,,경상북도 안동시 제비원로 172,0.0,343,27,0.0,0.0
[금곡동],6056,4,경안타운,1995.06.,308.0,41.43,136.98,36.72,121.41,21,,,,,,,,,4,2,계단식,136,24.0,15.0,https://new.land.naver.com/complexes/6056?tab=detail&rf=Y,경상북도 안동시 금곡동 124-1,경상북도,안동시,금곡동,,,경상북도 안동시 제비원로 172,0.0,343,27,0.0,0.0
[남선면],6057,1,용마,1994.12.,275.0,15.01,49.64,11.12,36.77,195,,,,,,,,,2,1,복도식,49,15.0,8.0,https://new.land.naver.com/complexes/6057?tab=detail&rf=Y,경상북도 안동시 남선면 이천리 829-103,경상북도,안동시,남선면,,,경상북도 안동시 샘들윗길 58,0.0,206,18,218.0,0.79
[남선면],6057,2,용마,1994.12.,275.0,26.17,86.54,21.59,71.4,80,,,,,,,,,3,1,계단식,86,15.0,8.0,https://new.land.naver.com/complexes/6057?tab=detail&rf=Y,경상북도 안동시 남선면 이천리 829-103,경상북도,안동시,남선면,,,경상북도 안동시 샘들윗길 58,0.0,206,18,218.0,0.79
[노하동],112661,1,신안동역코아루미소지움,2018.05.,227.0,23.33,77.13,18.14,59.97,15,,,,,,,,,3,2,계단식,77,20.0,7.0,https://new.land.naver.com/complexes/112661?tab=detail&rf=Y,경상북도 안동시 노하동 899,경상북도,안동시,노하동,,,경상북도 안동시 노하길 142,0.0,210,21,303.0,1.33
[노하동],112661,2,신안동역코아루미소지움,2018.05.,227.0,31.73,104.9,24.96,82.52,212,,,,,,,,,3,2,계단식,104,20.0,7.0,https://new.land.naver.com/complexes/112661?tab=detail&rf=Y,경상북도 안동시 노하동 899,경상북도,안동시,노하동,,,경상북도 안동시 노하길 142,0.0,210,21,303.0,1.33
[노하동],122210,1,서영예당애,2015.11.,38.0,32.91,108.8,25.61,84.67,38,,,,,,,,,3,2,계단식,108,10.0,10.0,https://new.land.naver.com/complexes/122210?tab=detail&rf=Y,경상북도 안동시 노하동 131-48,경상북도,안동시,노하동,,,경상북도 안동시 황토마을길 22,0.0,0,0,40.0,1.05
[당북동],115341,1,센트럴64(도시형),2013.12.,24.0,12.62,41.75,7.65,25.3,3,,,,,,,,,1,1,복도식,41,4.0,4.0,https://new.land.naver.com/complexes/115341?tab=detail&rf=Y,경상북도 안동시 당북동 119-3,경상북도,안동시,당북동,,,경상북도 안동시 제비원로 157-2,0.0,350,50,13.0,0.54
[당북동],115341,2,센트럴64(도시형),2013.12.,24.0,13.79,45.61,8.36,27.64,6,,,,,,,,,1,1,복도식,45,4.0,4.0,https://new.land.naver.com/complexes/115341?tab=detail&rf=Y,경상북도 안동시 당북동 119-3,경상북도,안동시,당북동,,,경상북도 안동시 제비원로 157-2,0.0,350,50,13.0,0.54
[당북동],115341,3,센트럴64(도시형),2013.12.,24.0,17.3,57.2,10.48,34.66,12,,,,,,,,,2,1,복도식,57,4.0,4.0,https://new.land.naver.com/complexes/115341?tab=detail&rf=Y,경상북도 안동시 당북동 119-3,경상북도,안동시,당북동,,,경상북도 안동시 제비원로 157-2,0.0,350,50,13.0,0.54
[당북동],115341,4,센트럴64(도시형),2013.12.,24.0,22.83,75.48,13.83,45.74,3,,,,,,,,,3,1,복도식,75,4.0,4.0,https://new.land.naver.com/complexes/115341?tab=detail&rf=Y,경상북도 안동시 당북동 119-3,경상북도,안동시,당북동,,,경상북도 안동시 제비원로 157-2,0.0,350,50,13.0,0.54
[당북동],106153,1,안동센트럴자이,2015.03.,952.0,26.55,87.78,19.91,65.85,105,,,,,,,,,3,2,계단식,87A,23.0,14.0,https://new.land.naver.com/complexes/106153?tab=detail&rf=Y,경상북도 안동시 당북동 446,경상북도,안동시,당북동,,,경상북도 안동시 배움길 77,0.0,209,17,1289.0,1.35
[당북동],106153,2,안동센트럴자이,2015.03.,952.0,26.96,89.13,19.94,65.95,73,,,,,,,,,3,2,계단식,89B,23.0,14.0,https://new.land.naver.com/complexes/106153?tab=detail&rf=Y,경상북도 안동시 당북동 446,경상북도,안동시,당북동,,,경상북도 안동시 배움길 77,0.0,209,17,1289.0,1.35
[당북동],106153,3,안동센트럴자이,2015.03.,952.0,33.73,111.53,25.67,84.89,364,,,,,,,,,4,2,계단식,111A,23.0,14.0,https://new.land.naver.com/complexes/106153?tab=detail&rf=Y,경상북도 안동시 당북동 446,경상북도,안동시,당북동,,,경상북도 안동시 배움길 77,0.0,209,17,1289.0,1.35
[당북동],106153,4,안동센트럴자이,2015.03.,952.0,33.86,111.94,25.61,84.67,354,,,,,,,,,3,2,계단식,111B,23.0,14.0,https://new.land.naver.com/complexes/106153?tab=detail&rf=Y,경상북도 안동시 당북동 446,경상북도,안동시,당북동,,,경상북도 안동시 배움길 77,0.0,209,17,1289.0,1.35
[당북동],106153,5,안동센트럴자이,2015.03.,952.0,40.32,133.31,30.83,101.93,34,,,,,,,,,4,2,계단식,133A,23.0,14.0,https://new.land.naver.com/complexes/106153?tab=detail&rf=Y,경상북도 안동시 당북동 446,경상북도,안동시,당북동,,,경상북도 안동시 배움길 77,0.0,209,17,1289.0,1.35
[당북동],106153,6,안동센트럴자이,2015.03.,952.0,40.78,134.81,30.82,101.89,16,,,,,,,,,4,2,계단식,134B,23.0,14.0,https://new.land.naver.com/complexes/106153?tab=detail&rf=Y,경상북도 안동시 당북동 446,경상북도,안동시,당북동,,,경상북도 안동시 배움길 77,0.0,209,17,1289.0,1.35
[당북동],106153,7,안동센트럴자이,2015.03.,952.0,48.87,161.56,36.54,120.81,6,,,,,,,,,4,3,계단식,161,23.0,14.0,https://new.land.naver.com/complexes/106153?tab=detail&rf=Y,경상북도 안동시 당북동 446,경상북도,안동시,당북동,,,경상북도 안동시 배움길 77,0.0,209,17,1289.0,1.35
[당북동],15680,1,성창(당북),1984.05.,55.0,19.11,63.2,19.11,63.2,5,,,,,,,,,3,1,계단식,63A,5.0,5.0,https://new.land.naver.com/complexes/15680?tab=detail&rf=Y,경상북도 안동시 당북동 333-8,경상북도,안동시,당북동,,,경상북도 안동시 배움길 17,0.0,0,0,0.0,0.0
[당북동],15680,2,성창(당북),1984.05.,55.0,19.11,63.2,19.11,63.2,5,,,,,,,,,3,1,계단식,63B,5.0,5.0,https://new.land.naver.com/complexes/15680?tab=detail&rf=Y,경상북도 안동시 당북동 333-8,경상북도,안동시,당북동,,,경상북도 안동시 배움길 17,0.0,0,0,0.0,0.0
[당북동],15680,3,성창(당북),1984.05.,55.0,20.83,68.87,20.83,68.87,10,,,,,,,,,3,1,계단식,68,5.0,5.0,https://new.land.naver.com/complexes/15680?tab=detail&rf=Y,경상북도 안동시 당북동 333-8,경상북도,안동시,당북동,,,경상북도 안동시 배움길 17,0.0,0,0,0.0,0.0
[당북동],15680,4,성창(당북),1984.05.,55.0,23.76,78.55,23.76,78.55,20,,,,,,,,,3,1,계단식,78,5.0,5.0,https://new.land.naver.com/complexes/15680?tab=detail&rf=Y,경상북도 안동시 당북동 333-8,경상북도,안동시,당북동,,,경상북도 안동시 배움길 17,0.0,0,0,0.0,0.0
[당북동],15680,5,성창(당북),1984.05.,55.0,25.09,82.96,25.09,82.96,15,,,,,,,,,3,1,계단식,82,5.0,5.0,https://new.land.naver.com/complexes/15680?tab=detail&rf=Y,경상북도 안동시 당북동 333-8,경상북도,안동시,당북동,,,경상북도 안동시 배움길 17,0.0,0,0,0.0,0.0
[동부동],6060,1,한양,1992.01.,88.0,29.17,96.43,22.93,75.81,44,,,,,,,,,3,1,계단식,96,12.0,12.0,https://new.land.naver.com/complexes/6060?tab=detail&rf=Y,경상북도 안동시 동부동 75-6,경상북도,안동시,동부동,,,경상북도 안동시 영가로 26,0.0,0,0,0.0,0.0
[동부동],6060,2,한양,1992.01.,88.0,31.85,105.3,25.24,83.46,44,,,,,,,,,3,1,계단식,105,12.0,12.0,https://new.land.naver.com/complexes/6060?tab=detail&rf=Y,경상북도 안동시 동부동 75-6,경상북도,안동시,동부동,,,경상북도 안동시 영가로 26,0.0,0,0,0.0,0.0
[법상동],6063,1,상일파크맨션,1991.10.,123.0,29.0,95.87,24.04,79.5,30,,,,,,,,,3,1,복도식,95,15.0,10.0,https://new.land.naver.com/complexes/6063?tab=detail&rf=Y,경상북도 안동시 법상동 42,경상북도,안동시,법상동,,,경상북도 안동시 법상길 41-9,0.0,0,0,0.0,0.0
[법상동],6063,2,상일파크맨션,1991.10.,123.0,31.16,103.02,25.69,84.94,45,,,,,,,,,3,2,계단식,103,15.0,10.0,https://new.land.naver.com/complexes/6063?tab=detail&rf=Y,경상북도 안동시 법상동 42,경상북도,안동시,법상동,,,경상북도 안동시 법상길 41-9,0.0,0,0,0.0,0.0
[법상동],6063,3,상일파크맨션,1991.10.,123.0,44.03,145.57,37.79,124.95,48,,,,,,,,,4,2,계단식,145,15.0,10.0,https://new.land.naver.com/complexes/6063?tab=detail&rf=Y,경상북도 안동시 법상동 42,경상북도,안동시,법상동,,,경상북도 안동시 법상길 41-9,0.0,0,0,0.0,0.0
[법흥동],110691,1,안동강변펠리시아,2017.06.,375.0,33.05,109.27,25.69,84.94,202,,,,,,,,,3,2,계단식,109A,10.0,7.0,https://new.land.naver.com/complexes/110691?tab=detail&rf=Y,경상북도 안동시 법흥동 277,경상북도,안동시,법흥동,,,경상북도 안동시 육사로 333,0.0,208,31,502.0,1.34
[법흥동],110691,2,안동강변펠리시아,2017.06.,375.0,33.12,109.51,25.65,84.82,60,,,,,,,,,3,2,계단식,109B,10.0,7.0,https://new.land.naver.com/complexes/110691?tab=detail&rf=Y,경상북도 안동시 법흥동 277,경상북도,안동시,법흥동,,,경상북도 안동시 육사로 333,0.0,208,31,502.0,1.34
[법흥동],110691,3,안동강변펠리시아,2017.06.,375.0,33.13,109.55,25.65,84.82,40,,,,,,,,,3,2,계단식,109C,10.0,7.0,https://new.land.naver.com/complexes/110691?tab=detail&rf=Y,경상북도 안동시 법흥동 277,경상북도,안동시,법흥동,,,경상북도 안동시 육사로 333,0.0,208,31,502.0,1.34
[법흥동],110691,4,안동강변펠리시아,2017.06.,375.0,33.08,109.37,25.7,84.98,37,,,,,,,,,3,2,계단식,109D,10.0,7.0,https://new.land.naver.com/complexes/110691?tab=detail&rf=Y,경상북도 안동시 법흥동 277,경상북도,안동시,법흥동,,,경상북도 안동시 육사로 333,0.0,208,31,502.0,1.34
[법흥동],110691,5,안동강변펠리시아,2017.06.,375.0,33.19,109.74,25.7,84.96,18,,,,,,,,,3,2,계단식,109E,10.0,7.0,https://new.land.naver.com/complexes/110691?tab=detail&rf=Y,경상북도 안동시 법흥동 277,경상북도,안동시,법흥동,,,경상북도 안동시 육사로 333,0.0,208,31,502.0,1.34
[법흥동],110691,6,안동강변펠리시아,2017.06.,375.0,43.1,142.48,35.22,116.44,18,,,,,,,,,4,2,계단식,142,10.0,7.0,https://new.land.naver.com/complexes/110691?tab=detail&rf=Y,경상북도 안동시 법흥동 277,경상북도,안동시,법흥동,,,경상북도 안동시 육사로 333,0.0,208,31,502.0,1.34
[서후면],107591,1,학산,2005.01.,299.0,11.77,38.91,8.37,27.7,169,,,,,,,,,2,1,복도식,38,15.0,13.0,https://new.land.naver.com/complexes/107591?tab=detail&rf=Y,경상북도 안동시 서후면 명리 489,경상북도,안동시,서후면,,,경상북도 안동시 명리두솔원길 5-8,0.0,153,14,215.0,0.72
[서후면],107591,2,학산,2005.01.,299.0,16.2,53.57,11.53,38.14,130,,,,,,,,,2,1,복도식,53,15.0,13.0,https://new.land.naver.com/complexes/107591?tab=detail&rf=Y,경상북도 안동시 서후면 명리 489,경상북도,안동시,서후면,,,경상북도 안동시 명리두솔원길 5-8,0.0,153,14,215.0,0.72
[송천동],117748,1,석진드림빌(도시형),2013.05.,29.0,10.05,33.24,6.84,22.63,7,,,,,,,,,1,1,계단식,33,9.0,8.0,https://new.land.naver.com/complexes/117748?tab=detail&rf=Y,경상북도 안동시 송천동 918-1,경상북도,안동시,송천동,,,경상북도 안동시 송천길 34,0.0,434,56,8.0,0.28
[송천동],117748,2,석진드림빌(도시형),2013.05.,29.0,11.11,36.74,7.56,25.02,13,,,,,,,,,1,1,계단식,36A,9.0,8.0,https://new.land.naver.com/complexes/117748?tab=detail&rf=Y,경상북도 안동시 송천동 918-1,경상북도,안동시,송천동,,,경상북도 안동시 송천길 34,0.0,434,56,8.0,0.28
[송천동],117748,3,석진드림빌(도시형),2013.05.,29.0,11.11,36.75,7.56,25.02,1,,,,,,,,,1,1,계단식,36B,9.0,8.0,https://new.land.naver.com/complexes/117748?tab=detail&rf=Y,경상북도 안동시 송천동 918-1,경상북도,안동시,송천동,,,경상북도 안동시 송천길 34,0.0,434,56,8.0,0.28
[송천동],117748,4,석진드림빌(도시형),2013.05.,29.0,11.64,38.51,7.93,26.22,8,,,,,,,,,1,1,계단식,38,9.0,8.0,https://new.land.naver.com/complexes/117748?tab=detail&rf=Y,경상북도 안동시 송천동 918-1,경상북도,안동시,송천동,,,경상북도 안동시 송천길 34,0.0,434,56,8.0,0.28
[송현동],6353,1,주공1단지,1984.05.,420.0,13.86,45.85,12.23,40.45,90,,,,,,,,,2,1,계단식,45,5.0,5.0,https://new.land.naver.com/complexes/6353?tab=detail&rf=Y,경상북도 안동시 송현동 271,경상북도,안동시,송현동,,,경상북도 안동시 합전1길 64-6,0.0,0,0,0.0,0.0
[송현동],6353,2,주공1단지,1984.05.,420.0,13.83,45.72,12.19,40.32,30,,,,,,,,,2,1,계단식,45A,5.0,5.0,https://new.land.naver.com/complexes/6353?tab=detail&rf=Y,경상북도 안동시 송현동 271,경상북도,안동시,송현동,,,경상북도 안동시 합전1길 64-6,0.0,0,0,0.0,0.0
[송현동],6353,3,주공1단지,1984.05.,420.0,14.38,47.57,12.92,42.74,17,,,,,,,,,3,1,계단식,47B,5.0,5.0,https://new.land.naver.com/complexes/6353?tab=detail&rf=Y,경상북도 안동시 송현동 271,경상북도,안동시,송현동,,,경상북도 안동시 합전1길 64-6,0.0,0,0,0.0,0.0
[송현동],6353,4,주공1단지,1984.05.,420.0,16.56,54.77,14.88,49.22,133,,,,,,,,,3,1,계단식,54,5.0,5.0,https://new.land.naver.com/complexes/6353?tab=detail&rf=Y,경상북도 안동시 송현동 271,경상북도,안동시,송현동,,,경상북도 안동시 합전1길 64-6,0.0,0,0,0.0,0.0
[송현동],6353,5,주공1단지,1984.05.,420.0,19.96,65.99,17.93,59.3,150,,,,,,,,,3,1,계단식,65,5.0,5.0,https://new.land.naver.com/complexes/6353?tab=detail&rf=Y,경상북도 안동시 송현동 271,경상북도,안동시,송현동,,,경상북도 안동시 합전1길 64-6,0.0,0,0,0.0,0.0
[송현동],6339,1,송현우성,1993.11.,408.0,22.63,74.83,18.13,59.94,24,,,,,,,,,3,1,계단식,74N,15.0,12.0,https://new.land.naver.com/complexes/6339?tab=detail&rf=Y,경상북도 안동시 송현동 288,경상북도,안동시,송현동,,,경상북도 안동시 합전길 12,0.0,235,21,258.0,0.63
[송현동],6339,2,송현우성,1993.11.,408.0,22.71,75.1,18.1,59.85,120,,,,,,,,,3,1,계단식,75S,15.0,12.0,https://new.land.naver.com/complexes/6339?tab=detail&rf=Y,경상북도 안동시 송현동 288,경상북도,안동시,송현동,,,경상북도 안동시 합전길 12,0.0,235,21,258.0,0.63
[송현동],6339,3,송현우성,1993.11.,408.0,30.8,101.82,25.7,84.99,240,,,,,,,,,3,2,계단식,101A,15.0,12.0,https://new.land.naver.com/complexes/6339?tab=detail&rf=Y,경상북도 안동시 송현동 288,경상북도,안동시,송현동,,,경상북도 안동시 합전길 12,0.0,235,21,258.0,0.63
[송현동],6339,4,송현우성,1993.11.,408.0,30.84,101.98,25.7,84.97,24,,,,,,,,,3,2,계단식,101B,15.0,12.0,https://new.land.naver.com/complexes/6339?tab=detail&rf=Y,경상북도 안동시 송현동 288,경상북도,안동시,송현동,,,경상북도 안동시 합전길 12,0.0,235,21,258.0,0.63
[송현동],101754,1,삼성명가타운1차,2000.08.,280.0,13.45,44.49,9.82,32.47,74,,,,,,,,,2,1,복도식,44,15.0,15.0,https://new.land.naver.com/complexes/101754?tab=detail&rf=Y,경상북도 안동시 송현동 516-5,경상북도,안동시,송현동,,,경상북도 안동시 송현길 154-19,0.0,275,27,208.0,0.74
[송현동],101754,2,삼성명가타운1차,2000.08.,280.0,17.25,57.03,12.59,41.63,11,,,,,,,,,1,1,복도식,57,15.0,15.0,https://new.land.naver.com/complexes/101754?tab=detail&rf=Y,경상북도 안동시 송현동 516-5,경상북도,안동시,송현동,,,경상북도 안동시 송현길 154-19,0.0,275,27,208.0,0.74
[송현동],101754,3,삼성명가타운1차,2000.08.,280.0,18.49,61.14,18.05,59.68,180,,,,,,,,,2,1,복도식,61,15.0,15.0,https://new.land.naver.com/complexes/101754?tab=detail&rf=Y,경상북도 안동시 송현동 516-5,경상북도,안동시,송현동,,,경상북도 안동시 송현길 154-19,0.0,275,27,208.0,0.74
[송현동],101754,4,삼성명가타운1차,2000.08.,280.0,18.49,61.15,13.5,44.63,15,,,,,,,,,1,1,복도식,61,15.0,15.0,https://new.land.naver.com/complexes/101754?tab=detail&rf=Y,경상북도 안동시 송현동 516-5,경상북도,안동시,송현동,,,경상북도 안동시 송현길 154-19,0.0,275,27,208.0,0.74
[송현동],104939,1,안동송현이안,2009.07.,635.0,33.74,111.57,25.53,84.41,180,,,,,,,,,3,2,계단식,111A,15.0,13.0,https://new.land.naver.com/complexes/104939?tab=detail&rf=Y,경상북도 안동시 송현동 1135,경상북도,안동시,송현동,,,경상북도 안동시 송현길 23,0.0,238,24,967.0,1.52
[송현동],104939,2,안동송현이안,2009.07.,635.0,33.94,112.23,25.67,84.86,129,,,,,,,,,3,2,계단식,112B,15.0,13.0,https://new.land.naver.com/complexes/104939?tab=detail&rf=Y,경상북도 안동시 송현동 1135,경상북도,안동시,송현동,,,경상북도 안동시 송현길 23,0.0,238,24,967.0,1.52
[송현동],104939,3,안동송현이안,2009.07.,635.0,39.63,131.04,29.6,97.86,147,,,,,,,,,3,2,계단식,131,15.0,13.0,https://new.land.naver.com/complexes/104939?tab=detail&rf=Y,경상북도 안동시 송현동 1135,경상북도,안동시,송현동,,,경상북도 안동시 송현길 23,0.0,238,24,967.0,1.52
[송현동],104939,4,안동송현이안,2009.07.,635.0,47.8,158.03,39.06,129.14,120,,,,,,,,,4,2,계단식,158,15.0,13.0,https://new.land.naver.com/complexes/104939?tab=detail&rf=Y,경상북도 안동시 송현동 1135,경상북도,안동시,송현동,,,경상북도 안동시 송현길 23,0.0,238,24,967.0,1.52
[송현동],104939,5,안동송현이안,2009.07.,635.0,57.94,191.55,47.84,158.17,59,,,,,,,,,4,2,계단식,191,15.0,13.0,https://new.land.naver.com/complexes/104939?tab=detail&rf=Y,경상북도 안동시 송현동 1135,경상북도,안동시,송현동,,,경상북도 안동시 송현길 23,0.0,238,24,967.0,1.52
[송현동],6337,1,영남,1994.04.,118.0,22.24,73.55,18.07,59.75,40,,,,,,,,,3,1,계단식,73,14.0,5.0,https://new.land.naver.com/complexes/6337?tab=detail&rf=Y,경상북도 안동시 송현동 298-9,경상북도,안동시,송현동,,,경상북도 안동시 합전3길 33-22,0.0,0,0,0.0,0.0
[송현동],6337,2,영남,1994.04.,118.0,22.74,75.18,17.98,59.46,2,,,,,,,,,3,1,계단식,75B,14.0,5.0,https://new.land.naver.com/complexes/6337?tab=detail&rf=Y,경상북도 안동시 송현동 298-9,경상북도,안동시,송현동,,,경상북도 안동시 합전3길 33-22,0.0,0,0,0.0,0.0
[송현동],6337,3,영남,1994.04.,118.0,22.84,75.51,18.07,59.76,1,,,,,,,,,3,1,계단식,75A,14.0,5.0,https://new.land.naver.com/complexes/6337?tab=detail&rf=Y,경상북도 안동시 송현동 298-9,경상북도,안동시,송현동,,,경상북도 안동시 합전3길 33-22,0.0,0,0,0.0,0.0
[송현동],6337,4,영남,1994.04.,118.0,29.63,97.96,25.66,84.84,5,,,,,,,,,3,2,계단식,97,14.0,5.0,https://new.land.naver.com/complexes/6337?tab=detail&rf=Y,경상북도 안동시 송현동 298-9,경상북도,안동시,송현동,,,경상북도 안동시 합전3길 33-22,0.0,0,0,0.0,0.0
[송현동],6337,5,영남,1994.04.,118.0,31.08,102.77,25.65,84.8,41,,,,,,,,,3,2,계단식,102B,14.0,5.0,https://new.land.naver.com/complexes/6337?tab=detail&rf=Y,경상북도 안동시 송현동 298-9,경상북도,안동시,송현동,,,경상북도 안동시 합전3길 33-22,0.0,0,0,0.0,0.0
[송현동],6337,6,영남,1994.04.,118.0,31.35,103.64,25.64,84.77,5,,,,,,,,,3,2,계단식,103A,14.0,5.0,https://new.land.naver.com/complexes/6337?tab=detail&rf=Y,경상북도 안동시 송현동 298-9,경상북도,안동시,송현동,,,경상북도 안동시 합전3길 33-22,0.0,0,0,0.0,0.0
[송현동],6337,7,영남,1994.04.,118.0,46.96,155.27,39.38,130.19,24,,,,,,,,,4,2,계단식,155,14.0,5.0,https://new.land.naver.com/complexes/6337?tab=detail&rf=Y,경상북도 안동시 송현동 298-9,경상북도,안동시,송현동,,,경상북도 안동시 합전3길 33-22,0.0,0,0,0.0,0.0
[송현동],15694,1,성창,1981.09.,189.0,19.0,62.81,16.1,53.25,48,,,,,,,,,3,1,계단식,62,3.0,3.0,https://new.land.naver.com/complexes/15694?tab=detail&rf=Y,경상북도 안동시 송현동 273-1,경상북도,안동시,송현동,,,경상북도 안동시 경동로 380,0.0,0,0,0.0,0.0
[송현동],15694,2,성창,1981.09.,189.0,22.0,72.73,17.01,56.25,78,,,,,,,,,3,1,계단식,72,3.0,3.0,https://new.land.naver.com/complexes/15694?tab=detail&rf=Y,경상북도 안동시 송현동 273-1,경상북도,안동시,송현동,,,경상북도 안동시 경동로 380,0.0,0,0,0.0,0.0
[송현동],15694,3,성창,1981.09.,189.0,25.0,82.65,18.46,61.05,42,,,,,,,,,3,1,계단식,82,3.0,3.0,https://new.land.naver.com/complexes/15694?tab=detail&rf=Y,경상북도 안동시 송현동 273-1,경상북도,안동시,송현동,,,경상북도 안동시 경동로 380,0.0,0,0,0.0,0.0
[송현동],15694,4,성창,1981.09.,189.0,27.0,89.26,23.78,78.63,21,,,,,,,,,3,1,계단식,89,3.0,3.0,https://new.land.naver.com/complexes/15694?tab=detail&rf=Y,경상북도 안동시 송현동 273-1,경상북도,안동시,송현동,,,경상북도 안동시 경동로 380,0.0,0,0,0.0,0.0
[송현동],15693,1,송현청구하이츠2차,2000.12.,84.0,31.22,103.21,25.67,84.89,57,,,,,,,,,3,2,계단식,103,10.0,7.0,https://new.land.naver.com/complexes/15693?tab=detail&rf=Y,경상북도 안동시 송현동 515,경상북도,안동시,송현동,,,경상북도 안동시 송현길 84-8,0.0,192,29,114.0,1.36
[송현동],15693,2,송현청구하이츠2차,2000.12.,84.0,51.8,171.24,44.57,147.37,17,,,,,,,,,4,2,계단식,171,10.0,7.0,https://new.land.naver.com/complexes/15693?tab=detail&rf=Y,경상북도 안동시 송현동 515,경상북도,안동시,송현동,,,경상북도 안동시 송현길 84-8,0.0,192,29,114.0,1.36
[송현동],15693,3,송현청구하이츠2차,2000.12.,84.0,70.05,231.58,60.15,198.87,10,,,,,,,,,5,2,계단식,231,10.0,7.0,https://new.land.naver.com/complexes/15693?tab=detail&rf=Y,경상북도 안동시 송현동 515,경상북도,안동시,송현동,,,경상북도 안동시 송현길 84-8,0.0,192,29,114.0,1.36
[송현동],6361,1,송현주공2단지,1990.12.,940.0,11.61,38.39,9.9,32.76,489,,,,,,,,,2,1,계단식,38,5.0,5.0,https://new.land.naver.com/complexes/6361?tab=detail&rf=Y,경상북도 안동시 송현동 316,경상북도,안동시,송현동,,,경상북도 안동시 경북대로 467,0.0,0,0,0.0,0.0
[송현동],6361,2,송현주공2단지,1990.12.,940.0,15.02,49.68,12.85,42.48,451,,,,,,,,,2,1,계단식,49,5.0,5.0,https://new.land.naver.com/complexes/6361?tab=detail&rf=Y,경상북도 안동시 송현동 316,경상북도,안동시,송현동,,,경상북도 안동시 경북대로 467,0.0,0,0,0.0,0.0
[송현동],101756,1,삼성명가타운2차,2001.08.,295.0,28.28,93.51,22.5,74.41,134,,,,,,,,,3,2,복도식,93,15.0,9.0,https://new.land.naver.com/complexes/101756?tab=detail&rf=Y,경상북도 안동시 송현동 527,경상북도,안동시,송현동,,,경상북도 안동시 송현길 154-16,0.0,220,19,298.0,1.01
[송현동],101756,2,삼성명가타운2차,2001.08.,295.0,29.16,96.42,22.5,74.41,15,,,,,,,,,3,2,복도식,96,15.0,9.0,https://new.land.naver.com/complexes/101756?tab=detail&rf=Y,경상북도 안동시 송현동 527,경상북도,안동시,송현동,,,경상북도 안동시 송현길 154-16,0.0,220,19,298.0,1.01
[송현동],101756,3,삼성명가타운2차,2001.08.,295.0,31.26,103.34,25.68,84.91,116,,,,,,,,,3,2,복도식,103,15.0,9.0,https://new.land.naver.com/complexes/101756?tab=detail&rf=Y,경상북도 안동시 송현동 527,경상북도,안동시,송현동,,,경상북도 안동시 송현길 154-16,0.0,220,19,298.0,1.01
[송현동],101756,4,삼성명가타운2차,2001.08.,295.0,32.36,107.0,25.68,84.91,30,,,,,,,,,3,2,복도식,107,15.0,9.0,https://new.land.naver.com/complexes/101756?tab=detail&rf=Y,경상북도 안동시 송현동 527,경상북도,안동시,송현동,,,경상북도 안동시 송현길 154-16,0.0,220,19,298.0,1.01
[송현동],103732,1,안동극동스타클래스,2013.12.,414.0,29.33,96.99,21.06,69.62,134,,,,,,,,,3,2,계단식,96,18.0,11.0,https://new.land.naver.com/complexes/103732?tab=detail&rf=Y,경상북도 안동시 송현동 1153,경상북도,안동시,송현동,,,경상북도 안동시 송하1길 99,0.0,185,18,516.0,1.25
[송현동],103732,2,안동극동스타클래스,2013.12.,414.0,35.42,117.11,25.56,84.51,241,,,,,,,,,3,2,계단식,117A,18.0,11.0,https://new.land.naver.com/complexes/103732?tab=detail&rf=Y,경상북도 안동시 송현동 1153,경상북도,안동시,송현동,,,경상북도 안동시 송하1길 99,0.0,185,18,516.0,1.25
[송현동],103732,3,안동극동스타클래스,2013.12.,414.0,35.48,117.3,25.69,84.95,36,,,,,,,,,3,2,계단식,117B,18.0,11.0,https://new.land.naver.com/complexes/103732?tab=detail&rf=Y,경상북도 안동시 송현동 1153,경상북도,안동시,송현동,,,경상북도 안동시 송하1길 99,0.0,185,18,516.0,1.25
[송현동],103732,4,안동극동스타클래스,2013.12.,414.0,43.81,144.84,31.13,102.93,3,,,,,,,,,3,3,계단식,144,18.0,11.0,https://new.land.naver.com/complexes/103732?tab=detail&rf=Y,경상북도 안동시 송현동 1153,경상북도,안동시,송현동,,,경상북도 안동시 송하1길 99,0.0,185,18,516.0,1.25
[송현동],15691,1,청구송현하이츠1차,2001.07.,385.0,23.38,77.3,18.14,59.99,44,,,,,,,,,3,1,계단식,77,15.0,8.0,https://new.land.naver.com/complexes/15691?tab=detail&rf=Y,경상북도 안동시 송현동 516-2,경상북도,안동시,송현동,,,경상북도 안동시 송현길 84-28,0.0,194,20,393.0,1.02
[송현동],15691,2,청구송현하이츠1차,2001.07.,385.0,27.23,90.02,22.0,72.76,7,,,,,,,,,2,1,계단식,90,15.0,8.0,https://new.land.naver.com/complexes/15691?tab=detail&rf=Y,경상북도 안동시 송현동 516-2,경상북도,안동시,송현동,,,경상북도 안동시 송현길 84-28,0.0,194,20,393.0,1.02
[송현동],15691,3,청구송현하이츠1차,2001.07.,385.0,27.89,92.22,18.14,59.99,21,,,,,,,,,2,1,계단식,92,15.0,8.0,https://new.land.naver.com/complexes/15691?tab=detail&rf=Y,경상북도 안동시 송현동 516-2,경상북도,안동시,송현동,,,경상북도 안동시 송현길 84-28,0.0,194,20,393.0,1.02
[송현동],15691,4,청구송현하이츠1차,2001.07.,385.0,31.03,102.6,25.68,84.91,261,,,,,,,,,3,2,계단식,102,15.0,8.0,https://new.land.naver.com/complexes/15691?tab=detail&rf=Y,경상북도 안동시 송현동 516-2,경상북도,안동시,송현동,,,경상북도 안동시 송현길 84-28,0.0,194,20,393.0,1.02
[송현동],15691,5,청구송현하이츠1차,2001.07.,385.0,31.03,102.6,25.68,84.91,4,,,,,,,,,3,2,계단식,102A,15.0,8.0,https://new.land.naver.com/complexes/15691?tab=detail&rf=Y,경상북도 안동시 송현동 516-2,경상북도,안동시,송현동,,,경상북도 안동시 송현길 84-28,0.0,194,20,393.0,1.02
[송현동],15691,6,청구송현하이츠1차,2001.07.,385.0,35.48,117.3,25.68,84.91,23,,,,,,,,,3,2,계단식,117,15.0,8.0,https://new.land.naver.com/complexes/15691?tab=detail&rf=Y,경상북도 안동시 송현동 516-2,경상북도,안동시,송현동,,,경상북도 안동시 송현길 84-28,0.0,194,20,393.0,1.02
[송현동],15691,7,청구송현하이츠1차,2001.07.,385.0,51.38,169.87,44.57,147.37,22,,,,,,,,,4,2,계단식,169,15.0,8.0,https://new.land.naver.com/complexes/15691?tab=detail&rf=Y,경상북도 안동시 송현동 516-2,경상북도,안동시,송현동,,,경상북도 안동시 송현길 84-28,0.0,194,20,393.0,1.02
[송현동],15691,8,청구송현하이츠1차,2001.07.,385.0,56.88,188.04,44.57,147.37,3,,,,,,,,,4,2,계단식,188A,15.0,8.0,https://new.land.naver.com/complexes/15691?tab=detail&rf=Y,경상북도 안동시 송현동 516-2,경상북도,안동시,송현동,,,경상북도 안동시 송현길 84-28,0.0,194,20,393.0,1.02
[송현동],120075,1,안동송현양우내안애,2020.10.,305.0,30.09,99.48,21.95,72.57,202,,,,,,,,,3,2,계단식,99,20.0,9.0,https://new.land.naver.com/complexes/120075?tab=detail&rf=Y,경상북도 안동시 송현동 1157,경상북도,안동시,송현동,,,경상북도 안동시 경동로 191,0.0,219,20,411.0,1.35
[송현동],120075,2,안동송현양우내안애,2020.10.,305.0,31.7,104.8,23.18,76.65,39,,,,,,,,,3,2,계단식,104,20.0,9.0,https://new.land.naver.com/complexes/120075?tab=detail&rf=Y,경상북도 안동시 송현동 1157,경상북도,안동시,송현동,,,경상북도 안동시 경동로 191,0.0,219,20,411.0,1.35
[송현동],120075,3,안동송현양우내안애,2020.10.,305.0,34.91,115.41,25.7,84.97,38,,,,,,,,,4,2,계단식,115A,20.0,9.0,https://new.land.naver.com/complexes/120075?tab=detail&rf=Y,경상북도 안동시 송현동 1157,경상북도,안동시,송현동,,,경상북도 안동시 경동로 191,0.0,219,20,411.0,1.35
[송현동],120075,4,안동송현양우내안애,2020.10.,305.0,34.91,115.41,25.7,84.97,18,,,,,,,,,4,2,계단식,115B,20.0,9.0,https://new.land.naver.com/complexes/120075?tab=detail&rf=Y,경상북도 안동시 송현동 1157,경상북도,안동시,송현동,,,경상북도 안동시 경동로 191,0.0,219,20,411.0,1.35
[송현동],120075,5,안동송현양우내안애,2020.10.,305.0,47.68,157.62,34.43,113.82,7,,,,,,,,,4,2,계단식,157,20.0,9.0,https://new.land.naver.com/complexes/120075?tab=detail&rf=Y,경상북도 안동시 송현동 1157,경상북도,안동시,송현동,,,경상북도 안동시 경동로 191,0.0,219,20,411.0,1.35
[송현동],120075,6,안동송현양우내안애,2020.10.,305.0,58.12,192.16,42.09,139.17,1,,,,,,,,,4,2,계단식,192,20.0,9.0,https://new.land.naver.com/complexes/120075?tab=detail&rf=Y,경상북도 안동시 송현동 1157,경상북도,안동시,송현동,,,경상북도 안동시 경동로 191,0.0,219,20,411.0,1.35
[수상동],119999,1,안동코오롱하늘채,2020.02.,421.0,24.94,82.45,18.01,59.56,163,,,,,,,,,3,2,계단식,82,20.0,10.0,https://new.land.naver.com/complexes/119999?tab=detail&rf=Y,경상북도 안동시 수상동 895,경상북도,안동시,수상동,,,경상북도 안동시 앙실로 25,0.0,0,0,553.0,1.31
[수상동],119999,2,안동코오롱하늘채,2020.02.,421.0,31.39,103.79,22.56,74.58,57,,,,,,,,,3,2,계단식,103,20.0,10.0,https://new.land.naver.com/complexes/119999?tab=detail&rf=Y,경상북도 안동시 수상동 895,경상북도,안동시,수상동,,,경상북도 안동시 앙실로 25,0.0,0,0,553.0,1.31
[수상동],119999,3,안동코오롱하늘채,2020.02.,421.0,31.66,104.68,22.94,75.85,108,,,,,,,,,3,2,계단식,104,20.0,10.0,https://new.land.naver.com/complexes/119999?tab=detail&rf=Y,경상북도 안동시 수상동 895,경상북도,안동시,수상동,,,경상북도 안동시 앙실로 25,0.0,0,0,553.0,1.31
[수상동],119999,4,안동코오롱하늘채,2020.02.,421.0,33.51,110.78,25.54,84.43,93,,,,,,,,,3,2,계단식,110,20.0,10.0,https://new.land.naver.com/complexes/119999?tab=detail&rf=Y,경상북도 안동시 수상동 895,경상북도,안동시,수상동,,,경상북도 안동시 앙실로 25,0.0,0,0,553.0,1.31
[신안동],143924,1,백두센트로빌,2013.01.,19.0,29.84,98.66,25.64,84.77,18,,,,,,,,,3,2,계단식,98A,10.0,10.0,https://new.land.naver.com/complexes/143924?tab=detail&rf=Y,경상북도 안동시 신안동 27-34,경상북도,안동시,신안동,,,경상북도 안동시 상지길 19,0.0,186,25,19.0,1.0
[신안동],143924,2,백두센트로빌,2013.01.,19.0,29.9,98.86,25.7,84.97,1,,,,,,,,,3,2,계단식,98B,10.0,10.0,https://new.land.naver.com/complexes/143924?tab=detail&rf=Y,경상북도 안동시 신안동 27-34,경상북도,안동시,신안동,,,경상북도 안동시 상지길 19,0.0,186,25,19.0,1.0
[신안동],15698,1,현대,1991.12.,330.0,26.78,88.56,21.99,72.72,60,,,,,,,,,3,1,계단식,88A,15.0,15.0,https://new.land.naver.com/complexes/15698?tab=detail&rf=Y,경상북도 안동시 신안동 62-1,경상북도,안동시,신안동,,,경상북도 안동시 퇴계로 214,0.0,0,0,0.0,0.0
[신안동],15698,2,현대,1991.12.,330.0,27.19,89.89,22.28,73.67,60,,,,,,,,,3,2,계단식,89B,15.0,15.0,https://new.land.naver.com/complexes/15698?tab=detail&rf=Y,경상북도 안동시 신안동 62-1,경상북도,안동시,신안동,,,경상북도 안동시 퇴계로 214,0.0,0,0,0.0,0.0
[신안동],15698,3,현대,1991.12.,330.0,30.85,102.01,25.64,84.78,210,,,,,,,,,3,2,계단식,102,15.0,15.0,https://new.land.naver.com/complexes/15698?tab=detail&rf=Y,경상북도 안동시 신안동 62-1,경상북도,안동시,신안동,,,경상북도 안동시 퇴계로 214,0.0,0,0,0.0,0.0
[신안동],15696,1,상일금탑맨션,1994.11.,140.0,23.2,76.71,18.13,59.94,51,,,,,,,,,3,1,계단식,76,15.0,11.0,https://new.land.naver.com/complexes/15696?tab=detail&rf=Y,경상북도 안동시 신안동 277-2,경상북도,안동시,신안동,,,경상북도 안동시 퇴계로 155,0.0,213,30,0.0,0.0
[신안동],15696,2,상일금탑맨션,1994.11.,140.0,31.32,103.55,25.69,84.95,89,,,,,,,,,3,2,계단식,103,15.0,11.0,https://new.land.naver.com/complexes/15696?tab=detail&rf=Y,경상북도 안동시 신안동 277-2,경상북도,안동시,신안동,,,경상북도 안동시 퇴계로 155,0.0,213,30,0.0,0.0
[안기동],6376,1,동아,1995.11.,210.0,21.6,71.41,17.96,59.4,52,,,,,,,,,3,1,복도식,71,14.0,5.0,https://new.land.naver.com/complexes/6376?tab=detail&rf=Y,경상북도 안동시 안기동 223-34,경상북도,안동시,안기동,,,경상북도 안동시 제비원로 268-7,0.0,256,31,0.0,0.0
[안기동],6376,2,동아,1995.11.,210.0,21.6,71.42,17.97,59.41,36,,,,,,,,,3,1,계단식,71A,14.0,5.0,https://new.land.naver.com/complexes/6376?tab=detail&rf=Y,경상북도 안동시 안기동 223-34,경상북도,안동시,안기동,,,경상북도 안동시 제비원로 268-7,0.0,256,31,0.0,0.0
[안기동],6376,3,동아,1995.11.,210.0,21.69,71.73,18.05,59.67,12,,,,,,,,,3,1,계단식,71B,14.0,5.0,https://new.land.naver.com/complexes/6376?tab=detail&rf=Y,경상북도 안동시 안기동 223-34,경상북도,안동시,안기동,,,경상북도 안동시 제비원로 268-7,0.0,256,31,0.0,0.0
[안기동],6376,4,동아,1995.11.,210.0,21.74,71.87,18.08,59.78,2,,,,,,,,,3,1,계단식,71C,14.0,5.0,https://new.land.naver.com/complexes/6376?tab=detail&rf=Y,경상북도 안동시 안기동 223-34,경상북도,안동시,안기동,,,경상북도 안동시 제비원로 268-7,0.0,256,31,0.0,0.0
[안기동],6376,5,동아,1995.11.,210.0,26.09,86.26,21.7,71.75,52,,,,,,,,,3,1,계단식,86,14.0,5.0,https://new.land.naver.com/complexes/6376?tab=detail&rf=Y,경상북도 안동시 안기동 223-34,경상북도,안동시,안기동,,,경상북도 안동시 제비원로 268-7,0.0,256,31,0.0,0.0
[안기동],6376,6,동아,1995.11.,210.0,30.87,102.07,25.68,84.9,48,,,,,,,,,3,2,계단식,102,14.0,5.0,https://new.land.naver.com/complexes/6376?tab=detail&rf=Y,경상북도 안동시 안기동 223-34,경상북도,안동시,안기동,,,경상북도 안동시 제비원로 268-7,0.0,256,31,0.0,0.0
[안기동],6376,7,동아,1995.11.,210.0,30.88,102.09,25.68,84.92,8,,,,,,,,,3,2,복도식,102,14.0,5.0,https://new.land.naver.com/complexes/6376?tab=detail&rf=Y,경상북도 안동시 안기동 223-34,경상북도,안동시,안기동,,,경상북도 안동시 제비원로 268-7,0.0,256,31,0.0,0.0
[안기동],136217,1,까치,1992.12.,59.0,14.79,48.92,12.71,42.04,59,,,,,,,,,2,1,계단식,48,5.0,4.0,https://new.land.naver.com/complexes/136217?tab=detail&rf=Y,경상북도 안동시 안기동 204-1,경상북도,안동시,안기동,,,경상북도 안동시 제비원로 240-3,0.0,0,0,0.0,0.0
[안기동],144119,1,웅부그린,1991.12.,60.0,27.27,90.16,25.34,83.79,60,,,,,,,,,3,2,계단식,90,5.0,5.0,https://new.land.naver.com/complexes/144119?tab=detail&rf=Y,경상북도 안동시 안기동 230-20,경상북도,안동시,안기동,,,경상북도 안동시 제비원로 306-19,0.0,0,0,0.0,0.0
[안기동],6368,1,경동,1996.03.,294.0,23.83,78.78,18.07,59.76,294,,,,,,,,,3,1,계단식,78,20.0,5.0,https://new.land.naver.com/complexes/6368?tab=detail&rf=Y,경상북도 안동시 안기동 240,경상북도,안동시,안기동,,,경상북도 안동시 안기1길 40-62,0.0,101,19,0.0,0.0
[안기동],6386,1,우성,1991.07.,168.0,28.34,93.69,22.08,73.02,48,,,,,,,,,3,1,계단식,93,15.0,9.0,https://new.land.naver.com/complexes/6386?tab=detail&rf=Y,경상북도 안동시 안기동 190,경상북도,안동시,안기동,,,경상북도 안동시 영남길 32,0.0,0,0,0.0,0.0
[안기동],6386,2,우성,1991.07.,168.0,32.08,106.07,25.7,84.97,120,,,,,,,,,3,2,계단식,106,15.0,9.0,https://new.land.naver.com/complexes/6386?tab=detail&rf=Y,경상북도 안동시 안기동 190,경상북도,안동시,안기동,,,경상북도 안동시 영남길 32,0.0,0,0,0.0,0.0
[안기동],6370,1,대원타운,1994.03.,492.0,22.54,74.54,18.04,59.64,180,,,,,,,,,2,1,계단식,74,15.0,8.0,https://new.land.naver.com/complexes/6370?tab=detail&rf=Y,경상북도 안동시 안기동 168-6,경상북도,안동시,안기동,,,경상북도 안동시 안기1길 39,0.0,234,17,0.0,0.0
[안기동],6370,2,대원타운,1994.03.,492.0,30.86,102.02,25.7,84.97,252,,,,,,,,,3,2,계단식,102,15.0,8.0,https://new.land.naver.com/complexes/6370?tab=detail&rf=Y,경상북도 안동시 안기동 168-6,경상북도,안동시,안기동,,,경상북도 안동시 안기1길 39,0.0,234,17,0.0,0.0
[안기동],6370,3,대원타운,1994.03.,492.0,53.62,177.27,45.35,149.94,60,,,,,,,,,4,2,계단식,177,15.0,8.0,https://new.land.naver.com/complexes/6370?tab=detail&rf=Y,경상북도 안동시 안기동 168-6,경상북도,안동시,안기동,,,경상북도 안동시 안기1길 39,0.0,234,17,0.0,0.0
[안기동],106491,1,안기세영,1998.07.,163.0,13.65,45.13,9.9,32.76,71,,,,,,,,,1,1,계단식,45,15.0,15.0,https://new.land.naver.com/complexes/106491?tab=detail&rf=Y,경상북도 안동시 안기동 285,경상북도,안동시,안기동,,,경상북도 안동시 제비원로 373,0.0,0,0,0.0,0.0
[안기동],106491,2,안기세영,1998.07.,163.0,22.1,73.08,18.12,59.91,92,,,,,,,,,2,1,복도식,73,15.0,15.0,https://new.land.naver.com/complexes/106491?tab=detail&rf=Y,경상북도 안동시 안기동 285,경상북도,안동시,안기동,,,경상북도 안동시 제비원로 373,0.0,0,0,0.0,0.0
[안막동],6394,1,현대,1996.01.,296.0,26.77,88.51,18.07,59.76,156,,,,,,,,,3,1,복도식,88,23.0,8.0,https://new.land.naver.com/complexes/6394?tab=detail&rf=Y,경상북도 안동시 안막동 71-9,경상북도,안동시,안막동,,,경상북도 안동시 퇴계로 220-16,0.0,0,0,0.0,0.0
[안막동],6394,2,현대,1996.01.,296.0,29.79,98.49,22.43,74.16,32,,,,,,,,,3,1,복도식,98B,23.0,8.0,https://new.land.naver.com/complexes/6394?tab=detail&rf=Y,경상북도 안동시 안막동 71-9,경상북도,안동시,안막동,,,경상북도 안동시 퇴계로 220-16,0.0,0,0,0.0,0.0
[안막동],6394,3,현대,1996.01.,296.0,30.05,99.35,20.29,67.08,44,,,,,,,,,3,1,계단식,99A,23.0,8.0,https://new.land.naver.com/complexes/6394?tab=detail&rf=Y,경상북도 안동시 안막동 71-9,경상북도,안동시,안막동,,,경상북도 안동시 퇴계로 220-16,0.0,0,0,0.0,0.0
[안막동],6394,4,현대,1996.01.,296.0,34.36,113.61,25.68,84.9,64,,,,,,,,,3,2,계단식,113,23.0,8.0,https://new.land.naver.com/complexes/6394?tab=detail&rf=Y,경상북도 안동시 안막동 71-9,경상북도,안동시,안막동,,,경상북도 안동시 퇴계로 220-16,0.0,0,0,0.0,0.0
[안막동],101758,1,계림플러스,2002.02.,176.0,25.19,83.29,15.55,51.41,56,,,,,,,,,3,1,복도식,83,15.0,15.0,https://new.land.naver.com/complexes/101758?tab=detail&rf=Y,경상북도 안동시 안막동 69-11,경상북도,안동시,안막동,,,경상북도 안동시 퇴계로 233-22,0.0,252,25,158.0,0.9
[안막동],101758,2,계림플러스,2002.02.,176.0,26.43,87.4,17.77,58.76,90,,,,,,,,,3,1,복도식,87,15.0,15.0,https://new.land.naver.com/complexes/101758?tab=detail&rf=Y,경상북도 안동시 안막동 69-11,경상북도,안동시,안막동,,,경상북도 안동시 퇴계로 233-22,0.0,252,25,158.0,0.9
[안막동],101758,3,계림플러스,2002.02.,176.0,37.96,125.52,25.65,84.81,30,,,,,,,,,3,2,복도식,125,15.0,15.0,https://new.land.naver.com/complexes/101758?tab=detail&rf=Y,경상북도 안동시 안막동 69-11,경상북도,안동시,안막동,,,경상북도 안동시 퇴계로 233-22,0.0,252,25,158.0,0.9
[안막동],6397,1,화성,1995.12.,310.0,16.61,54.94,12.34,40.8,75,,,,,,,,,2,1,복도식,54,15.0,8.0,https://new.land.naver.com/complexes/6397?tab=detail&rf=Y,경상북도 안동시 안막동 77-15,경상북도,안동시,안막동,,,경상북도 안동시 퇴계로 259,0.0,300,22,89.0,0.29
[안막동],6397,2,화성,1995.12.,310.0,20.05,66.3,14.89,49.23,235,,,,,,,,,3,1,복도식,66,15.0,8.0,https://new.land.naver.com/complexes/6397?tab=detail&rf=Y,경상북도 안동시 안막동 77-15,경상북도,안동시,안막동,,,경상북도 안동시 퇴계로 259,0.0,300,22,89.0,0.29
[안막동],6388,1,계림황제타운,1994.05.,180.0,22.89,75.7,18.1,59.85,90,,,,,,,,,3,1,계단식,75,15.0,15.0,https://new.land.naver.com/complexes/6388?tab=detail&rf=Y,경상북도 안동시 안막동 69-9,경상북도,안동시,안막동,,,경상북도 안동시 퇴계로 247,0.0,230,24,0.0,0.0
[안막동],6388,2,계림황제타운,1994.05.,180.0,31.17,103.05,25.68,84.92,90,,,,,,,,,3,2,계단식,103,15.0,15.0,https://new.land.naver.com/complexes/6388?tab=detail&rf=Y,경상북도 안동시 안막동 69-9,경상북도,안동시,안막동,,,경상북도 안동시 퇴계로 247,0.0,230,24,0.0,0.0
[옥동],121269,1,시온,2003.07.,19.0,22.25,73.57,14.61,48.33,8,,,,,,,,,3,1,계단식,73,7.0,7.0,https://new.land.naver.com/complexes/121269?tab=detail&rf=Y,경상북도 안동시 옥동 791-16,경상북도,안동시,옥동,,,경상북도 안동시 경북대로 367,0.0,519,79,9.0,0.47
[옥동],121269,2,시온,2003.07.,19.0,23.24,76.85,15.27,50.49,10,,,,,,,,,3,1,계단식,76,7.0,7.0,https://new.land.naver.com/complexes/121269?tab=detail&rf=Y,경상북도 안동시 옥동 791-16,경상북도,안동시,옥동,,,경상북도 안동시 경북대로 367,0.0,519,79,9.0,0.47
[옥동],121269,3,시온,2003.07.,19.0,56.2,185.81,36.92,122.07,1,,,,,,,,,5,3,계단식,185,7.0,7.0,https://new.land.naver.com/complexes/121269?tab=detail&rf=Y,경상북도 안동시 옥동 791-16,경상북도,안동시,옥동,,,경상북도 안동시 경북대로 367,0.0,519,79,9.0,0.47
[옥동],23677,1,세영,1999.08.,251.0,22.02,72.82,18.11,59.89,116,,,,,,,,,3,1,계단식,72A,15.0,13.0,https://new.land.naver.com/complexes/23677?tab=detail&rf=Y,경상북도 안동시 옥동 768-1,경상북도,안동시,옥동,,,경상북도 안동시 복주1길 15,0.0,0,0,0.0,0.0
[옥동],23677,2,세영,1999.08.,251.0,22.04,72.89,18.13,59.96,90,,,,,,,,,3,1,계단식,72B,15.0,13.0,https://new.land.naver.com/complexes/23677?tab=detail&rf=Y,경상북도 안동시 옥동 768-1,경상북도,안동시,옥동,,,경상북도 안동시 복주1길 15,0.0,0,0,0.0,0.0
[옥동],23677,3,세영,1999.08.,251.0,23.58,77.96,18.11,59.89,30,,,,,,,,,3,1,계단식,77,15.0,13.0,https://new.land.naver.com/complexes/23677?tab=detail&rf=Y,경상북도 안동시 옥동 768-1,경상북도,안동시,옥동,,,경상북도 안동시 복주1길 15,0.0,0,0,0.0,0.0
[옥동],23677,4,세영,1999.08.,251.0,25.96,85.82,18.13,59.96,15,,,,,,,,,3,2,계단식,85,15.0,13.0,https://new.land.naver.com/complexes/23677?tab=detail&rf=Y,경상북도 안동시 옥동 768-1,경상북도,안동시,옥동,,,경상북도 안동시 복주1길 15,0.0,0,0,0.0,0.0
[옥동],101268,1,옥동주공5단지,2002.09.,283.0,21.36,70.63,13.97,46.2,283,,,,,,,,,2,1,복도식,70,15.0,12.0,https://new.land.naver.com/complexes/101268?tab=detail&rf=Y,경상북도 안동시 옥동 740-1,경상북도,안동시,옥동,,,경상북도 안동시 복주길 66,0.0,171,15,0.0,0.0
[옥동],122450,1,제일리버빌1차,2000.12.,19.0,36.82,121.72,31.28,103.41,5,,,,,,,,,4,2,계단식,121A,7.0,6.0,https://new.land.naver.com/complexes/122450?tab=detail&rf=Y,경상북도 안동시 옥동 945-12,경상북도,안동시,옥동,,,경상북도 안동시 옥동4길 48,0.0,243,39,17.0,0.89
[옥동],122450,2,제일리버빌1차,2000.12.,19.0,37.42,123.73,31.79,105.12,6,,,,,,,,,4,2,계단식,123B,7.0,6.0,https://new.land.naver.com/complexes/122450?tab=detail&rf=Y,경상북도 안동시 옥동 945-12,경상북도,안동시,옥동,,,경상북도 안동시 옥동4길 48,0.0,243,39,17.0,0.89
[옥동],122450,3,제일리버빌1차,2000.12.,19.0,38.68,127.9,32.86,108.66,5,,,,,,,,,4,2,계단식,127,7.0,6.0,https://new.land.naver.com/complexes/122450?tab=detail&rf=Y,경상북도 안동시 옥동 945-12,경상북도,안동시,옥동,,,경상북도 안동시 옥동4길 48,0.0,243,39,17.0,0.89
[옥동],122450,4,제일리버빌1차,2000.12.,19.0,41.52,137.26,35.27,116.61,1,,,,,,,,,4,2,계단식,137,7.0,6.0,https://new.land.naver.com/complexes/122450?tab=detail&rf=Y,경상북도 안동시 옥동 945-12,경상북도,안동시,옥동,,,경상북도 안동시 옥동4길 48,0.0,243,39,17.0,0.89
[옥동],122450,5,제일리버빌1차,2000.12.,19.0,43.93,145.23,37.32,123.39,1,,,,,,,,,4,2,계단식,145,7.0,6.0,https://new.land.naver.com/complexes/122450?tab=detail&rf=Y,경상북도 안동시 옥동 945-12,경상북도,안동시,옥동,,,경상북도 안동시 옥동4길 48,0.0,243,39,17.0,0.89
[옥동],122450,6,제일리버빌1차,2000.12.,19.0,50.45,166.79,42.86,141.7,1,,,,,,,,,4,2,계단식,166,7.0,6.0,https://new.land.naver.com/complexes/122450?tab=detail&rf=Y,경상북도 안동시 옥동 945-12,경상북도,안동시,옥동,,,경상북도 안동시 옥동4길 48,0.0,243,39,17.0,0.89
[옥동],6400,1,옥동삼성1차,1998.03.,508.0,26.09,86.28,22.38,74.01,150,,,,,,,,,3,1,계단식,86,15.0,14.0,https://new.land.naver.com/complexes/6400?tab=detail&rf=Y,경상북도 안동시 옥동 638-1,경상북도,안동시,옥동,,,경상북도 안동시 옥광1길 17,0.0,0,0,0.0,0.0
[옥동],6400,2,옥동삼성1차,1998.03.,508.0,29.49,97.51,25.7,84.96,358,,,,,,,,,3,2,계단식,97,15.0,14.0,https://new.land.naver.com/complexes/6400?tab=detail&rf=Y,경상북도 안동시 옥동 638-1,경상북도,안동시,옥동,,,경상북도 안동시 옥광1길 17,0.0,0,0,0.0,0.0
[옥동],6406,1,옥동주공3단지,1995.07.,1280.0,16.07,53.15,11.39,37.67,178,,,,,,,,,2,1,복도식,53,15.0,15.0,https://new.land.naver.com/complexes/6406?tab=detail&rf=Y,경상북도 안동시 옥동 974,경상북도,안동시,옥동,,,경상북도 안동시 은행나무로 106-6,0.0,208,17,544.0,0.42
[옥동],6406,2,옥동주공3단지,1995.07.,1280.0,23.95,79.19,17.58,58.14,1102,,,,,,,,,3,1,복도식,79,15.0,15.0,https://new.land.naver.com/complexes/6406?tab=detail&rf=Y,경상북도 안동시 옥동 974,경상북도,안동시,옥동,,,경상북도 안동시 은행나무로 106-6,0.0,208,17,544.0,0.42
[옥동],23679,1,제일리버빌2차,2001.11.,19.0,51.58,170.52,46.08,152.35,10,,,,,,,,,3,2,계단식,170,10.0,10.0,https://new.land.naver.com/complexes/23679?tab=detail&rf=Y,경상북도 안동시 옥동 983-2,경상북도,안동시,옥동,,,경상북도 안동시 옥동4길 37,0.0,316,49,28.0,1.47
[옥동],23679,2,제일리버빌2차,2001.11.,19.0,60.84,201.13,54.35,179.7,9,,,,,,,,,3,2,계단식,201,10.0,10.0,https://new.land.naver.com/complexes/23679?tab=detail&rf=Y,경상북도 안동시 옥동 983-2,경상북도,안동시,옥동,,,경상북도 안동시 옥동4길 37,0.0,316,49,28.0,1.47
[옥동],106195,1,안동옥동호반베르디움,2014.10.,575.0,33.62,111.15,25.7,84.96,384,,,,,,,,,3,2,계단식,111A,15.0,15.0,https://new.land.naver.com/complexes/106195?tab=detail&rf=Y,경상북도 안동시 옥동 920-4,경상북도,안동시,옥동,,,경상북도 안동시 옥서1길 70,0.0,179,19,757.0,1.32
[옥동],106195,2,안동옥동호반베르디움,2014.10.,575.0,33.79,111.72,25.69,84.94,118,,,,,,,,,3,2,계단식,111C,15.0,15.0,https://new.land.naver.com/complexes/106195?tab=detail&rf=Y,경상북도 안동시 옥동 920-4,경상북도,안동시,옥동,,,경상북도 안동시 옥서1길 70,0.0,179,19,757.0,1.32
[옥동],106195,3,안동옥동호반베르디움,2014.10.,575.0,33.68,111.37,25.7,84.96,73,,,,,,,,,3,2,계단식,111B,15.0,15.0,https://new.land.naver.com/complexes/106195?tab=detail&rf=Y,경상북도 안동시 옥동 920-4,경상북도,안동시,옥동,,,경상북도 안동시 옥서1길 70,0.0,179,19,757.0,1.32
[옥동],15933,1,옥동주공4단지,2002.09.,296.0,21.93,72.51,16.06,53.11,12,,,,,,,,,2,1,계단식,72,15.0,14.0,https://new.land.naver.com/complexes/15933?tab=detail&rf=Y,경상북도 안동시 옥동 739-1,경상북도,안동시,옥동,,,경상북도 안동시 복주길 65,0.0,178,16,237.0,0.8
[옥동],15933,2,옥동주공4단지,2002.09.,296.0,24.71,81.69,18.09,59.83,284,,,,,,,,,3,1,계단식,81,15.0,14.0,https://new.land.naver.com/complexes/15933?tab=detail&rf=Y,경상북도 안동시 옥동 739-1,경상북도,안동시,옥동,,,경상북도 안동시 복주길 65,0.0,178,16,237.0,0.8
[옥동],6403,1,삼성2차,1999.05.,210.0,30.11,99.56,25.65,84.81,210,,,,,,,,,3,2,계단식,99,15.0,15.0,https://new.land.naver.com/complexes/6403?tab=detail&rf=Y,경상북도 안동시 옥동 618-4,경상북도,안동시,옥동,,,경상북도 안동시 광명로 212-5,0.0,0,0,0.0,0.0
[옥동],23678,1,옥동두레마을,2000.11.,383.0,28.67,94.8,21.69,71.72,60,,,,,,,,,3,2,계단식,94,15.0,8.0,https://new.land.naver.com/complexes/23678?tab=detail&rf=Y,경상북도 안동시 옥동 766-1,경상북도,안동시,옥동,,,경상북도 안동시 복주2길 25,0.0,0,0,0.0,0.0
[옥동],23678,2,옥동두레마을,2000.11.,383.0,31.07,102.73,21.92,72.49,120,,,,,,,,,3,2,계단식,102,15.0,8.0,https://new.land.naver.com/complexes/23678?tab=detail&rf=Y,경상북도 안동시 옥동 766-1,경상북도,안동시,옥동,,,경상북도 안동시 복주2길 25,0.0,0,0,0.0,0.0
[옥동],23678,3,옥동두레마을,2000.11.,383.0,32.74,108.25,25.05,82.84,203,,,,,,,,,3,2,계단식,108,15.0,8.0,https://new.land.naver.com/complexes/23678?tab=detail&rf=Y,경상북도 안동시 옥동 766-1,경상북도,안동시,옥동,,,경상북도 안동시 복주2길 25,0.0,0,0,0.0,0.0
[옥동],106559,1,옥동효성해링턴플레이스,2015.02.,395.0,33.93,112.18,25.7,84.98,108,,,,,,,,,3,2,계단식,112B,18.0,9.0,https://new.land.naver.com/complexes/106559?tab=detail&rf=Y,경상북도 안동시 옥동 1443,경상북도,안동시,옥동,,,경상북도 안동시 경북대로 438,0.0,217,20,524.0,1.33
[옥동],106559,2,옥동효성해링턴플레이스,2015.02.,395.0,34.06,112.61,25.7,84.99,54,,,,,,,,,3,2,계단식,112C,18.0,9.0,https://new.land.naver.com/complexes/106559?tab=detail&rf=Y,경상북도 안동시 옥동 1443,경상북도,안동시,옥동,,,경상북도 안동시 경북대로 438,0.0,217,20,524.0,1.33
[옥동],106559,3,옥동효성해링턴플레이스,2015.02.,395.0,34.23,113.16,25.7,84.99,233,,,,,,,,,3,2,계단식,113A,18.0,9.0,https://new.land.naver.com/complexes/106559?tab=detail&rf=Y,경상북도 안동시 옥동 1443,경상북도,안동시,옥동,,,경상북도 안동시 경북대로 438,0.0,217,20,524.0,1.33
[옥동],104498,1,옥동휴먼시아8단지,2010.11.,612.0,29.29,96.83,22.63,74.83,104,,,,,,,,,3,2,계단식,96,15.0,11.0,https://new.land.naver.com/complexes/104498?tab=detail&rf=Y,경상북도 안동시 옥동 920-1,경상북도,안동시,옥동,,,경상북도 안동시 옥서1길 90,0.0,158,18,689.0,1.13
[옥동],104498,2,옥동휴먼시아8단지,2010.11.,612.0,33.25,109.92,25.69,84.95,416,,,,,,,,,3,2,계단식,109A,15.0,11.0,https://new.land.naver.com/complexes/104498?tab=detail&rf=Y,경상북도 안동시 옥동 920-1,경상북도,안동시,옥동,,,경상북도 안동시 옥서1길 90,0.0,158,18,689.0,1.13
[옥동],104498,3,옥동휴먼시아8단지,2010.11.,612.0,33.26,109.96,25.7,84.98,70,,,,,,,,,3,2,계단식,109B,15.0,11.0,https://new.land.naver.com/complexes/104498?tab=detail&rf=Y,경상북도 안동시 옥동 920-1,경상북도,안동시,옥동,,,경상북도 안동시 옥서1길 90,0.0,158,18,689.0,1.13
[옥동],104498,4,옥동휴먼시아8단지,2010.11.,612.0,33.21,109.8,25.67,84.86,13,,,,,,,,,3,2,계단식,109D,15.0,11.0,https://new.land.naver.com/complexes/104498?tab=detail&rf=Y,경상북도 안동시 옥동 920-1,경상북도,안동시,옥동,,,경상북도 안동시 옥서1길 90,0.0,158,18,689.0,1.13
[옥동],104498,5,옥동휴먼시아8단지,2010.11.,612.0,33.0,109.12,25.5,84.33,6,,,,,,,,,3,2,계단식,109C,15.0,11.0,https://new.land.naver.com/complexes/104498?tab=detail&rf=Y,경상북도 안동시 옥동 920-1,경상북도,안동시,옥동,,,경상북도 안동시 옥서1길 90,0.0,158,18,689.0,1.13
[옥동],104498,6,옥동휴먼시아8단지,2010.11.,612.0,33.22,109.82,25.67,84.87,3,,,,,,,,,3,2,계단식,109E,15.0,11.0,https://new.land.naver.com/complexes/104498?tab=detail&rf=Y,경상북도 안동시 옥동 920-1,경상북도,안동시,옥동,,,경상북도 안동시 옥서1길 90,0.0,158,18,689.0,1.13
[옥동],15932,1,옥동세영첼시빌,2003.02.,58.0,55.4,183.17,45.19,149.39,56,,,,,,,,,4,2,계단식,183,15.0,14.0,https://new.land.naver.com/complexes/15932?tab=detail&rf=Y,경상북도 안동시 옥동 784-1,경상북도,안동시,옥동,,,경상북도 안동시 광명로 133,0.0,286,24,118.0,2.03
[옥동],15932,2,옥동세영첼시빌,2003.02.,58.0,78.43,259.29,63.63,210.38,2,,,,,,,,,5,2,계단식,259,15.0,14.0,https://new.land.naver.com/complexes/15932?tab=detail&rf=Y,경상북도 안동시 옥동 784-1,경상북도,안동시,옥동,,,경상북도 안동시 광명로 133,0.0,286,24,118.0,2.03
[용상동],111899,1,e편한세상안동강변,2018.01.,393.0,25.06,82.85,17.96,59.4,114,,,,,,,,,3,2,계단식,82,19.0,15.0,https://new.land.naver.com/complexes/111899?tab=detail&rf=Y,경상북도 안동시 용상동 1638,경상북도,안동시,용상동,,,경상북도 안동시 중평길 107-16,0.0,248,22,511.0,1.3
[용상동],111899,2,e편한세상안동강변,2018.01.,393.0,31.15,102.98,23.49,77.66,136,,,,,,,,,3,2,계단식,102A,19.0,15.0,https://new.land.naver.com/complexes/111899?tab=detail&rf=Y,경상북도 안동시 용상동 1638,경상북도,안동시,용상동,,,경상북도 안동시 중평길 107-16,0.0,248,22,511.0,1.3
[용상동],111899,3,e편한세상안동강변,2018.01.,393.0,31.19,103.11,23.46,77.58,125,,,,,,,,,3,2,계단식,103B,19.0,15.0,https://new.land.naver.com/complexes/111899?tab=detail&rf=Y,경상북도 안동시 용상동 1638,경상북도,안동시,용상동,,,경상북도 안동시 중평길 107-16,0.0,248,22,511.0,1.3
[용상동],111899,4,e편한세상안동강변,2018.01.,393.0,31.79,105.1,23.73,78.46,17,,,,,,,,,3,2,계단식,105,19.0,15.0,https://new.land.naver.com/complexes/111899?tab=detail&rf=Y,경상북도 안동시 용상동 1638,경상북도,안동시,용상동,,,경상북도 안동시 중평길 107-16,0.0,248,22,511.0,1.3
[용상동],111899,5,e편한세상안동강변,2018.01.,393.0,46.79,154.68,35.2,116.39,1,,,,,,,,,3,2,계단식,154,19.0,15.0,https://new.land.naver.com/complexes/111899?tab=detail&rf=Y,경상북도 안동시 용상동 1638,경상북도,안동시,용상동,,,경상북도 안동시 중평길 107-16,0.0,248,22,511.0,1.3
[용상동],118943,1,안동신원아침도시에듀포레,2019.12.,272.0,30.52,100.91,22.66,74.92,34,,,,,,,,,3,2,계단식,100,18.0,9.0,https://new.land.naver.com/complexes/118943?tab=detail&rf=Y,경상북도 안동시 용상동 1641,경상북도,안동시,용상동,,,경상북도 안동시 길주길 39,0.0,0,0,356.0,1.31
[용상동],118943,2,안동신원아침도시에듀포레,2019.12.,272.0,32.84,108.58,25.7,84.96,155,,,,,,,,,3,2,계단식,108A,18.0,9.0,https://new.land.naver.com/complexes/118943?tab=detail&rf=Y,경상북도 안동시 용상동 1641,경상북도,안동시,용상동,,,경상북도 안동시 길주길 39,0.0,0,0,356.0,1.31
[용상동],118943,3,안동신원아침도시에듀포레,2019.12.,272.0,32.86,108.65,25.68,84.92,83,,,,,,,,,3,2,계단식,108B,18.0,9.0,https://new.land.naver.com/complexes/118943?tab=detail&rf=Y,경상북도 안동시 용상동 1641,경상북도,안동시,용상동,,,경상북도 안동시 길주길 39,0.0,0,0,356.0,1.31
[용상동],138746,1,안동용상풍림아이원리버파크,2023.06.,835.0,24.85,82.18,18.74,61.97,118,,,,,,,,,3,2,계단식,82A,21.0,13.0,https://new.land.naver.com/complexes/138746?tab=detail&rf=Y,경상북도 안동시 용상동 1167번지 일원,경상북도,안동시,용상동,,,경상북도 안동시,0.0,0,0,1111.0,1.33
[용상동],138746,2,안동용상풍림아이원리버파크,2023.06.,835.0,29.72,98.26,22.67,74.97,578,,,,,,,,,3,2,계단식,98A,21.0,13.0,https://new.land.naver.com/complexes/138746?tab=detail&rf=Y,경상북도 안동시 용상동 1167번지 일원,경상북도,안동시,용상동,,,경상북도 안동시,0.0,0,0,1111.0,1.33
[용상동],138746,3,안동용상풍림아이원리버파크,2023.06.,835.0,34.18,113.02,25.7,84.98,139,,,,,,,,,4,2,계단식,113A,21.0,13.0,https://new.land.naver.com/complexes/138746?tab=detail&rf=Y,경상북도 안동시 용상동 1167번지 일원,경상북도,안동시,용상동,,,경상북도 안동시,0.0,0,0,1111.0,1.33
[용상동],115699,1,용상화성파크드림,2019.01.,240.0,24.75,81.84,18.0,59.51,98,,,,,,,,,3,2,계단식,81,20.0,14.0,https://new.land.naver.com/complexes/115699?tab=detail&rf=Y,경상북도 안동시 용상동 1640,경상북도,안동시,용상동,,,경상북도 안동시 경동로 951,0.0,249,23,312.0,1.3
[용상동],115699,2,용상화성파크드림,2019.01.,240.0,30.01,99.21,21.91,72.45,66,,,,,,,,,3,2,계단식,99A,20.0,14.0,https://new.land.naver.com/complexes/115699?tab=detail&rf=Y,경상북도 안동시 용상동 1640,경상북도,안동시,용상동,,,경상북도 안동시 경동로 951,0.0,249,23,312.0,1.3
[용상동],115699,3,용상화성파크드림,2019.01.,240.0,30.16,99.73,21.91,72.45,15,,,,,,,,,3,2,계단식,99B,20.0,14.0,https://new.land.naver.com/complexes/115699?tab=detail&rf=Y,경상북도 안동시 용상동 1640,경상북도,안동시,용상동,,,경상북도 안동시 경동로 951,0.0,249,23,312.0,1.3
[용상동],115699,4,용상화성파크드림,2019.01.,240.0,35.2,116.39,25.69,84.95,57,,,,,,,,,3,2,계단식,116,20.0,14.0,https://new.land.naver.com/complexes/115699?tab=detail&rf=Y,경상북도 안동시 용상동 1640,경상북도,안동시,용상동,,,경상북도 안동시 경동로 951,0.0,249,23,312.0,1.3
[용상동],115699,5,용상화성파크드림,2019.01.,240.0,39.32,130.0,28.42,93.97,2,,,,,,,,,3,2,계단식,130,20.0,14.0,https://new.land.naver.com/complexes/115699?tab=detail&rf=Y,경상북도 안동시 용상동 1640,경상북도,안동시,용상동,,,경상북도 안동시 경동로 951,0.0,249,23,312.0,1.3
[용상동],115699,6,용상화성파크드림,2019.01.,240.0,51.94,171.73,37.71,124.68,2,,,,,,,,,3,3,계단식,171,20.0,14.0,https://new.land.naver.com/complexes/115699?tab=detail&rf=Y,경상북도 안동시 용상동 1640,경상북도,안동시,용상동,,,경상북도 안동시 경동로 951,0.0,249,23,312.0,1.3
[용상동],6442,1,주공본가타운,1999.07.,632.0,19.76,65.35,14.86,49.13,14,,,,,,,,,2,1,계단식,65,18.0,12.0,https://new.land.naver.com/complexes/6442?tab=detail&rf=Y,경상북도 안동시 용상동 1629,경상북도,안동시,용상동,,,경상북도 안동시 경동로 977-5,0.0,0,0,0.0,0.0
[용상동],6442,2,주공본가타운,1999.07.,632.0,23.34,77.17,18.14,59.99,228,,,,,,,,,3,1,계단식,77,18.0,12.0,https://new.land.naver.com/complexes/6442?tab=detail&rf=Y,경상북도 안동시 용상동 1629,경상북도,안동시,용상동,,,경상북도 안동시 경동로 977-5,0.0,0,0,0.0,0.0
[용상동],6442,3,주공본가타운,1999.07.,632.0,24.32,80.41,18.14,59.99,102,,,,,,,,,3,1,계단식,80,18.0,12.0,https://new.land.naver.com/complexes/6442?tab=detail&rf=Y,경상북도 안동시 용상동 1629,경상북도,안동시,용상동,,,경상북도 안동시 경동로 977-5,0.0,0,0,0.0,0.0
[용상동],6442,4,주공본가타운,1999.07.,632.0,32.27,106.7,25.64,84.79,288,,,,,,,,,3,1,계단식,106,18.0,12.0,https://new.land.naver.com/complexes/6442?tab=detail&rf=Y,경상북도 안동시 용상동 1629,경상북도,안동시,용상동,,,경상북도 안동시 경동로 977-5,0.0,0,0,0.0,0.0
[용상동],6446,1,현대(600),1995.06.,1533.0,22.06,72.94,17.96,59.4,377,,,,,,,,,3,1,복도식,72,15.0,11.0,https://new.land.naver.com/complexes/6446?tab=detail&rf=Y,경상북도 안동시 용상동 600,경상북도,안동시,용상동,,,경상북도 안동시 길주길 101-12,0.0,152,12,1264.0,0.82
[용상동],6446,2,현대(600),1995.06.,1533.0,23.37,77.27,17.96,59.4,534,,,,,,,,,3,1,복도식,77,15.0,11.0,https://new.land.naver.com/complexes/6446?tab=detail&rf=Y,경상북도 안동시 용상동 600,경상북도,안동시,용상동,,,경상북도 안동시 길주길 101-12,0.0,152,12,1264.0,0.82
[용상동],6446,3,현대(600),1995.06.,1533.0,31.56,104.35,25.7,84.98,472,,,,,,,,,3,2,계단식,104,15.0,11.0,https://new.land.naver.com/complexes/6446?tab=detail&rf=Y,경상북도 안동시 용상동 600,경상북도,안동시,용상동,,,경상북도 안동시 길주길 101-12,0.0,152,12,1264.0,0.82
[용상동],6446,4,현대(600),1995.06.,1533.0,38.42,127.04,30.85,101.99,60,,,,,,,,,4,2,계단식,127,15.0,11.0,https://new.land.naver.com/complexes/6446?tab=detail&rf=Y,경상북도 안동시 용상동 600,경상북도,안동시,용상동,,,경상북도 안동시 길주길 101-12,0.0,152,12,1264.0,0.82
[용상동],6446,5,현대(600),1995.06.,1533.0,49.93,165.08,40.66,134.43,90,,,,,,,,,4,2,계단식,165,15.0,11.0,https://new.land.naver.com/complexes/6446?tab=detail&rf=Y,경상북도 안동시 용상동 600,경상북도,안동시,용상동,,,경상북도 안동시 길주길 101-12,0.0,152,12,1264.0,0.82
[용상동],15704,1,현대(570-3),1989.09.,70.0,21.29,70.41,18.33,60.61,30,,,,,,,,,3,1,계단식,70,5.0,5.0,https://new.land.naver.com/complexes/15704?tab=detail&rf=Y,경상북도 안동시 용상동 570-3,경상북도,안동시,용상동,,,경상북도 안동시 길주길 189-7,0.0,0,0,0.0,0.0
[용상동],15704,2,현대(570-3),1989.09.,70.0,24.53,81.12,21.5,71.1,40,,,,,,,,,3,1,계단식,81,5.0,5.0,https://new.land.naver.com/complexes/15704?tab=detail&rf=Y,경상북도 안동시 용상동 570-3,경상북도,안동시,용상동,,,경상북도 안동시 길주길 189-7,0.0,0,0,0.0,0.0
[용상동],105038,1,안동용상세영리첼2차,2014.01.,198.0,25.74,85.1,17.93,59.29,198,,,,,,,,,3,2,계단식,85,18.0,12.0,https://new.land.naver.com/complexes/105038?tab=detail&rf=Y,경상북도 안동시 용상동 1636,경상북도,안동시,용상동,,,경상북도 안동시 중평길 55,0.0,213,19,220.0,1.11
[용상동],6419,1,주공3단지,1984.11.,230.0,14.38,47.57,12.92,42.74,12,,,,,,,,,2,1,계단식,47,5.0,5.0,https://new.land.naver.com/complexes/6419?tab=detail&rf=Y,경상북도 안동시 용상동 1606,경상북도,안동시,용상동,,,경상북도 안동시 전거리8길 73,0.0,0,0,0.0,0.0
[용상동],6419,2,주공3단지,1984.11.,230.0,16.56,54.77,14.88,49.22,103,,,,,,,,,2,1,계단식,54,5.0,5.0,https://new.land.naver.com/complexes/6419?tab=detail&rf=Y,경상북도 안동시 용상동 1606,경상북도,안동시,용상동,,,경상북도 안동시 전거리8길 73,0.0,0,0,0.0,0.0
[용상동],6419,3,주공3단지,1984.11.,230.0,19.96,65.99,17.93,59.3,115,,,,,,,,,3,1,계단식,65,5.0,5.0,https://new.land.naver.com/complexes/6419?tab=detail&rf=Y,경상북도 안동시 용상동 1606,경상북도,안동시,용상동,,,경상북도 안동시 전거리8길 73,0.0,0,0,0.0,0.0
[용상동],115301,1,상일맨션,1989.12.,55.0,22.78,75.32,20.75,68.6,10,,,,,,,,,3,1,계단식,75,5.0,5.0,https://new.land.naver.com/complexes/115301?tab=detail&rf=Y,경상북도 안동시 용상동 1165,경상북도,안동시,용상동,,,경상북도 안동시 중들6길 24,0.0,0,0,0.0,0.0
[용상동],115301,2,상일맨션,1989.12.,55.0,24.56,81.22,22.53,74.5,20,,,,,,,,,3,1,계단식,81B,5.0,5.0,https://new.land.naver.com/complexes/115301?tab=detail&rf=Y,경상북도 안동시 용상동 1165,경상북도,안동시,용상동,,,경상북도 안동시 중들6길 24,0.0,0,0,0.0,0.0
[용상동],115301,3,상일맨션,1989.12.,55.0,24.94,82.47,22.63,74.82,5,,,,,,,,,3,1,계단식,82C,5.0,5.0,https://new.land.naver.com/complexes/115301?tab=detail&rf=Y,경상북도 안동시 용상동 1165,경상북도,안동시,용상동,,,경상북도 안동시 중들6길 24,0.0,0,0,0.0,0.0
[용상동],115301,4,상일맨션,1989.12.,55.0,25.35,83.82,23.04,76.17,11,,,,,,,,,3,1,계단식,83D,5.0,5.0,https://new.land.naver.com/complexes/115301?tab=detail&rf=Y,경상북도 안동시 용상동 1165,경상북도,안동시,용상동,,,경상북도 안동시 중들6길 24,0.0,0,0,0.0,0.0
[용상동],115301,5,상일맨션,1989.12.,55.0,25.35,83.82,21.84,72.22,4,,,,,,,,,3,1,계단식,83A,5.0,5.0,https://new.land.naver.com/complexes/115301?tab=detail&rf=Y,경상북도 안동시 용상동 1165,경상북도,안동시,용상동,,,경상북도 안동시 중들6길 24,0.0,0,0,0.0,0.0
[용상동],115301,6,상일맨션,1989.12.,55.0,25.68,84.92,23.37,77.27,5,,,,,,,,,3,1,계단식,84,5.0,5.0,https://new.land.naver.com/complexes/115301?tab=detail&rf=Y,경상북도 안동시 용상동 1165,경상북도,안동시,용상동,,,경상북도 안동시 중들6길 24,0.0,0,0,0.0,0.0
[용상동],6428,1,주공5단지,1998.10.,856.0,20.14,66.61,14.91,49.29,68,,,,,,,,,2,1,계단식,66,18.0,15.0,https://new.land.naver.com/complexes/6428?tab=detail&rf=Y,경상북도 안동시 용상동 1625,경상북도,안동시,용상동,,,경상북도 안동시 경동로 977-6,0.0,0,0,0.0,0.0
[용상동],6428,2,주공5단지,1998.10.,856.0,20.65,68.29,15.01,49.62,356,,,,,,,,,2,1,복도식,68,18.0,15.0,https://new.land.naver.com/complexes/6428?tab=detail&rf=Y,경상북도 안동시 용상동 1625,경상북도,안동시,용상동,,,경상북도 안동시 경동로 977-6,0.0,0,0,0.0,0.0
[용상동],6428,3,주공5단지,1998.10.,856.0,24.32,80.4,18.14,59.99,288,,,,,,,,,3,1,계단식,80A,18.0,15.0,https://new.land.naver.com/complexes/6428?tab=detail&rf=Y,경상북도 안동시 용상동 1625,경상북도,안동시,용상동,,,경상북도 안동시 경동로 977-6,0.0,0,0,0.0,0.0
[용상동],6428,4,주공5단지,1998.10.,856.0,24.52,81.07,18.14,59.99,144,,,,,,,,,3,1,계단식,81B,18.0,15.0,https://new.land.naver.com/complexes/6428?tab=detail&rf=Y,경상북도 안동시 용상동 1625,경상북도,안동시,용상동,,,경상북도 안동시 경동로 977-6,0.0,0,0,0.0,0.0
[용상동],6417,1,주공2단지,1983.03.,300.0,13.14,43.47,11.51,38.07,90,,,,,,,,,2,1,계단식,43A,5.0,5.0,https://new.land.naver.com/complexes/6417?tab=detail&rf=Y,경상북도 안동시 용상동 1475,경상북도,안동시,용상동,,,경상북도 안동시 전거리8길 40,0.0,0,0,0.0,0.0
[용상동],6417,2,주공2단지,1983.03.,300.0,13.39,44.28,11.76,38.88,80,,,,,,,,,2,1,계단식,44B,5.0,5.0,https://new.land.naver.com/complexes/6417?tab=detail&rf=Y,경상북도 안동시 용상동 1475,경상북도,안동시,용상동,,,경상북도 안동시 전거리8길 40,0.0,0,0,0.0,0.0
[용상동],6417,3,주공2단지,1983.03.,300.0,15.35,50.76,13.72,45.36,69,,,,,,,,,2,1,계단식,50,5.0,5.0,https://new.land.naver.com/complexes/6417?tab=detail&rf=Y,경상북도 안동시 용상동 1475,경상북도,안동시,용상동,,,경상북도 안동시 전거리8길 40,0.0,0,0,0.0,0.0
[용상동],6417,4,주공2단지,1983.03.,300.0,17.96,59.4,16.33,54.0,61,,,,,,,,,3,1,계단식,59,5.0,5.0,https://new.land.naver.com/complexes/6417?tab=detail&rf=Y,경상북도 안동시 용상동 1475,경상북도,안동시,용상동,,,경상북도 안동시 전거리8길 40,0.0,0,0,0.0,0.0
[용상동],103571,1,안동세영리첼,2011.08.,622.0,33.28,110.04,25.63,84.74,87,,,,,,,,,3,2,계단식,110C,15.0,15.0,https://new.land.naver.com/complexes/103571?tab=detail&rf=Y,경상북도 안동시 용상동 1632,경상북도,안동시,용상동,,,경상북도 안동시 중평길 39,0.0,230,23,832.0,1.34
[용상동],103571,2,안동세영리첼,2011.08.,622.0,33.68,111.35,25.57,84.55,120,,,,,,,,,3,2,계단식,111B,15.0,15.0,https://new.land.naver.com/complexes/103571?tab=detail&rf=Y,경상북도 안동시 용상동 1632,경상북도,안동시,용상동,,,경상북도 안동시 중평길 39,0.0,230,23,832.0,1.34
[용상동],103571,3,안동세영리첼,2011.08.,622.0,33.89,112.05,25.58,84.59,295,,,,,,,,,3,2,계단식,112A,15.0,15.0,https://new.land.naver.com/complexes/103571?tab=detail&rf=Y,경상북도 안동시 용상동 1632,경상북도,안동시,용상동,,,경상북도 안동시 중평길 39,0.0,230,23,832.0,1.34
[용상동],103571,4,안동세영리첼,2011.08.,622.0,39.82,131.66,30.45,100.68,60,,,,,,,,,3,2,계단식,131,15.0,15.0,https://new.land.naver.com/complexes/103571?tab=detail&rf=Y,경상북도 안동시 용상동 1632,경상북도,안동시,용상동,,,경상북도 안동시 중평길 39,0.0,230,23,832.0,1.34
[용상동],103571,5,안동세영리첼,2011.08.,622.0,44.25,146.31,37.12,122.74,60,,,,,,,,,3,2,계단식,146,15.0,15.0,https://new.land.naver.com/complexes/103571?tab=detail&rf=Y,경상북도 안동시 용상동 1632,경상북도,안동시,용상동,,,경상북도 안동시 중평길 39,0.0,230,23,832.0,1.34
[용상동],6413,1,경동,1993.12.,195.0,24.74,81.79,18.1,59.86,75,,,,,,,,,3,1,복도식,81,15.0,15.0,https://new.land.naver.com/complexes/6413?tab=detail&rf=Y,경상북도 안동시 용상동 974-1,경상북도,안동시,용상동,,,경상북도 안동시 중들길 65,0.0,199,13,126.0,0.65
[용상동],6413,2,경동,1993.12.,195.0,31.02,102.56,25.7,84.99,120,,,,,,,,,3,2,계단식,102,15.0,15.0,https://new.land.naver.com/complexes/6413?tab=detail&rf=Y,경상북도 안동시 용상동 974-1,경상북도,안동시,용상동,,,경상북도 안동시 중들길 65,0.0,199,13,126.0,0.65
[용상동],6424,1,주공4단지,1988.11.,440.0,13.77,45.54,12.0,39.69,190,,,,,,,,,2,1,계단식,45B,5.0,5.0,https://new.land.naver.com/complexes/6424?tab=detail&rf=Y,경상북도 안동시 용상동 1557,경상북도,안동시,용상동,,,경상북도 안동시 전거리5길 13,0.0,0,0,0.0,0.0
[용상동],6424,2,주공4단지,1988.11.,440.0,13.65,45.15,11.88,39.3,169,,,,,,,,,2,1,계단식,45A,5.0,5.0,https://new.land.naver.com/complexes/6424?tab=detail&rf=Y,경상북도 안동시 용상동 1557,경상북도,안동시,용상동,,,경상북도 안동시 전거리5길 13,0.0,0,0,0.0,0.0
[용상동],6424,3,주공4단지,1988.11.,440.0,13.77,45.55,12.0,39.7,1,,,,,,,,,2,1,복도식,45,5.0,5.0,https://new.land.naver.com/complexes/6424?tab=detail&rf=Y,경상북도 안동시 용상동 1557,경상북도,안동시,용상동,,,경상북도 안동시 전거리5길 13,0.0,0,0,0.0,0.0
[용상동],6424,4,주공4단지,1988.11.,440.0,15.99,52.86,14.22,47.01,80,,,,,,,,,3,1,계단식,52,5.0,5.0,https://new.land.naver.com/complexes/6424?tab=detail&rf=Y,경상북도 안동시 용상동 1557,경상북도,안동시,용상동,,,경상북도 안동시 전거리5길 13,0.0,0,0,0.0,0.0
[용상동],6416,1,주공1단지,1980.09.,360.0,12.39,40.99,10.65,35.21,86,,,,,,,,,2,1,계단식,40B,5.0,5.0,https://new.land.naver.com/complexes/6416?tab=detail&rf=Y,경상북도 안동시 용상동 985-1,경상북도,안동시,용상동,,,경상북도 안동시 경동로 905,0.0,0,0,0.0,0.0
[용상동],6416,2,주공1단지,1980.09.,360.0,12.39,40.98,10.64,35.2,15,,,,,,,,,2,1,복도식,40,5.0,5.0,https://new.land.naver.com/complexes/6416?tab=detail&rf=Y,경상북도 안동시 용상동 985-1,경상북도,안동시,용상동,,,경상북도 안동시 경동로 905,0.0,0,0,0.0,0.0
[용상동],6416,3,주공1단지,1980.09.,360.0,12.69,41.98,10.77,35.63,129,,,,,,,,,2,1,계단식,41C,5.0,5.0,https://new.land.naver.com/complexes/6416?tab=detail&rf=Y,경상북도 안동시 용상동 985-1,경상북도,안동시,용상동,,,경상북도 안동시 경동로 905,0.0,0,0,0.0,0.0
[용상동],6416,4,주공1단지,1980.09.,360.0,12.87,42.55,10.95,36.2,130,,,,,,,,,2,1,계단식,42D,5.0,5.0,https://new.land.naver.com/complexes/6416?tab=detail&rf=Y,경상북도 안동시 용상동 985-1,경상북도,안동시,용상동,,,경상북도 안동시 경동로 905,0.0,0,0,0.0,0.0
[운안동],6465,1,상일대자연맨션,1990.12.,143.0,21.39,70.73,19.15,63.33,5,,,,,,,,,3,1,계단식,70,15.0,5.0,https://new.land.naver.com/complexes/6465?tab=detail&rf=Y,경상북도 안동시 운안동 343-1,경상북도,안동시,운안동,,,경상북도 안동시 새골2길 19-4,0.0,0,0,0.0,0.0
[운안동],6465,2,상일대자연맨션,1990.12.,143.0,27.79,91.87,25.55,84.47,25,,,,,,,,,3,1,계단식,91,15.0,5.0,https://new.land.naver.com/complexes/6465?tab=detail&rf=Y,경상북도 안동시 운안동 343-1,경상북도,안동시,운안동,,,경상북도 안동시 새골2길 19-4,0.0,0,0,0.0,0.0
[운안동],6465,3,상일대자연맨션,1990.12.,143.0,30.15,99.69,25.67,84.89,15,,,,,,,,,3,1,계단식,99,15.0,5.0,https://new.land.naver.com/complexes/6465?tab=detail&rf=Y,경상북도 안동시 운안동 343-1,경상북도,안동시,운안동,,,경상북도 안동시 새골2길 19-4,0.0,0,0,0.0,0.0
[운안동],6465,4,상일대자연맨션,1990.12.,143.0,32.12,106.2,25.7,84.96,98,,,,,,,,,3,2,계단식,106,15.0,5.0,https://new.land.naver.com/complexes/6465?tab=detail&rf=Y,경상북도 안동시 운안동 343-1,경상북도,안동시,운안동,,,경상북도 안동시 새골2길 19-4,0.0,0,0,0.0,0.0
[운안동],6461,1,명성한마음,2002.04.,268.0,22.88,75.64,18.1,59.85,112,,,,,,,,,3,1,계단식,75,15.0,8.0,https://new.land.naver.com/complexes/6461?tab=detail&rf=Y,경상북도 안동시 운안동 345,경상북도,안동시,운안동,,,경상북도 안동시 단원로 81-8,0.0,250,23,141.0,0.53
[운안동],6461,2,명성한마음,2002.04.,268.0,30.89,102.12,25.64,84.78,120,,,,,,,,,3,2,계단식,102,15.0,8.0,https://new.land.naver.com/complexes/6461?tab=detail&rf=Y,경상북도 안동시 운안동 345,경상북도,안동시,운안동,,,경상북도 안동시 단원로 81-8,0.0,250,23,141.0,0.53
[운안동],6461,3,명성한마음,2002.04.,268.0,43.98,145.4,37.79,124.95,36,,,,,,,,,4,2,계단식,145,15.0,8.0,https://new.land.naver.com/complexes/6461?tab=detail&rf=Y,경상북도 안동시 운안동 345,경상북도,안동시,운안동,,,경상북도 안동시 단원로 81-8,0.0,250,23,141.0,0.53
[운안동],15938,1,대원한숲타운,2001.09.,290.0,22.15,73.23,16.37,54.14,290,,,,,,,,,3,1,계단식,73,15.0,14.0,https://new.land.naver.com/complexes/15938?tab=detail&rf=Y,경상북도 안동시 운안동 331,경상북도,안동시,운안동,,,경상북도 안동시 한화길 37,0.0,225,17,208.0,0.72
[운안동],6456,1,대성맨션,1996.04.,62.0,23.28,76.97,18.13,59.94,38,,,,,,,,,3,1,계단식,76,12.0,8.0,https://new.land.naver.com/complexes/6456?tab=detail&rf=Y,경상북도 안동시 운안동 354,경상북도,안동시,운안동,,,경상북도 안동시 단원로 71-1,0.0,123,18,31.0,0.5
[운안동],6456,2,대성맨션,1996.04.,62.0,31.7,104.81,25.67,84.88,24,,,,,,,,,3,1,계단식,104,12.0,8.0,https://new.land.naver.com/complexes/6456?tab=detail&rf=Y,경상북도 안동시 운안동 354,경상북도,안동시,운안동,,,경상북도 안동시 단원로 71-1,0.0,123,18,31.0,0.5
[정하동],23636,1,강남,1993.11.,60.0,15.04,49.73,13.01,43.01,36,,,,,,,,,2,1,계단식,49,6.0,6.0,https://new.land.naver.com/complexes/23636?tab=detail&rf=Y,경상북도 안동시 정하동 371-1,경상북도,안동시,정하동,,,경상북도 안동시 운동장길 17,0.0,0,0,25.0,0.42
[정하동],23636,2,강남,1993.11.,60.0,20.14,66.61,18.11,59.89,12,,,,,,,,,2,1,계단식,66,6.0,6.0,https://new.land.naver.com/complexes/23636?tab=detail&rf=Y,경상북도 안동시 정하동 371-1,경상북도,안동시,정하동,,,경상북도 안동시 운동장길 17,0.0,0,0,25.0,0.42
[정하동],23636,3,강남,1993.11.,60.0,28.96,95.76,25.62,84.72,12,,,,,,,,,3,2,계단식,95,6.0,6.0,https://new.land.naver.com/complexes/23636?tab=detail&rf=Y,경상북도 안동시 정하동 371-1,경상북도,안동시,정하동,,,경상북도 안동시 운동장길 17,0.0,0,0,25.0,0.42
[정하동],23638,1,현진에버빌,2001.08.,600.0,24.9,82.32,18.1,59.84,150,,,,,,,,,3,1,계단식,82,15.0,15.0,https://new.land.naver.com/complexes/23638?tab=detail&rf=Y,경상북도 안동시 정하동 240-2,경상북도,안동시,정하동,,,경상북도 안동시 강남5길 92,0.0,216,18,607.0,1.01
[정하동],23638,2,현진에버빌,2001.08.,600.0,32.79,108.4,24.44,80.82,180,,,,,,,,,3,2,계단식,108,15.0,15.0,https://new.land.naver.com/complexes/23638?tab=detail&rf=Y,경상북도 안동시 정하동 240-2,경상북도,안동시,정하동,,,경상북도 안동시 강남5길 92,0.0,216,18,607.0,1.01
[정하동],23638,3,현진에버빌,2001.08.,600.0,34.17,112.99,25.7,84.96,270,,,,,,,,,3,2,계단식,112,15.0,15.0,https://new.land.naver.com/complexes/23638?tab=detail&rf=Y,경상북도 안동시 정하동 240-2,경상북도,안동시,정하동,,,경상북도 안동시 강남5길 92,0.0,216,18,607.0,1.01
[정하동],23639,1,현진에버빌2차,2003.12.,354.0,25.65,84.82,18.11,59.87,87,,,,,,,,,3,1,계단식,84A,15.0,14.0,https://new.land.naver.com/complexes/23639?tab=detail&rf=Y,경상북도 안동시 정하동 240-1,경상북도,안동시,정하동,,,경상북도 안동시 강남5길 112,0.0,202,21,288.0,0.81
[정하동],23639,2,현진에버빌2차,2003.12.,354.0,26.28,86.89,18.14,59.97,267,,,,,,,,,3,1,계단식,86B,15.0,14.0,https://new.land.naver.com/complexes/23639?tab=detail&rf=Y,경상북도 안동시 정하동 240-1,경상북도,안동시,정하동,,,경상북도 안동시 강남5길 112,0.0,202,21,288.0,0.81
[정하동],23640,1,현진에버빌3차,2004.04.,490.0,30.71,101.54,22.55,74.55,258,,,,,,,,,3,2,계단식,101,15.0,14.0,https://new.land.naver.com/complexes/23640?tab=detail&rf=Y,경상북도 안동시 정하동 299-1,경상북도,안동시,정하동,,,경상북도 안동시 강남1길 98-23,0.0,220,23,504.0,1.03
[정하동],23640,2,현진에버빌3차,2004.04.,490.0,36.29,119.97,25.6,84.66,232,,,,,,,,,3,2,계단식,119,15.0,14.0,https://new.land.naver.com/complexes/23640?tab=detail&rf=Y,경상북도 안동시 정하동 299-1,경상북도,안동시,정하동,,,경상북도 안동시 강남1길 98-23,0.0,220,23,504.0,1.03
[정하동],23637,1,석미한아름,2001.05.,344.0,16.35,54.05,11.26,37.24,104,,,,,,,,,2,1,계단식,54,15.0,13.0,https://new.land.naver.com/complexes/23637?tab=detail&rf=Y,경상북도 안동시 정하동 259-1,경상북도,안동시,정하동,,,경상북도 안동시 강남5길 103,16.0,188,17,253.0,0.74
[정하동],23637,2,석미한아름,2001.05.,344.0,24.5,81.01,16.92,55.95,120,,,,,,,,,2,1,계단식,81A,15.0,13.0,https://new.land.naver.com/complexes/23637?tab=detail&rf=Y,경상북도 안동시 정하동 259-1,경상북도,안동시,정하동,,,경상북도 안동시 강남5길 103,16.0,188,17,253.0,0.74
[정하동],23637,3,석미한아름,2001.05.,344.0,24.52,81.08,16.97,56.13,104,,,,,,,,,2,1,계단식,81B,15.0,13.0,https://new.land.naver.com/complexes/23637?tab=detail&rf=Y,경상북도 안동시 정하동 259-1,경상북도,안동시,정하동,,,경상북도 안동시 강남5길 103,16.0,188,17,253.0,0.74
[정하동],23635,1,화성드림파크,2004.06.,599.0,23.43,77.47,18.14,59.98,213,,,,,,,,,3,2,계단식,77,15.0,12.0,https://new.land.naver.com/complexes/23635?tab=detail&rf=Y,경상북도 안동시 정하동 300-1,경상북도,안동시,정하동,,,경상북도 안동시 강남1길 108,0.0,204,18,616.0,1.03
[정하동],23635,2,화성드림파크,2004.06.,599.0,29.15,96.38,23.19,76.67,116,,,,,,,,,3,2,계단식,96,15.0,12.0,https://new.land.naver.com/complexes/23635?tab=detail&rf=Y,경상북도 안동시 정하동 300-1,경상북도,안동시,정하동,,,경상북도 안동시 강남1길 108,0.0,204,18,616.0,1.03
[정하동],23635,3,화성드림파크,2004.06.,599.0,33.6,111.1,25.7,84.97,270,,,,,,,,,3,2,계단식,111,15.0,12.0,https://new.land.naver.com/complexes/23635?tab=detail&rf=Y,경상북도 안동시 정하동 300-1,경상북도,안동시,정하동,,,경상북도 안동시 강남1길 108,0.0,204,18,616.0,1.03
[정하동],126149,1,힐스타,2014.08.,19.0,27.04,89.42,22.98,75.97,18,,,,,,,,,3,2,계단식,89A,10.0,10.0,https://new.land.naver.com/complexes/126149?tab=detail&rf=Y,경상북도 안동시 정하동 295-3,경상북도,안동시,정하동,,,경상북도 안동시 충효로 4443,0.0,243,35,19.0,1.0
[정하동],126149,2,힐스타,2014.08.,19.0,27.39,90.55,23.26,76.92,1,,,,,,,,,3,2,계단식,90B,10.0,10.0,https://new.land.naver.com/complexes/126149?tab=detail&rf=Y,경상북도 안동시 정하동 295-3,경상북도,안동시,정하동,,,경상북도 안동시 충효로 4443,0.0,243,35,19.0,1.0
[태화동],6488,1,삼성3차,1999.05.,161.0,29.96,99.06,25.65,84.81,83,,,,,,,,,3,1,계단식,99,14.0,13.0,https://new.land.naver.com/complexes/6488?tab=detail&rf=Y,경상북도 안동시 태화동 877,경상북도,안동시,태화동,,,경상북도 안동시 말구리길 33,0.0,0,0,0.0,0.0
[태화동],6488,2,삼성3차,1999.05.,161.0,41.21,136.24,36.76,121.53,78,,,,,,,,,4,2,계단식,136,14.0,13.0,https://new.land.naver.com/complexes/6488?tab=detail&rf=Y,경상북도 안동시 태화동 877,경상북도,안동시,태화동,,,경상북도 안동시 말구리길 33,0.0,0,0,0.0,0.0
[태화동],6471,1,태성드림하이츠,1999.12.,231.0,23.67,78.27,18.15,60.0,175,,,,,,,,,3,1,복도식,78,15.0,11.0,https://new.land.naver.com/complexes/6471?tab=detail&rf=Y,경상북도 안동시 태화동 656,경상북도,안동시,태화동,,,경상북도 안동시 말구리길 87,0.0,226,22,233.0,1.01
[태화동],6471,2,태성드림하이츠,1999.12.,231.0,29.24,96.68,25.7,84.98,56,,,,,,,,,3,2,복도식,96,15.0,11.0,https://new.land.naver.com/complexes/6471?tab=detail&rf=Y,경상북도 안동시 태화동 656,경상북도,안동시,태화동,,,경상북도 안동시 말구리길 87,0.0,226,22,233.0,1.01
[태화동],104262,1,브라운스톤태화1단지,2014.01.,225.0,31.21,103.19,23.86,78.88,1,,,,,,,,,3,2,계단식,103A,15.0,15.0,https://new.land.naver.com/complexes/104262?tab=detail&rf=Y,경상북도 안동시 태화동 890,경상북도,안동시,태화동,,,경상북도 안동시 말구리길 50,0.0,228,25,295.0,1.31
[태화동],104262,2,브라운스톤태화1단지,2014.01.,225.0,33.48,110.68,25.68,84.91,132,,,,,,,,,3,2,계단식,110A,15.0,15.0,https://new.land.naver.com/complexes/104262?tab=detail&rf=Y,경상북도 안동시 태화동 890,경상북도,안동시,태화동,,,경상북도 안동시 말구리길 50,0.0,228,25,295.0,1.31
[태화동],104262,3,브라운스톤태화1단지,2014.01.,225.0,33.48,110.69,25.68,84.91,1,,,,,,,,,3,2,계단식,110B,15.0,15.0,https://new.land.naver.com/complexes/104262?tab=detail&rf=Y,경상북도 안동시 태화동 890,경상북도,안동시,태화동,,,경상북도 안동시 말구리길 50,0.0,228,25,295.0,1.31
[태화동],104262,4,브라운스톤태화1단지,2014.01.,225.0,33.81,111.8,25.57,84.55,90,,,,,,,,,3,2,계단식,111,15.0,15.0,https://new.land.naver.com/complexes/104262?tab=detail&rf=Y,경상북도 안동시 태화동 890,경상북도,안동시,태화동,,,경상북도 안동시 말구리길 50,0.0,228,25,295.0,1.31
[태화동],27874,1,안동롯데캐슬,2009.06.,246.0,35.2,116.39,25.7,84.96,40,,,,,,,,,3,2,계단식,116,15.0,9.0,https://new.land.naver.com/complexes/27874?tab=detail&rf=Y,경상북도 안동시 태화동 920,경상북도,안동시,태화동,,,경상북도 안동시 경북대로 340,0.0,233,45,415.0,1.69
[태화동],27874,2,안동롯데캐슬,2009.06.,246.0,39.86,131.78,30.67,101.39,14,,,,,,,,,3,2,계단식,131B,15.0,9.0,https://new.land.naver.com/complexes/27874?tab=detail&rf=Y,경상북도 안동시 태화동 920,경상북도,안동시,태화동,,,경상북도 안동시 경북대로 340,0.0,233,45,415.0,1.69
[태화동],27874,3,안동롯데캐슬,2009.06.,246.0,39.98,132.19,30.52,100.9,24,,,,,,,,,3,2,계단식,132A,15.0,9.0,https://new.land.naver.com/complexes/27874?tab=detail&rf=Y,경상북도 안동시 태화동 920,경상북도,안동시,태화동,,,경상북도 안동시 경북대로 340,0.0,233,45,415.0,1.69
[태화동],27874,4,안동롯데캐슬,2009.06.,246.0,47.42,156.79,38.77,128.19,66,,,,,,,,,4,2,계단식,156B,15.0,9.0,https://new.land.naver.com/complexes/27874?tab=detail&rf=Y,경상북도 안동시 태화동 920,경상북도,안동시,태화동,,,경상북도 안동시 경북대로 340,0.0,233,45,415.0,1.69
[태화동],27874,5,안동롯데캐슬,2009.06.,246.0,47.48,156.99,39.34,130.06,56,,,,,,,,,4,2,계단식,156A,15.0,9.0,https://new.land.naver.com/complexes/27874?tab=detail&rf=Y,경상북도 안동시 태화동 920,경상북도,안동시,태화동,,,경상북도 안동시 경북대로 340,0.0,233,45,415.0,1.69
[태화동],27874,6,안동롯데캐슬,2009.06.,246.0,56.17,185.71,46.09,152.38,14,,,,,,,,,4,2,계단식,185B,15.0,9.0,https://new.land.naver.com/complexes/27874?tab=detail&rf=Y,경상북도 안동시 태화동 920,경상북도,안동시,태화동,,,경상북도 안동시 경북대로 340,0.0,233,45,415.0,1.69
[태화동],27874,7,안동롯데캐슬,2009.06.,246.0,56.56,186.99,46.7,154.4,24,,,,,,,,,4,2,계단식,186A,15.0,9.0,https://new.land.naver.com/complexes/27874?tab=detail&rf=Y,경상북도 안동시 태화동 920,경상북도,안동시,태화동,,,경상북도 안동시 경북대로 340,0.0,233,45,415.0,1.69
[태화동],27874,8,안동롯데캐슬,2009.06.,246.0,62.17,205.53,51.37,169.82,8,,,,,,,,,4,3,계단식,205,15.0,9.0,https://new.land.naver.com/complexes/27874?tab=detail&rf=Y,경상북도 안동시 태화동 920,경상북도,안동시,태화동,,,경상북도 안동시 경북대로 340,0.0,233,45,415.0,1.69
[태화동],6504,1,현대,1990.12.,231.0,25.36,83.85,18.96,62.68,87,,,,,,,,,3,1,복도식,83,15.0,13.0,https://new.land.naver.com/complexes/6504?tab=detail&rf=Y,경상북도 안동시 태화동 634-209,경상북도,안동시,태화동,,,경상북도 안동시 광명로 227,0.0,0,0,0.0,0.0
[태화동],6504,2,현대,1990.12.,231.0,31.05,102.66,25.59,84.6,75,,,,,,,,,3,2,복도식,102B,15.0,13.0,https://new.land.naver.com/complexes/6504?tab=detail&rf=Y,경상북도 안동시 태화동 634-209,경상북도,안동시,태화동,,,경상북도 안동시 광명로 227,0.0,0,0,0.0,0.0
[태화동],6504,3,현대,1990.12.,231.0,30.93,102.27,25.48,84.24,15,,,,,,,,,3,2,계단식,102A,15.0,13.0,https://new.land.naver.com/complexes/6504?tab=detail&rf=Y,경상북도 안동시 태화동 634-209,경상북도,안동시,태화동,,,경상북도 안동시 광명로 227,0.0,0,0,0.0,0.0
[태화동],6504,4,현대,1990.12.,231.0,41.2,136.2,35.08,115.97,54,,,,,,,,,4,2,복도식,136,15.0,13.0,https://new.land.naver.com/complexes/6504?tab=detail&rf=Y,경상북도 안동시 태화동 634-209,경상북도,안동시,태화동,,,경상북도 안동시 광명로 227,0.0,0,0,0.0,0.0
[태화동],15941,1,태화,1978.10.,370.0,10.35,34.23,8.7,28.77,110,,,,,,,,,2,1,계단식,34B,5.0,5.0,https://new.land.naver.com/complexes/15941?tab=detail&rf=Y,경상북도 안동시 태화동 232-1,경상북도,안동시,태화동,,,경상북도 안동시 서악길 5,0.0,0,0,0.0,0.0
[태화동],15941,2,태화,1978.10.,370.0,10.33,34.18,8.68,28.72,40,,,,,,,,,2,1,계단식,34A,5.0,5.0,https://new.land.naver.com/complexes/15941?tab=detail&rf=Y,경상북도 안동시 태화동 232-1,경상북도,안동시,태화동,,,경상북도 안동시 서악길 5,0.0,0,0,0.0,0.0
[태화동],15941,3,태화,1978.10.,370.0,12.39,40.96,10.73,35.5,100,,,,,,,,,2,1,계단식,40C,5.0,5.0,https://new.land.naver.com/complexes/15941?tab=detail&rf=Y,경상북도 안동시 태화동 232-1,경상북도,안동시,태화동,,,경상북도 안동시 서악길 5,0.0,0,0,0.0,0.0
[태화동],15941,4,태화,1978.10.,370.0,12.23,40.44,10.58,34.98,40,,,,,,,,,2,1,계단식,40A,5.0,5.0,https://new.land.naver.com/complexes/15941?tab=detail&rf=Y,경상북도 안동시 태화동 232-1,경상북도,안동시,태화동,,,경상북도 안동시 서악길 5,0.0,0,0,0.0,0.0
[태화동],15941,5,태화,1978.10.,370.0,12.55,41.5,10.79,35.7,40,,,,,,,,,2,1,계단식,41,5.0,5.0,https://new.land.naver.com/complexes/15941?tab=detail&rf=Y,경상북도 안동시 태화동 232-1,경상북도,안동시,태화동,,,경상북도 안동시 서악길 5,0.0,0,0,0.0,0.0
[태화동],15941,6,태화,1978.10.,370.0,12.41,41.05,10.66,35.25,40,,,,,,,,,2,1,계단식,41B,5.0,5.0,https://new.land.naver.com/complexes/15941?tab=detail&rf=Y,경상북도 안동시 태화동 232-1,경상북도,안동시,태화동,,,경상북도 안동시 서악길 5,0.0,0,0,0.0,0.0
[태화동],109406,1,e편한세상안동2단지,2016.12.,133.0,25.3,83.65,18.02,59.58,82,,,,,,,,,3,2,계단식,83B,15.0,11.0,https://new.land.naver.com/complexes/109406?tab=detail&rf=Y,경상북도 안동시 태화동 923,경상북도,안동시,태화동,,,경상북도 안동시 경동로 404-7,0.0,170,24,175.0,1.32
[태화동],109406,2,e편한세상안동2단지,2016.12.,133.0,25.27,83.57,18.07,59.74,51,,,,,,,,,3,2,계단식,83A,15.0,11.0,https://new.land.naver.com/complexes/109406?tab=detail&rf=Y,경상북도 안동시 태화동 923,경상북도,안동시,태화동,,,경상북도 안동시 경동로 404-7,0.0,170,24,175.0,1.32
[태화동],109404,1,e편한세상안동1단지,2016.12.,288.0,28.73,94.98,21.46,70.97,90,,,,,,,,,3,2,계단식,94,15.0,11.0,https://new.land.naver.com/complexes/109404?tab=detail&rf=Y,경상북도 안동시 태화동 922,경상북도,안동시,태화동,,,경상북도 안동시 경동로 404-22,0.0,209,22,377.0,1.31
[태화동],109404,2,e편한세상안동1단지,2016.12.,288.0,28.9,95.54,21.67,71.64,114,,,,,,,,,3,2,계단식,95A,15.0,11.0,https://new.land.naver.com/complexes/109404?tab=detail&rf=Y,경상북도 안동시 태화동 922,경상북도,안동시,태화동,,,경상북도 안동시 경동로 404-22,0.0,209,22,377.0,1.31
[태화동],109404,3,e편한세상안동1단지,2016.12.,288.0,28.94,95.7,21.64,71.56,84,,,,,,,,,3,2,계단식,95B,15.0,11.0,https://new.land.naver.com/complexes/109404?tab=detail&rf=Y,경상북도 안동시 태화동 922,경상북도,안동시,태화동,,,경상북도 안동시 경동로 404-22,0.0,209,22,377.0,1.31
[태화동],6495,1,우성,1995.12.,386.0,22.76,75.25,18.1,59.85,176,,,,,,,,,3,1,계단식,75,15.0,13.0,https://new.land.naver.com/complexes/6495?tab=detail&rf=Y,경상북도 안동시 태화동 578-1,경상북도,안동시,태화동,,,경상북도 안동시 어가골윗길 10-3,0.0,0,0,0.0,0.0
[태화동],6495,2,우성,1995.12.,386.0,30.68,101.44,25.7,84.97,180,,,,,,,,,3,1,계단식,101,15.0,13.0,https://new.land.naver.com/complexes/6495?tab=detail&rf=Y,경상북도 안동시 태화동 578-1,경상북도,안동시,태화동,,,경상북도 안동시 어가골윗길 10-3,0.0,0,0,0.0,0.0
[태화동],6495,3,우성,1995.12.,386.0,45.14,149.24,39.06,129.15,30,,,,,,,,,4,2,계단식,149,15.0,13.0,https://new.land.naver.com/complexes/6495?tab=detail&rf=Y,경상북도 안동시 태화동 578-1,경상북도,안동시,태화동,,,경상북도 안동시 어가골윗길 10-3,0.0,0,0,0.0,0.0
[태화동],104546,1,브라운스톤태화2단지,2013.12.,114.0,33.39,110.41,25.68,84.91,65,,,,,,,,,3,2,계단식,110A,15.0,10.0,https://new.land.naver.com/complexes/104546?tab=detail&rf=Y,경상북도 안동시 태화동 878,경상북도,안동시,태화동,,,경상북도 안동시 말구리2길 55,0.0,184,21,114.0,1.0
[태화동],104546,2,브라운스톤태화2단지,2013.12.,114.0,33.39,110.41,25.68,84.91,23,,,,,,,,,3,2,계단식,110B,15.0,10.0,https://new.land.naver.com/complexes/104546?tab=detail&rf=Y,경상북도 안동시 태화동 878,경상북도,안동시,태화동,,,경상북도 안동시 말구리2길 55,0.0,184,21,114.0,1.0
[태화동],104546,3,브라운스톤태화2단지,2013.12.,114.0,33.39,110.41,25.68,84.91,1,,,,,,,,,3,2,계단식,110C,15.0,10.0,https://new.land.naver.com/complexes/104546?tab=detail&rf=Y,경상북도 안동시 태화동 878,경상북도,안동시,태화동,,,경상북도 안동시 말구리2길 55,0.0,184,21,114.0,1.0
[태화동],104546,4,브라운스톤태화2단지,2013.12.,114.0,33.39,110.41,25.68,84.91,1,,,,,,,,,3,2,계단식,110D,15.0,10.0,https://new.land.naver.com/complexes/104546?tab=detail&rf=Y,경상북도 안동시 태화동 878,경상북도,안동시,태화동,,,경상북도 안동시 말구리2길 55,0.0,184,21,114.0,1.0
[태화동],104546,5,브라운스톤태화2단지,2013.12.,114.0,33.39,110.41,25.68,84.91,1,,,,,,,,,3,2,계단식,110E,15.0,10.0,https://new.land.naver.com/complexes/104546?tab=detail&rf=Y,경상북도 안동시 태화동 878,경상북도,안동시,태화동,,,경상북도 안동시 말구리2길 55,0.0,184,21,114.0,1.0
[태화동],104546,6,브라운스톤태화2단지,2013.12.,114.0,33.73,111.53,25.57,84.55,23,,,,,,,,,3,2,계단식,111,15.0,10.0,https://new.land.naver.com/complexes/104546?tab=detail&rf=Y,경상북도 안동시 태화동 878,경상북도,안동시,태화동,,,경상북도 안동시 말구리2길 55,0.0,184,21,114.0,1.0
[태화동],15940,1,영남,1993.11.,68.0,21.64,71.56,18.09,59.82,6,,,,,,,,,2,1,계단식,71A,6.0,6.0,https://new.land.naver.com/complexes/15940?tab=detail&rf=Y,경상북도 안동시 태화동 634-163,경상북도,안동시,태화동,,,경상북도 안동시 불무골1길 50-6,0.0,178,31,0.0,0.0
[태화동],15940,2,영남,1993.11.,68.0,21.67,71.66,18.12,59.91,6,,,,,,,,,2,1,계단식,71C,6.0,6.0,https://new.land.naver.com/complexes/15940?tab=detail&rf=Y,경상북도 안동시 태화동 634-163,경상북도,안동시,태화동,,,경상북도 안동시 불무골1길 50-6,0.0,178,31,0.0,0.0
[태화동],15940,3,영남,1993.11.,68.0,21.78,72.02,18.11,59.88,12,,,,,,,,,2,1,계단식,72B,6.0,6.0,https://new.land.naver.com/complexes/15940?tab=detail&rf=Y,경상북도 안동시 태화동 634-163,경상북도,안동시,태화동,,,경상북도 안동시 불무골1길 50-6,0.0,178,31,0.0,0.0
[태화동],15940,4,영남,1993.11.,68.0,29.85,98.71,25.47,84.2,20,,,,,,,,,3,1,계단식,98A,6.0,6.0,https://new.land.naver.com/complexes/15940?tab=detail&rf=Y,경상북도 안동시 태화동 634-163,경상북도,안동시,태화동,,,경상북도 안동시 불무골1길 50-6,0.0,178,31,0.0,0.0
[태화동],15940,5,영남,1993.11.,68.0,30.4,100.5,25.67,84.89,24,,,,,,,,,3,1,계단식,100B,6.0,6.0,https://new.land.naver.com/complexes/15940?tab=detail&rf=Y,경상북도 안동시 태화동 634-163,경상북도,안동시,태화동,,,경상북도 안동시 불무골1길 50-6,0.0,178,31,0.0,0.0
[평화동],6529,1,평화현대,1996.12.,342.0,21.55,71.25,18.13,59.94,120,,,,,,,,,3,1,복도식,71,15.0,10.0,https://new.land.naver.com/complexes/6529?tab=detail&rf=Y,경상북도 안동시 평화동 164-48,경상북도,안동시,평화동,,,경상북도 안동시 감나무5길 15,0.0,209,20,223.0,0.65
[평화동],6529,2,평화현대,1996.12.,342.0,28.57,94.46,24.03,79.47,42,,,,,,,,,3,1,계단식,94,15.0,10.0,https://new.land.naver.com/complexes/6529?tab=detail&rf=Y,경상북도 안동시 평화동 164-48,경상북도,안동시,평화동,,,경상북도 안동시 감나무5길 15,0.0,209,20,223.0,0.65
[평화동],6529,3,평화현대,1996.12.,342.0,30.56,101.03,25.7,84.99,120,,,,,,,,,3,2,계단식,101,15.0,10.0,https://new.land.naver.com/complexes/6529?tab=detail&rf=Y,경상북도 안동시 평화동 164-48,경상북도,안동시,평화동,,,경상북도 안동시 감나무5길 15,0.0,209,20,223.0,0.65
[평화동],6529,4,평화현대,1996.12.,342.0,45.28,149.7,38.09,125.94,60,,,,,,,,,4,2,계단식,149,15.0,10.0,https://new.land.naver.com/complexes/6529?tab=detail&rf=Y,경상북도 안동시 평화동 164-48,경상북도,안동시,평화동,,,경상북도 안동시 감나무5길 15,0.0,209,20,223.0,0.65
[평화동],140227,1,영남하이파크,2013.01.,14.0,24.96,82.52,21.63,71.53,1,,,,,,,,,3,2,계단식,82,8.0,8.0,https://new.land.naver.com/complexes/140227?tab=detail&rf=Y,경상북도 안동시 평화동 156-159,경상북도,안동시,평화동,,,경상북도 안동시 평화길 25,0.0,170,31,14.0,1.0
[평화동],140227,2,영남하이파크,2013.01.,14.0,27.81,91.95,24.11,79.71,1,,,,,,,,,3,2,계단식,91,8.0,8.0,https://new.land.naver.com/complexes/140227?tab=detail&rf=Y,경상북도 안동시 평화동 156-159,경상북도,안동시,평화동,,,경상북도 안동시 평화길 25,0.0,170,31,14.0,1.0
[평화동],140227,3,영남하이파크,2013.01.,14.0,29.62,97.92,25.67,84.88,10,,,,,,,,,3,2,계단식,97,8.0,8.0,https://new.land.naver.com/complexes/140227?tab=detail&rf=Y,경상북도 안동시 평화동 156-159,경상북도,안동시,평화동,,,경상북도 안동시 평화길 25,0.0,170,31,14.0,1.0
[평화동],140227,4,영남하이파크,2013.01.,14.0,29.38,97.14,25.47,84.2,2,,,,,,,,,3,2,계단식,97,8.0,8.0,https://new.land.naver.com/complexes/140227?tab=detail&rf=Y,경상북도 안동시 평화동 156-159,경상북도,안동시,평화동,,,경상북도 안동시 평화길 25,0.0,170,31,14.0,1.0
[평화동],15708,1,영남,1992.06.,123.0,20.99,69.42,17.96,59.39,1,,,,,,,,,2,1,계단식,69,6.0,5.0,https://new.land.naver.com/complexes/15708?tab=detail&rf=Y,경상북도 안동시 평화동 394-8,경상북도,안동시,평화동,,,경상북도 안동시 평화길 41,0.0,0,0,0.0,0.0
[평화동],15708,2,영남,1992.06.,123.0,21.48,71.01,21.48,71.01,9,,,,,,,,,3,1,계단식,71,6.0,5.0,https://new.land.naver.com/complexes/15708?tab=detail&rf=Y,경상북도 안동시 평화동 394-8,경상북도,안동시,평화동,,,경상북도 안동시 평화길 41,0.0,0,0,0.0,0.0
[평화동],15708,3,영남,1992.06.,123.0,22.0,72.73,16.9,55.88,5,,,,,,,,,2,1,계단식,72,6.0,5.0,https://new.land.naver.com/complexes/15708?tab=detail&rf=Y,경상북도 안동시 평화동 394-8,경상북도,안동시,평화동,,,경상북도 안동시 평화길 41,0.0,0,0,0.0,0.0
[평화동],15708,4,영남,1992.06.,123.0,25.99,85.95,20.45,67.61,35,,,,,,,,,3,1,계단식,85,6.0,5.0,https://new.land.naver.com/complexes/15708?tab=detail&rf=Y,경상북도 안동시 평화동 394-8,경상북도,안동시,평화동,,,경상북도 안동시 평화길 41,0.0,0,0,0.0,0.0
[평화동],15708,5,영남,1992.06.,123.0,27.0,89.26,23.17,76.62,10,,,,,,,,,3,1,계단식,89,6.0,5.0,https://new.land.naver.com/complexes/15708?tab=detail&rf=Y,경상북도 안동시 평화동 394-8,경상북도,안동시,평화동,,,경상북도 안동시 평화길 41,0.0,0,0,0.0,0.0
[평화동],15708,6,영남,1992.06.,123.0,27.99,92.56,24.13,79.77,2,,,,,,,,,3,1,계단식,92,6.0,5.0,https://new.land.naver.com/complexes/15708?tab=detail&rf=Y,경상북도 안동시 평화동 394-8,경상북도,안동시,평화동,,,경상북도 안동시 평화길 41,0.0,0,0,0.0,0.0
[평화동],15708,7,영남,1992.06.,123.0,29.0,95.87,24.81,82.02,21,,,,,,,,,3,1,계단식,95,6.0,5.0,https://new.land.naver.com/complexes/15708?tab=detail&rf=Y,경상북도 안동시 평화동 394-8,경상북도,안동시,평화동,,,경상북도 안동시 평화길 41,0.0,0,0,0.0,0.0
[평화동],15708,8,영남,1992.06.,123.0,32.0,105.79,25.7,84.96,40,,,,,,,,,3,2,계단식,105,6.0,5.0,https://new.land.naver.com/complexes/15708?tab=detail&rf=Y,경상북도 안동시 평화동 394-8,경상북도,안동시,평화동,,,경상북도 안동시 평화길 41,0.0,0,0,0.0,0.0
[풍산읍],140442,1,경신,1995.10.,78.0,16.51,54.58,12.66,41.88,6,,,,,,,,,2,1,계단식,54,12.0,12.0,https://new.land.naver.com/complexes/140442?tab=detail&rf=Y,경상북도 안동시 풍산읍 안교리 114-4,경상북도,안동시,풍산읍,,,경상북도 안동시 어란안길 20-8,14.0,28,28,29.0,0.37
[풍산읍],140442,2,경신,1995.10.,78.0,21.3,70.43,16.34,54.04,10,,,,,,,,,3,1,계단식,70,12.0,12.0,https://new.land.naver.com/complexes/140442?tab=detail&rf=Y,경상북도 안동시 풍산읍 안교리 114-4,경상북도,안동시,풍산읍,,,경상북도 안동시 어란안길 20-8,14.0,28,28,29.0,0.37
[풍산읍],140442,3,경신,1995.10.,78.0,23.28,76.98,17.86,59.06,4,,,,,,,,,3,2,계단식,76,12.0,12.0,https://new.land.naver.com/complexes/140442?tab=detail&rf=Y,경상북도 안동시 풍산읍 안교리 114-4,경상북도,안동시,풍산읍,,,경상북도 안동시 어란안길 20-8,14.0,28,28,29.0,0.37
[풍산읍],140442,4,경신,1995.10.,78.0,23.61,78.05,18.11,59.88,44,,,,,,,,,3,2,계단식,78,12.0,12.0,https://new.land.naver.com/complexes/140442?tab=detail&rf=Y,경상북도 안동시 풍산읍 안교리 114-4,경상북도,안동시,풍산읍,,,경상북도 안동시 어란안길 20-8,14.0,28,28,29.0,0.37
[풍산읍],143896,1,안동역영무예다음포레스트,2024.09.,944.0,29.28,96.8,22.97,75.96,252,,,,,,,,,3,2,계단식,96A,22.0,14.0,https://new.land.naver.com/complexes/143896?tab=detail&rf=Y,경상북도 안동시 풍산읍 막곡리 막곡리 산 14-15번지 일원,경상북도,안동시,풍산읍,,,경상북도 안동시,0.0,0,0,1236.0,1.31
[풍산읍],143896,2,안동역영무예다음포레스트,2024.09.,944.0,29.28,96.81,22.96,75.92,247,,,,,,,,,3,2,계단식,96B,22.0,14.0,https://new.land.naver.com/complexes/143896?tab=detail&rf=Y,경상북도 안동시 풍산읍 막곡리 막곡리 산 14-15번지 일원,경상북도,안동시,풍산읍,,,경상북도 안동시,0.0,0,0,1236.0,1.31
[풍산읍],143896,3,안동역영무예다음포레스트,2024.09.,944.0,32.6,107.78,25.69,84.94,225,,,,,,,,,3,2,계단식,107A,22.0,14.0,https://new.land.naver.com/complexes/143896?tab=detail&rf=Y,경상북도 안동시 풍산읍 막곡리 막곡리 산 14-15번지 일원,경상북도,안동시,풍산읍,,,경상북도 안동시,0.0,0,0,1236.0,1.31
[풍산읍],143896,4,안동역영무예다음포레스트,2024.09.,944.0,32.6,107.8,25.67,84.88,220,,,,,,,,,3,2,계단식,107B,22.0,14.0,https://new.land.naver.com/complexes/143896?tab=detail&rf=Y,경상북도 안동시 풍산읍 막곡리 막곡리 산 14-15번지 일원,경상북도,안동시,풍산읍,,,경상북도 안동시,0.0,0,0,1236.0,1.31
