[광암동],14856,1,광암미군,1986.07.,102.0,19.62,64.89,18.01,59.56,78,,,,,,,,,2,1,계단식,64A,3.0,3.0,https://new.land.naver.com/complexes/14856?tab=detail&rf=Y,경기도 동두천시 광암동 476,경기도,동두천시,광암동,,,경기도 동두천시 삼육사로 1193,0.0,33,11,306.0,3.0
[광암동],14856,2,광암미군,1986.07.,102.0,19.99,66.1,18.36,60.7,24,,,,,,,,,2,1,계단식,66B,3.0,3.0,https://new.land.naver.com/complexes/14856?tab=detail&rf=Y,경기도 동두천시 광암동 476,경기도,동두천시,광암동,,,경기도 동두천시 삼육사로 1193,0.0,33,11,306.0,3.0
[광암동],107249,1,한성,1989.10.,98.0,14.23,47.07,10.49,34.68,3,,,,,,,,,2,1,계단식,47,5.0,3.0,https://new.land.naver.com/complexes/107249?tab=detail&rf=Y,경기도 동두천시 광암동 484-3,경기도,동두천시,광암동,,,경기도 동두천시 광암로17번길 15-2,0.0,121,62,16.0,0.16
[광암동],107249,2,한성,1989.10.,98.0,15.21,50.29,11.38,37.65,29,,,,,,,,,2,1,계단식,50,5.0,3.0,https://new.land.naver.com/complexes/107249?tab=detail&rf=Y,경기도 동두천시 광암동 484-3,경기도,동두천시,광암동,,,경기도 동두천시 광암로17번길 15-2,0.0,121,62,16.0,0.16
[광암동],107249,3,한성,1989.10.,98.0,16.21,53.6,13.32,44.04,66,,,,,,,,,2,1,계단식,53,5.0,3.0,https://new.land.naver.com/complexes/107249?tab=detail&rf=Y,경기도 동두천시 광암동 484-3,경기도,동두천시,광암동,,,경기도 동두천시 광암로17번길 15-2,0.0,121,62,16.0,0.16
[동두천동],111762,1,리젠시빌하우스,2012.02.,18.0,32.19,106.43,24.54,81.15,2,,,,,,,,,3,2,계단식,106A,10.0,10.0,https://new.land.naver.com/complexes/111762?tab=detail&rf=Y,경기도 동두천시 동두천동 109,경기도,동두천시,동두천동,,,경기도 동두천시 안창말로5번길 46,0.0,194,27,18.0,1.0
[동두천동],111762,2,리젠시빌하우스,2012.02.,18.0,32.41,107.15,24.71,81.69,7,,,,,,,,,3,2,계단식,107B,10.0,10.0,https://new.land.naver.com/complexes/111762?tab=detail&rf=Y,경기도 동두천시 동두천동 109,경기도,동두천시,동두천동,,,경기도 동두천시 안창말로5번길 46,0.0,194,27,18.0,1.0
[동두천동],111762,3,리젠시빌하우스,2012.02.,18.0,32.96,108.99,25.13,83.09,2,,,,,,,,,3,2,계단식,108A,10.0,10.0,https://new.land.naver.com/complexes/111762?tab=detail&rf=Y,경기도 동두천시 동두천동 109,경기도,동두천시,동두천동,,,경기도 동두천시 안창말로5번길 46,0.0,194,27,18.0,1.0
[동두천동],111762,4,리젠시빌하우스,2012.02.,18.0,33.08,109.38,25.22,83.39,7,,,,,,,,,3,2,계단식,109B,10.0,10.0,https://new.land.naver.com/complexes/111762?tab=detail&rf=Y,경기도 동두천시 동두천동 109,경기도,동두천시,동두천동,,,경기도 동두천시 안창말로5번길 46,0.0,194,27,18.0,1.0
[동두천동],27445,1,동두천신창비바패밀리2단지,2009.12.,76.0,34.47,113.98,25.67,84.87,76,,,,,,,,,3,2,계단식,113,14.0,12.0,https://new.land.naver.com/complexes/27445?tab=detail&rf=Y,경기도 동두천시 동두천동 524-1,경기도,동두천시,동두천동,,,경기도 동두천시 강변로664번길 46,0.0,172,23,82.0,1.08
[동두천동],27444,1,동두천신창비바패밀리1단지,2009.12.,409.0,34.12,112.81,25.67,84.87,291,,,,,,,,,3,2,계단식,112,15.0,12.0,https://new.land.naver.com/complexes/27444?tab=detail&rf=Y,경기도 동두천시 동두천동 524,경기도,동두천시,동두천동,,,경기도 동두천시 강변로664번길 45,0.0,236,24,466.0,1.14
[동두천동],27444,2,동두천신창비바패밀리1단지,2009.12.,409.0,39.24,129.72,30.68,101.45,118,,,,,,,,,3,2,계단식,129,15.0,12.0,https://new.land.naver.com/complexes/27444?tab=detail&rf=Y,경기도 동두천시 동두천동 524,경기도,동두천시,동두천동,,,경기도 동두천시 강변로664번길 45,0.0,236,24,466.0,1.14
[동두천동],27446,1,우방아이유쉘,2009.12.,221.0,34.37,113.65,25.69,84.93,57,,,,,,,,,3,2,계단식,113B,15.0,10.0,https://new.land.naver.com/complexes/27446?tab=detail&rf=Y,경기도 동두천시 동두천동 524-2,경기도,동두천시,동두천동,,,경기도 동두천시 강변로664번길 25,0.0,223,19,230.0,1.04
[동두천동],27446,2,우방아이유쉘,2009.12.,221.0,34.59,114.38,25.68,84.92,112,,,,,,,,,3,2,계단식,114A,15.0,10.0,https://new.land.naver.com/complexes/27446?tab=detail&rf=Y,경기도 동두천시 동두천동 524-2,경기도,동두천시,동두천동,,,경기도 동두천시 강변로664번길 25,0.0,223,19,230.0,1.04
[동두천동],27446,3,우방아이유쉘,2009.12.,221.0,34.71,114.76,25.68,84.92,52,,,,,,,,,3,2,계단식,114C,15.0,10.0,https://new.land.naver.com/complexes/27446?tab=detail&rf=Y,경기도 동두천시 동두천동 524-2,경기도,동두천시,동두천동,,,경기도 동두천시 강변로664번길 25,0.0,223,19,230.0,1.04
[보산동],106071,1,파크타운,2000.11.,96.0,20.24,66.93,16.43,54.33,16,,,,,,,,,2,1,계단식,66,4.0,4.0,https://new.land.naver.com/complexes/106071?tab=detail&rf=Y,경기도 동두천시 보산동 304-32,경기도,동두천시,보산동,,,경기도 동두천시 싸리말로 62,0.0,71,19,90.0,0.94
[보산동],106071,2,파크타운,2000.11.,96.0,22.35,73.91,18.12,59.93,64,,,,,,,,,3,1,계단식,73,4.0,4.0,https://new.land.naver.com/complexes/106071?tab=detail&rf=Y,경기도 동두천시 보산동 304-32,경기도,동두천시,보산동,,,경기도 동두천시 싸리말로 62,0.0,71,19,90.0,0.94
[보산동],106071,3,파크타운,2000.11.,96.0,23.28,76.99,18.83,62.28,16,,,,,,,,,3,1,계단식,76,4.0,4.0,https://new.land.naver.com/complexes/106071?tab=detail&rf=Y,경기도 동두천시 보산동 304-32,경기도,동두천시,보산동,,,경기도 동두천시 싸리말로 62,0.0,71,19,90.0,0.94
[보산동],11172,1,보산주공,1990.04.,190.0,15.09,49.91,12.0,39.69,100,,,,,,,,,2,1,계단식,49B,5.0,5.0,https://new.land.naver.com/complexes/11172?tab=detail&rf=Y,경기도 동두천시 보산동 400-1,경기도,동두천시,보산동,,,경기도 동두천시 동광로154번길 15,0.0,101,20,0.0,0.0
[보산동],11172,2,보산주공,1990.04.,190.0,14.96,49.48,11.88,39.3,50,,,,,,,,,2,1,계단식,49A,5.0,5.0,https://new.land.naver.com/complexes/11172?tab=detail&rf=Y,경기도 동두천시 보산동 400-1,경기도,동두천시,보산동,,,경기도 동두천시 동광로154번길 15,0.0,101,20,0.0,0.0
[보산동],11172,3,보산주공,1990.04.,190.0,17.41,57.57,14.12,46.68,40,,,,,,,,,3,1,계단식,57,5.0,5.0,https://new.land.naver.com/complexes/11172?tab=detail&rf=Y,경기도 동두천시 보산동 400-1,경기도,동두천시,보산동,,,경기도 동두천시 동광로154번길 15,0.0,101,20,0.0,0.0
[보산동],112856,1,한전,1989.12.,58.0,18.85,62.33,14.13,46.74,10,,,,,,,,,2,1,계단식,62,6.0,5.0,https://new.land.naver.com/complexes/112856?tab=detail&rf=Y,경기도 동두천시 보산동 404-77,경기도,동두천시,보산동,,,경기도 동두천시 동광로154번길 12,0.0,0,0,0.0,0.0
[보산동],112856,2,한전,1989.12.,58.0,20.97,69.35,15.9,52.59,10,,,,,,,,,2,1,계단식,69,6.0,5.0,https://new.land.naver.com/complexes/112856?tab=detail&rf=Y,경기도 동두천시 보산동 404-77,경기도,동두천시,보산동,,,경기도 동두천시 동광로154번길 12,0.0,0,0,0.0,0.0
[보산동],112856,3,한전,1989.12.,58.0,25.1,82.98,19.35,63.99,20,,,,,,,,,3,2,계단식,82,6.0,5.0,https://new.land.naver.com/complexes/112856?tab=detail&rf=Y,경기도 동두천시 보산동 404-77,경기도,동두천시,보산동,,,경기도 동두천시 동광로154번길 12,0.0,0,0,0.0,0.0
[보산동],112856,4,한전,1989.12.,58.0,29.79,98.5,23.79,78.66,12,,,,,,,,,3,2,계단식,98A,6.0,5.0,https://new.land.naver.com/complexes/112856?tab=detail&rf=Y,경기도 동두천시 보산동 404-77,경기도,동두천시,보산동,,,경기도 동두천시 동광로154번길 12,0.0,0,0,0.0,0.0
[보산동],112856,5,한전,1989.12.,58.0,29.85,98.68,24.25,80.19,6,,,,,,,,,3,2,계단식,98B,6.0,5.0,https://new.land.naver.com/complexes/112856?tab=detail&rf=Y,경기도 동두천시 보산동 404-77,경기도,동두천시,보산동,,,경기도 동두천시 동광로154번길 12,0.0,0,0,0.0,0.0
[상패동],25056,1,조흥,1991.05.,84.0,22.04,72.89,17.3,57.22,6,,,,,,,,,2,1,계단식,72A,6.0,6.0,https://new.land.naver.com/complexes/25056?tab=detail&rf=Y,경기도 동두천시 상패동 53-3,경기도,동두천시,상패동,,,경기도 동두천시 상패로 54,0.0,0,0,0.0,0.0
[상패동],25056,2,조흥,1991.05.,84.0,22.37,73.98,17.62,58.26,12,,,,,,,,,2,1,계단식,73B,6.0,6.0,https://new.land.naver.com/complexes/25056?tab=detail&rf=Y,경기도 동두천시 상패동 53-3,경기도,동두천시,상패동,,,경기도 동두천시 상패로 54,0.0,0,0,0.0,0.0
[상패동],25056,3,조흥,1991.05.,84.0,22.82,75.45,18.05,59.67,12,,,,,,,,,3,1,계단식,75B,6.0,6.0,https://new.land.naver.com/complexes/25056?tab=detail&rf=Y,경기도 동두천시 상패동 53-3,경기도,동두천시,상패동,,,경기도 동두천시 상패로 54,0.0,0,0,0.0,0.0
[상패동],25056,4,조흥,1991.05.,84.0,22.89,75.7,18.13,59.94,4,,,,,,,,,3,1,계단식,75C,6.0,6.0,https://new.land.naver.com/complexes/25056?tab=detail&rf=Y,경기도 동두천시 상패동 53-3,경기도,동두천시,상패동,,,경기도 동두천시 상패로 54,0.0,0,0,0.0,0.0
[상패동],25056,5,조흥,1991.05.,84.0,22.74,75.2,17.98,59.44,2,,,,,,,,,3,1,계단식,75A,6.0,6.0,https://new.land.naver.com/complexes/25056?tab=detail&rf=Y,경기도 동두천시 상패동 53-3,경기도,동두천시,상패동,,,경기도 동두천시 상패로 54,0.0,0,0,0.0,0.0
[상패동],25056,6,조흥,1991.05.,84.0,31.73,104.9,25.68,84.9,47,,,,,,,,,3,2,계단식,104,6.0,6.0,https://new.land.naver.com/complexes/25056?tab=detail&rf=Y,경기도 동두천시 상패동 53-3,경기도,동두천시,상패동,,,경기도 동두천시 상패로 54,0.0,0,0,0.0,0.0
[상패동],25056,7,조흥,1991.05.,84.0,31.46,104.0,25.41,84.0,1,,,,,,,,,3,2,복도식,104,6.0,6.0,https://new.land.naver.com/complexes/25056?tab=detail&rf=Y,경기도 동두천시 상패동 53-3,경기도,동두천시,상패동,,,경기도 동두천시 상패로 54,0.0,0,0,0.0,0.0
[상패동],107588,1,대광,1991.07.,12.0,36.75,121.52,28.31,93.6,12,,,,,,,,,3,2,복도식,121,6.0,6.0,https://new.land.naver.com/complexes/107588?tab=detail&rf=Y,경기도 동두천시 상패동 65-6,경기도,동두천시,상패동,,,경기도 동두천시 어수로 31-1,0.0,0,0,0.0,0.0
[상패동],15928,1,동두천동남,1993.12.,82.0,21.23,70.2,18.11,59.89,69,,,,,,,,,2,1,계단식,70A,14.0,13.0,https://new.land.naver.com/complexes/15928?tab=detail&rf=Y,경기도 동두천시 상패동 2-53,경기도,동두천시,상패동,,,경기도 동두천시 상패로 187,0.0,304,27,0.0,0.0
[상패동],15928,2,동두천동남,1993.12.,82.0,21.26,70.3,18.14,59.98,13,,,,,,,,,3,1,계단식,70B,14.0,13.0,https://new.land.naver.com/complexes/15928?tab=detail&rf=Y,경기도 동두천시 상패동 2-53,경기도,동두천시,상패동,,,경기도 동두천시 상패로 187,0.0,304,27,0.0,0.0
[상패동],11881,1,상패주공,1997.06.,498.0,16.48,54.51,12.09,39.99,89,,,,,,,,,2,1,복도식,54,15.0,12.0,https://new.land.naver.com/complexes/11881?tab=detail&rf=Y,경기도 동두천시 상패동 61,경기도,동두천시,상패동,,,경기도 동두천시 어수로 29-16,0.0,181,16,0.0,0.0
[상패동],11881,2,상패주공,1997.06.,498.0,20.58,68.04,15.07,49.84,268,,,,,,,,,2,1,복도식,68A,15.0,12.0,https://new.land.naver.com/complexes/11881?tab=detail&rf=Y,경기도 동두천시 상패동 61,경기도,동두천시,상패동,,,경기도 동두천시 어수로 29-16,0.0,181,16,0.0,0.0
[상패동],11881,3,상패주공,1997.06.,498.0,20.74,68.58,15.11,49.97,141,,,,,,,,,2,1,복도식,68B,15.0,12.0,https://new.land.naver.com/complexes/11881?tab=detail&rf=Y,경기도 동두천시 상패동 61,경기도,동두천시,상패동,,,경기도 동두천시 어수로 29-16,0.0,181,16,0.0,0.0
[생연동],23208,1,파크타운,2003.07.,60.0,28.01,92.61,22.6,74.72,50,,,,,,,,,3,2,계단식,92,12.0,12.0,https://new.land.naver.com/complexes/23208?tab=detail&rf=Y,경기도 동두천시 생연동 664-59,경기도,동두천시,생연동,,,경기도 동두천시 어수로83번길 36,0.0,558,57,52.0,0.87
[생연동],23208,2,파크타운,2003.07.,60.0,30.83,101.94,24.88,82.25,10,,,,,,,,,3,2,계단식,101,12.0,12.0,https://new.land.naver.com/complexes/23208?tab=detail&rf=Y,경기도 동두천시 생연동 664-59,경기도,동두천시,생연동,,,경기도 동두천시 어수로83번길 36,0.0,558,57,52.0,0.87
[생연동],121508,1,오성빌리지(도시형),2013.06.,16.0,11.54,38.15,9.01,29.81,8,,,,,,,,,1,1,계단식,38A,6.0,6.0,https://new.land.naver.com/complexes/121508?tab=detail&rf=Y,경기도 동두천시 생연동 225-31,경기도,동두천시,생연동,,,경기도 동두천시 장고갯로 133,0.0,246,59,8.0,0.5
[생연동],121508,2,오성빌리지(도시형),2013.06.,16.0,11.87,39.26,9.28,30.68,4,,,,,,,,,1,1,계단식,39B,6.0,6.0,https://new.land.naver.com/complexes/121508?tab=detail&rf=Y,경기도 동두천시 생연동 225-31,경기도,동두천시,생연동,,,경기도 동두천시 장고갯로 133,0.0,246,59,8.0,0.5
[생연동],121508,3,오성빌리지(도시형),2013.06.,16.0,12.23,40.43,9.55,31.59,4,,,,,,,,,1,1,계단식,40C,6.0,6.0,https://new.land.naver.com/complexes/121508?tab=detail&rf=Y,경기도 동두천시 생연동 225-31,경기도,동두천시,생연동,,,경기도 동두천시 장고갯로 133,0.0,246,59,8.0,0.5
[생연동],110972,1,화성1차,1989.11.,30.0,22.91,75.74,17.58,58.14,30,,,,,,,,,3,2,계단식,75,5.0,5.0,https://new.land.naver.com/complexes/110972?tab=detail&rf=Y,경기도 동두천시 생연동 497-1,경기도,동두천시,생연동,,,경기도 동두천시 동광로 97,0.0,0,0,0.0,0.0
[생연동],27599,1,동두천생연월드메르디앙,2009.07.,361.0,23.56,77.91,18.12,59.91,44,,,,,,,,,3,2,계단식,77,15.0,5.0,https://new.land.naver.com/complexes/27599?tab=detail&rf=Y,경기도 동두천시 생연동 231,경기도,동두천시,생연동,,,경기도 동두천시 장고갯로 116,0.0,249,23,382.0,1.06
[생연동],27599,2,동두천생연월드메르디앙,2009.07.,361.0,33.56,110.95,25.53,84.41,257,,,,,,,,,3,2,계단식,110,15.0,5.0,https://new.land.naver.com/complexes/27599?tab=detail&rf=Y,경기도 동두천시 생연동 231,경기도,동두천시,생연동,,,경기도 동두천시 장고갯로 116,0.0,249,23,382.0,1.06
[생연동],27599,3,동두천생연월드메르디앙,2009.07.,361.0,38.5,127.3,30.05,99.34,60,,,,,,,,,3,2,계단식,127,15.0,5.0,https://new.land.naver.com/complexes/27599?tab=detail&rf=Y,경기도 동두천시 생연동 231,경기도,동두천시,생연동,,,경기도 동두천시 장고갯로 116,0.0,249,23,382.0,1.06
[생연동],105288,1,브라운스톤동두천,2014.09.,278.0,25.3,83.64,18.11,59.89,20,,,,,,,,,3,2,계단식,83B,20.0,20.0,https://new.land.naver.com/complexes/105288?tab=detail&rf=Y,경기도 동두천시 생연동 832,경기도,동두천시,생연동,,,경기도 동두천시 장고갯로 23,0.0,340,41,262.0,0.94
[생연동],105288,2,브라운스톤동두천,2014.09.,278.0,25.49,84.28,18.11,59.9,40,,,,,,,,,3,2,계단식,84A,20.0,20.0,https://new.land.naver.com/complexes/105288?tab=detail&rf=Y,경기도 동두천시 생연동 832,경기도,동두천시,생연동,,,경기도 동두천시 장고갯로 23,0.0,340,41,262.0,0.94
[생연동],105288,3,브라운스톤동두천,2014.09.,278.0,34.06,112.62,25.7,84.96,125,,,,,,,,,3,2,계단식,112B,20.0,20.0,https://new.land.naver.com/complexes/105288?tab=detail&rf=Y,경기도 동두천시 생연동 832,경기도,동두천시,생연동,,,경기도 동두천시 장고갯로 23,0.0,340,41,262.0,0.94
[생연동],105288,4,브라운스톤동두천,2014.09.,278.0,33.98,112.35,25.68,84.92,74,,,,,,,,,3,2,계단식,112A,20.0,20.0,https://new.land.naver.com/complexes/105288?tab=detail&rf=Y,경기도 동두천시 생연동 832,경기도,동두천시,생연동,,,경기도 동두천시 장고갯로 23,0.0,340,41,262.0,0.94
[생연동],105288,5,브라운스톤동두천,2014.09.,278.0,33.91,112.11,25.69,84.94,19,,,,,,,,,3,2,계단식,112C,20.0,20.0,https://new.land.naver.com/complexes/105288?tab=detail&rf=Y,경기도 동두천시 생연동 832,경기도,동두천시,생연동,,,경기도 동두천시 장고갯로 23,0.0,340,41,262.0,0.94
[생연동],14513,1,에이스5차,2002.08.,391.0,23.54,77.83,16.29,53.88,65,,,,,,,,,3,1,복도식,77,22.0,11.0,https://new.land.naver.com/complexes/14513?tab=detail&rf=Y,경기도 동두천시 생연동 356,경기도,동두천시,생연동,,,경기도 동두천시 삼육사로1002번길 47,0.0,325,22,394.0,1.01
[생연동],14513,2,에이스5차,2002.08.,391.0,24.72,81.75,18.12,59.91,68,,,,,,,,,3,1,계단식,81,22.0,11.0,https://new.land.naver.com/complexes/14513?tab=detail&rf=Y,경기도 동두천시 생연동 356,경기도,동두천시,생연동,,,경기도 동두천시 삼육사로1002번길 47,0.0,325,22,394.0,1.01
[생연동],14513,3,에이스5차,2002.08.,391.0,33.18,109.7,25.69,84.95,207,,,,,,,,,3,2,계단식,109A,22.0,11.0,https://new.land.naver.com/complexes/14513?tab=detail&rf=Y,경기도 동두천시 생연동 356,경기도,동두천시,생연동,,,경기도 동두천시 삼육사로1002번길 47,0.0,325,22,394.0,1.01
[생연동],14513,4,에이스5차,2002.08.,391.0,33.18,109.71,25.7,84.96,17,,,,,,,,,3,2,계단식,109B,22.0,11.0,https://new.land.naver.com/complexes/14513?tab=detail&rf=Y,경기도 동두천시 생연동 356,경기도,동두천시,생연동,,,경기도 동두천시 삼육사로1002번길 47,0.0,325,22,394.0,1.01
[생연동],14513,5,에이스5차,2002.08.,391.0,38.72,128.02,30.83,101.93,34,,,,,,,,,4,2,계단식,128,22.0,11.0,https://new.land.naver.com/complexes/14513?tab=detail&rf=Y,경기도 동두천시 생연동 356,경기도,동두천시,생연동,,,경기도 동두천시 삼육사로1002번길 47,0.0,325,22,394.0,1.01
[생연동],111480,1,화성3차,1991.01.,42.0,23.05,76.23,18.13,59.94,24,,,,,,,,,3,1,계단식,76,6.0,6.0,https://new.land.naver.com/complexes/111480?tab=detail&rf=Y,경기도 동두천시 생연동 531-4,경기도,동두천시,생연동,,,경기도 동두천시 동광로154번길 35,0.0,0,0,0.0,0.0
[생연동],111480,2,화성3차,1991.01.,42.0,25.02,82.74,19.81,65.52,6,,,,,,,,,3,1,계단식,82,6.0,6.0,https://new.land.naver.com/complexes/111480?tab=detail&rf=Y,경기도 동두천시 생연동 531-4,경기도,동두천시,생연동,,,경기도 동두천시 동광로154번길 35,0.0,0,0,0.0,0.0
[생연동],111480,3,화성3차,1991.01.,42.0,27.34,90.4,20.17,66.69,6,,,,,,,,,3,2,계단식,90A,6.0,6.0,https://new.land.naver.com/complexes/111480?tab=detail&rf=Y,경기도 동두천시 생연동 531-4,경기도,동두천시,생연동,,,경기도 동두천시 동광로154번길 35,0.0,0,0,0.0,0.0
[생연동],111480,4,화성3차,1991.01.,42.0,27.31,90.3,21.78,72.0,6,,,,,,,,,3,2,계단식,90B,6.0,6.0,https://new.land.naver.com/complexes/111480?tab=detail&rf=Y,경기도 동두천시 생연동 531-4,경기도,동두천시,생연동,,,경기도 동두천시 동광로154번길 35,0.0,0,0,0.0,0.0
[생연동],10527,1,생연주공(163),1996.10.,504.0,16.07,53.15,11.39,37.67,89,,,,,,,,,2,1,복도식,53,15.0,15.0,https://new.land.naver.com/complexes/10527?tab=detail&rf=Y,경기도 동두천시 생연동 163,경기도,동두천시,생연동,,,경기도 동두천시 중앙로 424,0.0,219,16,243.0,0.48
[생연동],10527,2,생연주공(163),1996.10.,504.0,23.89,78.98,17.58,58.14,415,,,,,,,,,3,1,복도식,78,15.0,15.0,https://new.land.naver.com/complexes/10527?tab=detail&rf=Y,경기도 동두천시 생연동 163,경기도,동두천시,생연동,,,경기도 동두천시 중앙로 424,0.0,219,16,243.0,0.48
[생연동],14702,1,태양,1990.02.,66.0,17.39,57.49,13.31,44.02,24,,,,,,,,,2,1,복도식,57,6.0,6.0,https://new.land.naver.com/complexes/14702?tab=detail&rf=Y,경기도 동두천시 생연동 280-2,경기도,동두천시,생연동,,,경기도 동두천시 못골로49번길 101,0.0,0,0,0.0,0.0
[생연동],14702,2,태양,1990.02.,66.0,24.58,81.27,19.43,64.26,24,,,,,,,,,3,1,계단식,81,6.0,6.0,https://new.land.naver.com/complexes/14702?tab=detail&rf=Y,경기도 동두천시 생연동 280-2,경기도,동두천시,생연동,,,경기도 동두천시 못골로49번길 101,0.0,0,0,0.0,0.0
[생연동],14702,3,태양,1990.02.,66.0,30.27,100.08,22.76,75.24,6,,,,,,,,,3,2,복도식,100,6.0,6.0,https://new.land.naver.com/complexes/14702?tab=detail&rf=Y,경기도 동두천시 생연동 280-2,경기도,동두천시,생연동,,,경기도 동두천시 못골로49번길 101,0.0,0,0,0.0,0.0
[생연동],14702,4,태양,1990.02.,66.0,31.78,105.08,25.69,84.93,12,,,,,,,,,3,2,계단식,105,6.0,6.0,https://new.land.naver.com/complexes/14702?tab=detail&rf=Y,경기도 동두천시 생연동 280-2,경기도,동두천시,생연동,,,경기도 동두천시 못골로49번길 101,0.0,0,0,0.0,0.0
[생연동],14512,1,에이스4차,1995.07.,246.0,24.88,82.27,18.09,59.81,101,,,,,,,,,3,1,계단식,82,18.0,6.0,https://new.land.naver.com/complexes/14512?tab=detail&rf=Y,경기도 동두천시 생연동 352,경기도,동두천시,생연동,,,경기도 동두천시 행선로 123-49,0.0,298,26,0.0,0.0
[생연동],14512,2,에이스4차,1995.07.,246.0,32.38,107.06,25.5,84.33,128,,,,,,,,,3,2,계단식,107,18.0,6.0,https://new.land.naver.com/complexes/14512?tab=detail&rf=Y,경기도 동두천시 생연동 352,경기도,동두천시,생연동,,,경기도 동두천시 행선로 123-49,0.0,298,26,0.0,0.0
[생연동],14512,3,에이스4차,1995.07.,246.0,32.63,107.87,25.7,84.96,17,,,,,,,,,3,2,계단식,107,18.0,6.0,https://new.land.naver.com/complexes/14512?tab=detail&rf=Y,경기도 동두천시 생연동 352,경기도,동두천시,생연동,,,경기도 동두천시 행선로 123-49,0.0,298,26,0.0,0.0
[생연동],144768,1,동두천중앙역엘크루더퍼스트(주),2023.11.,168.0,30.43,100.62,21.9,72.41,84,,,,,,,,,3,2,계단식,100B,26.0,26.0,https://new.land.naver.com/complexes/144768?tab=detail&rf=Y,경기도 동두천시 생연동 592-2번지 일대,경기도,동두천시,생연동,,,경기도 동두천시,0.0,741,0,114.0,0.68
[생연동],144768,2,동두천중앙역엘크루더퍼스트(주),2023.11.,168.0,30.43,100.62,21.9,72.41,42,,,,,,,,,3,2,계단식,100A,26.0,26.0,https://new.land.naver.com/complexes/144768?tab=detail&rf=Y,경기도 동두천시 생연동 592-2번지 일대,경기도,동두천시,생연동,,,경기도 동두천시,0.0,741,0,114.0,0.68
[생연동],144768,3,동두천중앙역엘크루더퍼스트(주),2023.11.,168.0,30.43,100.62,21.9,72.41,42,,,,,,,,,3,2,계단식,100C,26.0,26.0,https://new.land.naver.com/complexes/144768?tab=detail&rf=Y,경기도 동두천시 생연동 592-2번지 일대,경기도,동두천시,생연동,,,경기도 동두천시,0.0,741,0,114.0,0.68
[생연동],112399,1,대진,1988.06.,25.0,25.91,85.68,17.85,59.04,25,,,,,,,,,3,2,계단식,85,5.0,5.0,https://new.land.naver.com/complexes/112399?tab=detail&rf=Y,경기도 동두천시 생연동 282,경기도,동두천시,생연동,,,경기도 동두천시 생골로 45,0.0,0,0,0.0,0.0
[생연동],140013,1,H팰리스,2020.06.,8.0,19.28,63.76,15.8,52.25,2,,,,,,,,,3,2,계단식,63,3.0,3.0,https://new.land.naver.com/complexes/140013?tab=detail&rf=Y,경기도 동두천시 생연동 403-3,경기도,동두천시,생연동,,,경기도 동두천시 못골로49번길 90,0.0,249,30,7.0,0.88
[생연동],140013,2,H팰리스,2020.06.,8.0,19.82,65.55,16.24,53.71,2,,,,,,,,,3,2,계단식,65,3.0,3.0,https://new.land.naver.com/complexes/140013?tab=detail&rf=Y,경기도 동두천시 생연동 403-3,경기도,동두천시,생연동,,,경기도 동두천시 못골로49번길 90,0.0,249,30,7.0,0.88
[생연동],140013,3,H팰리스,2020.06.,8.0,21.13,69.88,17.32,57.26,2,,,,,,,,,3,2,계단식,69,3.0,3.0,https://new.land.naver.com/complexes/140013?tab=detail&rf=Y,경기도 동두천시 생연동 403-3,경기도,동두천시,생연동,,,경기도 동두천시 못골로49번길 90,0.0,249,30,7.0,0.88
[생연동],140013,4,H팰리스,2020.06.,8.0,21.88,72.34,17.93,59.28,2,,,,,,,,,3,2,계단식,72,3.0,3.0,https://new.land.naver.com/complexes/140013?tab=detail&rf=Y,경기도 동두천시 생연동 403-3,경기도,동두천시,생연동,,,경기도 동두천시 못골로49번길 90,0.0,249,30,7.0,0.88
[생연동],111326,1,혜성1차,2000.12.,19.0,29.45,97.36,23.95,79.18,1,,,,,,,,,3,2,계단식,97,5.0,5.0,https://new.land.naver.com/complexes/111326?tab=detail&rf=Y,경기도 동두천시 생연동 791-10,경기도,동두천시,생연동,,,경기도 동두천시 삼육사로 880-17,0.0,184,42,17.0,0.89
[생연동],111326,2,혜성1차,2000.12.,19.0,31.71,104.84,25.7,84.99,18,,,,,,,,,3,2,계단식,104,5.0,5.0,https://new.land.naver.com/complexes/111326?tab=detail&rf=Y,경기도 동두천시 생연동 791-10,경기도,동두천시,생연동,,,경기도 동두천시 삼육사로 880-17,0.0,184,42,17.0,0.89
[생연동],13778,1,우성,1992.12.,163.0,22.6,74.72,18.11,59.9,45,,,,,,,,,3,1,복도식,74A,15.0,13.0,https://new.land.naver.com/complexes/13778?tab=detail&rf=Y,경기도 동두천시 생연동 464-9,경기도,동두천시,생연동,,,경기도 동두천시 송터로 21,0.0,323,23,51.0,0.31
[생연동],13778,2,우성,1992.12.,163.0,22.55,74.55,18.07,59.76,28,,,,,,,,,3,1,복도식,74B,15.0,13.0,https://new.land.naver.com/complexes/13778?tab=detail&rf=Y,경기도 동두천시 생연동 464-9,경기도,동두천시,생연동,,,경기도 동두천시 송터로 21,0.0,323,23,51.0,0.31
[생연동],13778,3,우성,1992.12.,163.0,32.03,105.91,25.68,84.9,90,,,,,,,,,3,2,계단식,105,15.0,13.0,https://new.land.naver.com/complexes/13778?tab=detail&rf=Y,경기도 동두천시 생연동 464-9,경기도,동두천시,생연동,,,경기도 동두천시 송터로 21,0.0,323,23,51.0,0.31
[생연동],105859,1,명품하우스(도시형),2012.08.,136.0,10.89,36.02,8.46,27.97,40,,,,,,,,,1,1,복도식,36,10.0,10.0,https://new.land.naver.com/complexes/105859?tab=detail&rf=Y,경기도 동두천시 생연동 442-1,경기도,동두천시,생연동,,,경기도 동두천시 평화로 2418,0.0,478,57,44.0,0.32
[생연동],105859,2,명품하우스(도시형),2012.08.,136.0,12.03,39.8,9.35,30.94,56,,,,,,,,,1,1,복도식,39,10.0,10.0,https://new.land.naver.com/complexes/105859?tab=detail&rf=Y,경기도 동두천시 생연동 442-1,경기도,동두천시,생연동,,,경기도 동두천시 평화로 2418,0.0,478,57,44.0,0.32
[생연동],105859,3,명품하우스(도시형),2012.08.,136.0,12.81,42.35,9.94,32.89,40,,,,,,,,,1,1,복도식,42,10.0,10.0,https://new.land.naver.com/complexes/105859?tab=detail&rf=Y,경기도 동두천시 생연동 442-1,경기도,동두천시,생연동,,,경기도 동두천시 평화로 2418,0.0,478,57,44.0,0.32
[생연동],14066,1,부영6단지,2003.07.,419.0,21.62,71.49,15.07,49.84,419,,,,,,,,,2,1,계단식,71,14.0,12.0,https://new.land.naver.com/complexes/14066?tab=detail&rf=Y,경기도 동두천시 생연동 715-7,경기도,동두천시,생연동,,,경기도 동두천시 동두천로 171,0.0,209,19,424.0,1.01
[생연동],10969,1,생연주공(284),1985.10.,300.0,13.87,45.87,13.87,45.87,120,,,,,,,,,2,1,계단식,45,5.0,5.0,https://new.land.naver.com/complexes/10969?tab=detail&rf=Y,경기도 동두천시 생연동 284,경기도,동두천시,생연동,,,경기도 동두천시 삼육사로 1029,0.0,76,0,0.0,0.0
[생연동],10969,2,생연주공(284),1985.10.,300.0,15.84,52.37,15.84,52.37,180,,,,,,,,,2,1,계단식,52,5.0,5.0,https://new.land.naver.com/complexes/10969?tab=detail&rf=Y,경기도 동두천시 생연동 284,경기도,동두천시,생연동,,,경기도 동두천시 삼육사로 1029,0.0,76,0,0.0,0.0
[생연동],133041,1,대림,1995.05.,18.0,21.26,70.31,17.83,58.95,18,,,,,,,,,3,1,계단식,70,5.0,5.0,https://new.land.naver.com/complexes/133041?tab=detail&rf=Y,경기도 동두천시 생연동 664-20,경기도,동두천시,생연동,,,경기도 동두천시 중앙로245번길 13,0.0,274,67,0.0,0.0
[생연동],10973,1,상우,1991.11.,252.0,22.06,72.93,17.22,56.94,1,,,,,,,,,3,1,복도식,72,15.0,12.0,https://new.land.naver.com/complexes/10973?tab=detail&rf=Y,경기도 동두천시 생연동 296-1,경기도,동두천시,생연동,,,경기도 동두천시 삼육사로 1057,0.0,289,19,0.0,0.0
[생연동],10973,2,상우,1991.11.,252.0,25.67,84.89,20.21,66.84,45,,,,,,,,,3,1,계단식,84B,15.0,12.0,https://new.land.naver.com/complexes/10973?tab=detail&rf=Y,경기도 동두천시 생연동 296-1,경기도,동두천시,생연동,,,경기도 동두천시 삼육사로 1057,0.0,289,19,0.0,0.0
[생연동],10973,3,상우,1991.11.,252.0,25.64,84.79,20.19,66.75,14,,,,,,,,,3,1,복도식,84A,15.0,12.0,https://new.land.naver.com/complexes/10973?tab=detail&rf=Y,경기도 동두천시 생연동 296-1,경기도,동두천시,생연동,,,경기도 동두천시 삼육사로 1057,0.0,289,19,0.0,0.0
[생연동],10973,4,상우,1991.11.,252.0,26.67,88.17,20.99,69.39,60,,,,,,,,,3,1,복도식,88,15.0,12.0,https://new.land.naver.com/complexes/10973?tab=detail&rf=Y,경기도 동두천시 생연동 296-1,경기도,동두천시,생연동,,,경기도 동두천시 삼육사로 1057,0.0,289,19,0.0,0.0
[생연동],10973,5,상우,1991.11.,252.0,32.19,106.44,25.11,83.04,102,,,,,,,,,3,2,계단식,106,15.0,12.0,https://new.land.naver.com/complexes/10973?tab=detail&rf=Y,경기도 동두천시 생연동 296-1,경기도,동두천시,생연동,,,경기도 동두천시 삼육사로 1057,0.0,289,19,0.0,0.0
[생연동],10973,6,상우,1991.11.,252.0,33.48,110.68,26.16,86.49,1,,,,,,,,,3,2,계단식,110,15.0,12.0,https://new.land.naver.com/complexes/10973?tab=detail&rf=Y,경기도 동두천시 생연동 296-1,경기도,동두천시,생연동,,,경기도 동두천시 삼육사로 1057,0.0,289,19,0.0,0.0
[생연동],10973,7,상우,1991.11.,252.0,38.07,125.86,29.97,99.09,14,,,,,,,,,4,2,계단식,125,15.0,12.0,https://new.land.naver.com/complexes/10973?tab=detail&rf=Y,경기도 동두천시 생연동 296-1,경기도,동두천시,생연동,,,경기도 동두천시 삼육사로 1057,0.0,289,19,0.0,0.0
[생연동],10973,8,상우,1991.11.,252.0,44.21,146.17,34.63,114.48,15,,,,,,,,,4,2,계단식,146,15.0,12.0,https://new.land.naver.com/complexes/10973?tab=detail&rf=Y,경기도 동두천시 생연동 296-1,경기도,동두천시,생연동,,,경기도 동두천시 삼육사로 1057,0.0,289,19,0.0,0.0
[생연동],22191,1,국민주택,1982.09.,120.0,11.91,39.4,11.91,39.4,6,,,,,,,,,1,1,계단식,39,3.0,3.0,https://new.land.naver.com/complexes/22191?tab=detail&rf=Y,경기도 동두천시 생연동 704,경기도,동두천시,생연동,,,경기도 동두천시 동두천로 205,0.0,0,19,0.0,0.0
[생연동],22191,2,국민주택,1982.09.,120.0,14.91,49.29,14.91,49.29,36,,,,,,,,,2,1,계단식,49,3.0,3.0,https://new.land.naver.com/complexes/22191?tab=detail&rf=Y,경기도 동두천시 생연동 704,경기도,동두천시,생연동,,,경기도 동두천시 동두천로 205,0.0,0,19,0.0,0.0
[생연동],22191,3,국민주택,1982.09.,120.0,16.84,55.68,16.84,55.68,78,,,,,,,,,2,1,복도식,55,3.0,3.0,https://new.land.naver.com/complexes/22191?tab=detail&rf=Y,경기도 동두천시 생연동 704,경기도,동두천시,생연동,,,경기도 동두천시 동두천로 205,0.0,0,19,0.0,0.0
[생연동],14753,1,동두천대방노블랜드2차,2005.10.,330.0,35.05,115.88,25.6,84.65,180,,,,,,,,,3,2,계단식,115,15.0,15.0,https://new.land.naver.com/complexes/14753?tab=detail&rf=Y,경기도 동두천시 생연동 714-5,경기도,동두천시,생연동,,,경기도 동두천시 거북마루로 45,0.0,219,21,450.0,1.36
[생연동],14753,2,동두천대방노블랜드2차,2005.10.,330.0,41.71,137.91,34.24,113.21,90,,,,,,,,,4,2,계단식,137,15.0,15.0,https://new.land.naver.com/complexes/14753?tab=detail&rf=Y,경기도 동두천시 생연동 714-5,경기도,동두천시,생연동,,,경기도 동두천시 거북마루로 45,0.0,219,21,450.0,1.36
[생연동],14753,3,동두천대방노블랜드2차,2005.10.,330.0,48.17,159.26,40.38,133.5,60,,,,,,,,,4,2,계단식,159,15.0,15.0,https://new.land.naver.com/complexes/14753?tab=detail&rf=Y,경기도 동두천시 생연동 714-5,경기도,동두천시,생연동,,,경기도 동두천시 거북마루로 45,0.0,219,21,450.0,1.36
[생연동],139506,1,로뎀빌3(도시형),2017.02.,36.0,13.0,43.0,11.16,36.9,4,,,,,,,,,2,1,계단식,43A,5.0,5.0,https://new.land.naver.com/complexes/139506?tab=detail&rf=Y,경기도 동두천시 생연동 631-1,경기도,동두천시,생연동,,,경기도 동두천시 정장로 59-17,0.0,209,45,25.0,0.69
[생연동],139506,2,로뎀빌3(도시형),2017.02.,36.0,13.01,43.01,11.16,36.9,4,,,,,,,,,2,1,계단식,43B,5.0,5.0,https://new.land.naver.com/complexes/139506?tab=detail&rf=Y,경기도 동두천시 생연동 631-1,경기도,동두천시,생연동,,,경기도 동두천시 정장로 59-17,0.0,209,45,25.0,0.69
[생연동],139506,3,로뎀빌3(도시형),2017.02.,36.0,13.02,43.05,11.16,36.9,4,,,,,,,,,2,1,계단식,43C,5.0,5.0,https://new.land.naver.com/complexes/139506?tab=detail&rf=Y,경기도 동두천시 생연동 631-1,경기도,동두천시,생연동,,,경기도 동두천시 정장로 59-17,0.0,209,45,25.0,0.69
[생연동],139506,4,로뎀빌3(도시형),2017.02.,36.0,18.25,60.35,15.66,51.78,16,,,,,,,,,3,2,계단식,60A,5.0,5.0,https://new.land.naver.com/complexes/139506?tab=detail&rf=Y,경기도 동두천시 생연동 631-1,경기도,동두천시,생연동,,,경기도 동두천시 정장로 59-17,0.0,209,45,25.0,0.69
[생연동],139506,5,로뎀빌3(도시형),2017.02.,36.0,18.27,60.41,15.66,51.78,8,,,,,,,,,3,2,계단식,60B,5.0,5.0,https://new.land.naver.com/complexes/139506?tab=detail&rf=Y,경기도 동두천시 생연동 631-1,경기도,동두천시,생연동,,,경기도 동두천시 정장로 59-17,0.0,209,45,25.0,0.69
[생연동],8730,1,에이스1차,1992.09.,292.0,24.75,81.82,17.96,59.4,122,,,,,,,,,3,1,복도식,81,15.0,8.0,https://new.land.naver.com/complexes/8730?tab=detail&rf=Y,경기도 동두천시 생연동 334-1,경기도,동두천시,생연동,,,경기도 동두천시 행선로 100-21,0.0,273,23,124.0,0.42
[생연동],8730,2,에이스1차,1992.09.,292.0,31.16,103.01,25.62,84.72,114,,,,,,,,,3,2,계단식,103,15.0,8.0,https://new.land.naver.com/complexes/8730?tab=detail&rf=Y,경기도 동두천시 생연동 334-1,경기도,동두천시,생연동,,,경기도 동두천시 행선로 100-21,0.0,273,23,124.0,0.42
[생연동],8730,3,에이스1차,1992.09.,292.0,38.33,126.72,31.52,104.22,12,,,,,,,,,4,2,계단식,126,15.0,8.0,https://new.land.naver.com/complexes/8730?tab=detail&rf=Y,경기도 동두천시 생연동 334-1,경기도,동두천시,생연동,,,경기도 동두천시 행선로 100-21,0.0,273,23,124.0,0.42
[생연동],8730,4,에이스1차,1992.09.,292.0,43.17,142.72,36.31,120.04,44,,,,,,,,,4,2,계단식,142,15.0,8.0,https://new.land.naver.com/complexes/8730?tab=detail&rf=Y,경기도 동두천시 생연동 334-1,경기도,동두천시,생연동,,,경기도 동두천시 행선로 100-21,0.0,273,23,124.0,0.42
[생연동],112625,1,부영5단지,2004.09.,668.0,24.92,82.39,18.1,59.84,668,,,,,,,,,3,2,계단식,82,15.0,12.0,https://new.land.naver.com/complexes/112625?tab=detail&rf=Y,경기도 동두천시 생연동 715-1,경기도,동두천시,생연동,,,경기도 동두천시 동두천로 185,0.0,209,19,673.0,1.01
[생연동],101985,1,부영1단지,2004.10.,938.0,23.56,77.9,18.1,59.84,338,,,,,,,,,3,2,계단식,77,15.0,13.0,https://new.land.naver.com/complexes/101985?tab=detail&rf=Y,경기도 동두천시 생연동 714-2,경기도,동두천시,생연동,,,경기도 동두천시 생연로 72,0.0,218,19,952.0,1.01
[생연동],101985,2,부영1단지,2004.10.,938.0,32.0,105.79,25.7,84.98,600,,,,,,,,,3,2,계단식,105,15.0,13.0,https://new.land.naver.com/complexes/101985?tab=detail&rf=Y,경기도 동두천시 생연동 714-2,경기도,동두천시,생연동,,,경기도 동두천시 생연로 72,0.0,218,19,952.0,1.01
[생연동],14511,1,에이스3차,1993.06.,270.0,23.37,77.27,18.04,59.64,15,,,,,,,,,3,1,계단식,77,15.0,15.0,https://new.land.naver.com/complexes/14511?tab=detail&rf=Y,경기도 동두천시 생연동 350,경기도,동두천시,생연동,,,경기도 동두천시 행선로 123-19,0.0,150,23,398.0,1.47
[생연동],14511,2,에이스3차,1993.06.,270.0,25.21,83.35,17.96,59.4,90,,,,,,,,,3,1,복도식,83,15.0,15.0,https://new.land.naver.com/complexes/14511?tab=detail&rf=Y,경기도 동두천시 생연동 350,경기도,동두천시,생연동,,,경기도 동두천시 행선로 123-19,0.0,150,23,398.0,1.47
[생연동],14511,3,에이스3차,1993.06.,270.0,30.64,101.31,25.69,84.93,105,,,,,,,,,3,2,계단식,101,15.0,15.0,https://new.land.naver.com/complexes/14511?tab=detail&rf=Y,경기도 동두천시 생연동 350,경기도,동두천시,생연동,,,경기도 동두천시 행선로 123-19,0.0,150,23,398.0,1.47
[생연동],14511,4,에이스3차,1993.06.,270.0,43.14,142.63,36.24,119.81,45,,,,,,,,,4,2,계단식,142,15.0,15.0,https://new.land.naver.com/complexes/14511?tab=detail&rf=Y,경기도 동두천시 생연동 350,경기도,동두천시,생연동,,,경기도 동두천시 행선로 123-19,0.0,150,23,398.0,1.47
[생연동],14511,5,에이스3차,1993.06.,270.0,43.78,144.76,36.78,121.59,15,,,,,,,,,4,2,계단식,144,15.0,15.0,https://new.land.naver.com/complexes/14511?tab=detail&rf=Y,경기도 동두천시 생연동 350,경기도,동두천시,생연동,,,경기도 동두천시 행선로 123-19,0.0,150,23,398.0,1.47
[생연동],107201,1,동원,1991.05.,36.0,23.15,76.54,18.13,59.94,24,,,,,,,,,3,2,계단식,76,6.0,6.0,https://new.land.naver.com/complexes/107201?tab=detail&rf=Y,경기도 동두천시 생연동 464-8,경기도,동두천시,생연동,,,경기도 동두천시 송터로 19,0.0,0,0,0.0,0.0
[생연동],107201,2,동원,1991.05.,36.0,29.56,97.75,23.63,78.12,12,,,,,,,,,3,2,계단식,97,6.0,6.0,https://new.land.naver.com/complexes/107201?tab=detail&rf=Y,경기도 동두천시 생연동 464-8,경기도,동두천시,생연동,,,경기도 동두천시 송터로 19,0.0,0,0,0.0,0.0
[생연동],27867,1,근남,1990.11.,44.0,17.8,58.87,12.89,42.63,8,,,,,,,,,2,1,계단식,58,6.0,4.0,https://new.land.naver.com/complexes/27867?tab=detail&rf=Y,경기도 동두천시 생연동 403-1,경기도,동두천시,생연동,,,경기도 동두천시 생골로37번길 4-17,0.0,0,0,0.0,0.0
[생연동],27867,2,근남,1990.11.,44.0,27.06,89.46,21.67,71.64,36,,,,,,,,,3,1,계단식,89,6.0,4.0,https://new.land.naver.com/complexes/27867?tab=detail&rf=Y,경기도 동두천시 생연동 403-1,경기도,동두천시,생연동,,,경기도 동두천시 생골로37번길 4-17,0.0,0,0,0.0,0.0
[생연동],9389,1,세아프라자,1993.02.,240.0,28.09,92.86,21.29,70.41,1,,,,,,,,,3,2,계단식,92,18.0,18.0,https://new.land.naver.com/complexes/9389?tab=detail&rf=Y,경기도 동두천시 생연동 809,경기도,동두천시,생연동,,,경기도 동두천시 큰시장로 64,0.0,537,69,92.0,0.38
[생연동],9389,2,세아프라자,1993.02.,240.0,30.98,102.42,23.5,77.7,32,,,,,,,,,3,2,계단식,102,18.0,18.0,https://new.land.naver.com/complexes/9389?tab=detail&rf=Y,경기도 동두천시 생연동 809,경기도,동두천시,생연동,,,경기도 동두천시 큰시장로 64,0.0,537,69,92.0,0.38
[생연동],9389,3,세아프라자,1993.02.,240.0,31.55,104.32,23.93,79.11,1,,,,,,,,,3,2,계단식,104,18.0,18.0,https://new.land.naver.com/complexes/9389?tab=detail&rf=Y,경기도 동두천시 생연동 809,경기도,동두천시,생연동,,,경기도 동두천시 큰시장로 64,0.0,537,69,92.0,0.38
[생연동],9389,4,세아프라자,1993.02.,240.0,33.01,109.15,25.04,82.79,1,,,,,,,,,3,2,계단식,109A,18.0,18.0,https://new.land.naver.com/complexes/9389?tab=detail&rf=Y,경기도 동두천시 생연동 809,경기도,동두천시,생연동,,,경기도 동두천시 큰시장로 64,0.0,537,69,92.0,0.38
[생연동],9389,5,세아프라자,1993.02.,240.0,33.02,109.19,25.04,82.8,1,,,,,,,,,3,2,계단식,109B,18.0,18.0,https://new.land.naver.com/complexes/9389?tab=detail&rf=Y,경기도 동두천시 생연동 809,경기도,동두천시,생연동,,,경기도 동두천시 큰시장로 64,0.0,537,69,92.0,0.38
[생연동],9389,6,세아프라자,1993.02.,240.0,33.73,111.51,25.59,84.6,175,,,,,,,,,3,2,계단식,111A,18.0,18.0,https://new.land.naver.com/complexes/9389?tab=detail&rf=Y,경기도 동두천시 생연동 809,경기도,동두천시,생연동,,,경기도 동두천시 큰시장로 64,0.0,537,69,92.0,0.38
[생연동],9389,7,세아프라자,1993.02.,240.0,33.71,111.47,25.58,84.59,29,,,,,,,,,3,2,계단식,111B,18.0,18.0,https://new.land.naver.com/complexes/9389?tab=detail&rf=Y,경기도 동두천시 생연동 809,경기도,동두천시,생연동,,,경기도 동두천시 큰시장로 64,0.0,537,69,92.0,0.38
[생연동],12115,1,동양,1991.01.,132.0,23.05,76.23,18.13,59.94,132,,,,,,,,,3,1,계단식,76,6.0,6.0,https://new.land.naver.com/complexes/12115?tab=detail&rf=Y,경기도 동두천시 생연동 251,경기도,동두천시,생연동,,,경기도 동두천시 못골로49번길 2,0.0,203,33,0.0,0.0
[생연동],124879,1,동두천센트레빌,2020.11.,376.0,23.87,78.94,18.1,59.84,141,,,,,,,,,3,2,계단식,78,21.0,21.0,https://new.land.naver.com/complexes/124879?tab=detail&rf=Y,경기도 동두천시 생연동 833,경기도,동두천시,생연동,,,경기도 동두천시,0.0,237,25,411.0,1.09
[생연동],124879,2,동두천센트레빌,2020.11.,376.0,29.52,97.61,22.63,74.82,58,,,,,,,,,4,2,계단식,97A,21.0,21.0,https://new.land.naver.com/complexes/124879?tab=detail&rf=Y,경기도 동두천시 생연동 833,경기도,동두천시,생연동,,,경기도 동두천시,0.0,237,25,411.0,1.09
[생연동],124879,3,동두천센트레빌,2020.11.,376.0,29.8,98.54,22.67,74.96,57,,,,,,,,,3,2,계단식,98B,21.0,21.0,https://new.land.naver.com/complexes/124879?tab=detail&rf=Y,경기도 동두천시 생연동 833,경기도,동두천시,생연동,,,경기도 동두천시,0.0,237,25,411.0,1.09
[생연동],124879,4,동두천센트레빌,2020.11.,376.0,33.41,110.46,25.65,84.81,120,,,,,,,,,4,2,계단식,110,21.0,21.0,https://new.land.naver.com/complexes/124879?tab=detail&rf=Y,경기도 동두천시 생연동 833,경기도,동두천시,생연동,,,경기도 동두천시,0.0,237,25,411.0,1.09
[생연동],117439,1,칼리아,2010.08.,19.0,32.25,106.62,25.65,84.82,13,,,,,,,,,3,2,복도식,106,8.0,6.0,https://new.land.naver.com/complexes/117439?tab=detail&rf=Y,경기도 동두천시 생연동 510-1,경기도,동두천시,생연동,,,경기도 동두천시 평화로2516번길 6,0.0,266,51,18.0,0.95
[생연동],117439,2,칼리아,2010.08.,19.0,34.72,114.79,22.43,74.16,6,,,,,,,,,3,2,복도식,114,8.0,6.0,https://new.land.naver.com/complexes/117439?tab=detail&rf=Y,경기도 동두천시 생연동 510-1,경기도,동두천시,생연동,,,경기도 동두천시 평화로2516번길 6,0.0,266,51,18.0,0.95
[생연동],15931,1,대방노블랜드1차,2000.10.,226.0,21.03,69.53,15.09,49.91,85,,,,,,,,,2,1,복도식,69A,19.0,9.0,https://new.land.naver.com/complexes/15931?tab=detail&rf=Y,경기도 동두천시 생연동 360-2,경기도,동두천시,생연동,,,경기도 동두천시 삼육사로1002번길 25,0.0,340,25,0.0,0.0
[생연동],15931,2,대방노블랜드1차,2000.10.,226.0,21.06,69.62,15.11,49.98,38,,,,,,,,,2,1,복도식,69B,19.0,9.0,https://new.land.naver.com/complexes/15931?tab=detail&rf=Y,경기도 동두천시 생연동 360-2,경기도,동두천시,생연동,,,경기도 동두천시 삼육사로1002번길 25,0.0,340,25,0.0,0.0
[생연동],15931,3,대방노블랜드1차,2000.10.,226.0,25.23,83.41,18.11,59.88,103,,,,,,,,,3,1,복도식,83,19.0,9.0,https://new.land.naver.com/complexes/15931?tab=detail&rf=Y,경기도 동두천시 생연동 360-2,경기도,동두천시,생연동,,,경기도 동두천시 삼육사로1002번길 25,0.0,340,25,0.0,0.0
[생연동],9989,1,조흥,1990.05.,180.0,21.93,72.52,17.24,57.0,36,,,,,,,,,2,1,계단식,72A,6.0,6.0,https://new.land.naver.com/complexes/9989?tab=detail&rf=Y,경기도 동두천시 생연동 268-5,경기도,동두천시,생연동,,,경기도 동두천시 어등로 6,0.0,165,27,0.0,0.0
[생연동],9989,2,조흥,1990.05.,180.0,22.1,73.09,17.38,57.48,30,,,,,,,,,3,1,계단식,73B,6.0,6.0,https://new.land.naver.com/complexes/9989?tab=detail&rf=Y,경기도 동두천시 생연동 268-5,경기도,동두천시,생연동,,,경기도 동두천시 어등로 6,0.0,165,27,0.0,0.0
[생연동],9989,3,조흥,1990.05.,180.0,22.17,73.3,17.45,57.69,6,,,,,,,,,3,1,계단식,73C,6.0,6.0,https://new.land.naver.com/complexes/9989?tab=detail&rf=Y,경기도 동두천시 생연동 268-5,경기도,동두천시,생연동,,,경기도 동두천시 어등로 6,0.0,165,27,0.0,0.0
[생연동],9989,4,조흥,1990.05.,180.0,24.91,82.38,19.82,65.53,60,,,,,,,,,3,1,계단식,82,6.0,6.0,https://new.land.naver.com/complexes/9989?tab=detail&rf=Y,경기도 동두천시 생연동 268-5,경기도,동두천시,생연동,,,경기도 동두천시 어등로 6,0.0,165,27,0.0,0.0
[생연동],9989,5,조흥,1990.05.,180.0,29.08,96.14,23.38,77.32,48,,,,,,,,,3,1,계단식,96,6.0,6.0,https://new.land.naver.com/complexes/9989?tab=detail&rf=Y,경기도 동두천시 생연동 268-5,경기도,동두천시,생연동,,,경기도 동두천시 어등로 6,0.0,165,27,0.0,0.0
[생연동],14510,1,에이스2차,1993.06.,286.0,27.28,90.2,17.96,59.4,109,,,,,,,,,3,1,복도식,90,15.0,8.0,https://new.land.naver.com/complexes/14510?tab=detail&rf=Y,경기도 동두천시 생연동 335,경기도,동두천시,생연동,,,경기도 동두천시 행선로 100-9,0.0,281,27,0.0,0.0
[생연동],14510,2,에이스2차,1993.06.,286.0,33.81,111.8,25.62,84.72,100,,,,,,,,,3,2,계단식,111,15.0,8.0,https://new.land.naver.com/complexes/14510?tab=detail&rf=Y,경기도 동두천시 생연동 335,경기도,동두천시,생연동,,,경기도 동두천시 행선로 100-9,0.0,281,27,0.0,0.0
[생연동],14510,3,에이스2차,1993.06.,286.0,41.6,137.54,31.52,104.22,13,,,,,,,,,3,2,계단식,137,15.0,8.0,https://new.land.naver.com/complexes/14510?tab=detail&rf=Y,경기도 동두천시 생연동 335,경기도,동두천시,생연동,,,경기도 동두천시 행선로 100-9,0.0,281,27,0.0,0.0
[생연동],14510,4,에이스2차,1993.06.,286.0,46.32,153.14,36.31,120.04,52,,,,,,,,,4,2,계단식,153,15.0,8.0,https://new.land.naver.com/complexes/14510?tab=detail&rf=Y,경기도 동두천시 생연동 335,경기도,동두천시,생연동,,,경기도 동두천시 행선로 100-9,0.0,281,27,0.0,0.0
[생연동],14510,5,에이스2차,1993.06.,286.0,49.07,162.24,37.18,122.94,12,,,,,,,,,4,2,계단식,162,15.0,8.0,https://new.land.naver.com/complexes/14510?tab=detail&rf=Y,경기도 동두천시 생연동 335,경기도,동두천시,생연동,,,경기도 동두천시 행선로 100-9,0.0,281,27,0.0,0.0
[생연동],112029,1,화성2차,1990.01.,30.0,23.58,77.97,18.04,59.64,30,,,,,,,,,3,1,계단식,77,5.0,5.0,https://new.land.naver.com/complexes/112029?tab=detail&rf=Y,경기도 동두천시 생연동 473-9,경기도,동두천시,생연동,,,경기도 동두천시 평화로2452번길 15,0.0,144,29,0.0,0.0
[생연동],124851,1,화성6차,1991.07.,19.0,23.66,78.22,18.08,59.79,10,,,,,,,,,3,1,계단식,78A,5.0,4.0,https://new.land.naver.com/complexes/124851?tab=detail&rf=Y,경기도 동두천시 생연동 531-6,경기도,동두천시,생연동,,,경기도 동두천시 동광로154번길 26-7,0.0,0,0,0.0,0.0
[생연동],124851,2,화성6차,1991.07.,19.0,23.71,78.4,18.13,59.94,5,,,,,,,,,3,1,계단식,78B,5.0,4.0,https://new.land.naver.com/complexes/124851?tab=detail&rf=Y,경기도 동두천시 생연동 531-6,경기도,동두천시,생연동,,,경기도 동두천시 동광로154번길 26-7,0.0,0,0,0.0,0.0
[생연동],124851,3,화성6차,1991.07.,19.0,24.56,81.22,18.02,59.58,4,,,,,,,,,3,2,계단식,81,5.0,4.0,https://new.land.naver.com/complexes/124851?tab=detail&rf=Y,경기도 동두천시 생연동 531-6,경기도,동두천시,생연동,,,경기도 동두천시 동광로154번길 26-7,0.0,0,0,0.0,0.0
[생연동],128741,1,SS타운하우스,2016.09.,10.0,26.15,86.47,17.98,59.44,5,,,,,,,,,3,2,계단식,86A,6.0,6.0,https://new.land.naver.com/complexes/128741?tab=detail&rf=Y,경기도 동두천시 생연동 601-13,경기도,동두천시,생연동,,,경기도 동두천시 중앙로 280-7,0.0,343,75,7.0,0.7
[생연동],128741,2,SS타운하우스,2016.09.,10.0,26.17,86.53,17.99,59.48,5,,,,,,,,,3,2,계단식,86B,6.0,6.0,https://new.land.naver.com/complexes/128741?tab=detail&rf=Y,경기도 동두천시 생연동 601-13,경기도,동두천시,생연동,,,경기도 동두천시 중앙로 280-7,0.0,343,75,7.0,0.7
[생연동],8910,1,기상,1994.02.,253.0,24.4,80.69,18.0,59.52,88,,,,,,,,,3,1,복도식,80,15.0,10.0,https://new.land.naver.com/complexes/8910?tab=detail&rf=Y,경기도 동두천시 생연동 85,경기도,동두천시,생연동,,,경기도 동두천시 못골로 60,0.0,303,26,0.0,0.0
[생연동],8910,2,기상,1994.02.,253.0,28.38,93.85,20.96,69.3,77,,,,,,,,,3,2,복도식,93,15.0,10.0,https://new.land.naver.com/complexes/8910?tab=detail&rf=Y,경기도 동두천시 생연동 85,경기도,동두천시,생연동,,,경기도 동두천시 못골로 60,0.0,303,26,0.0,0.0
[생연동],8910,3,기상,1994.02.,253.0,34.78,115.0,25.7,84.96,88,,,,,,,,,3,2,복도식,115,15.0,10.0,https://new.land.naver.com/complexes/8910?tab=detail&rf=Y,경기도 동두천시 생연동 85,경기도,동두천시,생연동,,,경기도 동두천시 못골로 60,0.0,303,26,0.0,0.0
[생연동],102952,1,화성5차,1991.01.,50.0,23.58,77.97,18.04,59.64,50,,,,,,,,,2,1,복도식,77,5.0,5.0,https://new.land.naver.com/complexes/102952?tab=detail&rf=Y,경기도 동두천시 생연동 790-5,경기도,동두천시,생연동,,,경기도 동두천시 강변로300번길 60,0.0,138,29,10.0,0.2
[생연동],14706,1,한영,1992.04.,52.0,23.02,76.13,17.98,59.46,6,,,,,,,,,2,1,계단식,76A,6.0,5.0,https://new.land.naver.com/complexes/14706?tab=detail&rf=Y,경기도 동두천시 생연동 246-1,경기도,동두천시,생연동,,,경기도 동두천시 못골로49번길 10,0.0,0,0,0.0,0.0
[생연동],14706,2,한영,1992.04.,52.0,23.31,77.07,17.52,57.93,46,,,,,,,,,2,1,계단식,77B,6.0,5.0,https://new.land.naver.com/complexes/14706?tab=detail&rf=Y,경기도 동두천시 생연동 246-1,경기도,동두천시,생연동,,,경기도 동두천시 못골로49번길 10,0.0,0,0,0.0,0.0
[생연동],105987,1,로뎀빌(도시형),2011.09.,69.0,6.52,21.57,3.89,12.88,3,,,,,,,,,1,1,복도식,21E,10.0,10.0,https://new.land.naver.com/complexes/105987?tab=detail&rf=Y,경기도 동두천시 생연동 643-2,경기도,동두천시,생연동,,,경기도 동두천시 동두천로 260,0.0,400,59,13.0,0.19
[생연동],105987,2,로뎀빌(도시형),2011.09.,69.0,6.63,21.93,3.95,13.09,1,,,,,,,,,1,1,복도식,21F,10.0,10.0,https://new.land.naver.com/complexes/105987?tab=detail&rf=Y,경기도 동두천시 생연동 643-2,경기도,동두천시,생연동,,,경기도 동두천시 동두천로 260,0.0,400,59,13.0,0.19
[생연동],105987,3,로뎀빌(도시형),2011.09.,69.0,6.88,22.76,4.1,13.58,21,,,,,,,,,1,1,복도식,22B,10.0,10.0,https://new.land.naver.com/complexes/105987?tab=detail&rf=Y,경기도 동두천시 생연동 643-2,경기도,동두천시,생연동,,,경기도 동두천시 동두천로 260,0.0,400,59,13.0,0.19
[생연동],105987,4,로뎀빌(도시형),2011.09.,69.0,6.92,22.88,4.13,13.66,4,,,,,,,,,1,1,복도식,22A,10.0,10.0,https://new.land.naver.com/complexes/105987?tab=detail&rf=Y,경기도 동두천시 생연동 643-2,경기도,동두천시,생연동,,,경기도 동두천시 동두천로 260,0.0,400,59,13.0,0.19
[생연동],105987,5,로뎀빌(도시형),2011.09.,69.0,7.04,23.28,4.2,13.89,3,,,,,,,,,1,1,복도식,23C,10.0,10.0,https://new.land.naver.com/complexes/105987?tab=detail&rf=Y,경기도 동두천시 생연동 643-2,경기도,동두천시,생연동,,,경기도 동두천시 동두천로 260,0.0,400,59,13.0,0.19
[생연동],105987,6,로뎀빌(도시형),2011.09.,69.0,7.21,23.84,4.3,14.23,3,,,,,,,,,1,1,복도식,23D,10.0,10.0,https://new.land.naver.com/complexes/105987?tab=detail&rf=Y,경기도 동두천시 생연동 643-2,경기도,동두천시,생연동,,,경기도 동두천시 동두천로 260,0.0,400,59,13.0,0.19
[생연동],105987,7,로뎀빌(도시형),2011.09.,69.0,7.77,25.71,4.73,15.66,14,,,,,,,,,1,1,계단식,25C,10.0,10.0,https://new.land.naver.com/complexes/105987?tab=detail&rf=Y,경기도 동두천시 생연동 643-2,경기도,동두천시,생연동,,,경기도 동두천시 동두천로 260,0.0,400,59,13.0,0.19
[생연동],105987,8,로뎀빌(도시형),2011.09.,69.0,7.83,25.91,4.67,15.47,1,,,,,,,,,1,1,복도식,25A,10.0,10.0,https://new.land.naver.com/complexes/105987?tab=detail&rf=Y,경기도 동두천시 생연동 643-2,경기도,동두천시,생연동,,,경기도 동두천시 동두천로 260,0.0,400,59,13.0,0.19
[생연동],105987,9,로뎀빌(도시형),2011.09.,69.0,8.2,27.12,4.89,16.19,8,,,,,,,,,1,1,복도식,27B,10.0,10.0,https://new.land.naver.com/complexes/105987?tab=detail&rf=Y,경기도 동두천시 생연동 643-2,경기도,동두천시,생연동,,,경기도 동두천시 동두천로 260,0.0,400,59,13.0,0.19
[생연동],105987,10,로뎀빌(도시형),2011.09.,69.0,8.56,28.33,5.11,16.91,10,,,,,,,,,1,1,복도식,28,10.0,10.0,https://new.land.naver.com/complexes/105987?tab=detail&rf=Y,경기도 동두천시 생연동 643-2,경기도,동두천시,생연동,,,경기도 동두천시 동두천로 260,0.0,400,59,13.0,0.19
[생연동],105987,11,로뎀빌(도시형),2011.09.,69.0,11.58,38.31,6.91,22.87,1,,,,,,,,,1,1,복도식,38,10.0,10.0,https://new.land.naver.com/complexes/105987?tab=detail&rf=Y,경기도 동두천시 생연동 643-2,경기도,동두천시,생연동,,,경기도 동두천시 동두천로 260,0.0,400,59,13.0,0.19
[생연동],8731,1,건영,1995.12.,397.0,25.1,83.0,17.96,59.4,171,,,,,,,,,2,1,복도식,83,19.0,18.0,https://new.land.naver.com/complexes/8731?tab=detail&rf=Y,경기도 동두천시 생연동 787-2,경기도,동두천시,생연동,,,경기도 동두천시 강변로296번길 19,0.0,299,23,251.0,0.63
[생연동],8731,2,건영,1995.12.,397.0,32.9,108.78,25.7,84.96,226,,,,,,,,,3,2,계단식,108,19.0,18.0,https://new.land.naver.com/complexes/8731?tab=detail&rf=Y,경기도 동두천시 생연동 787-2,경기도,동두천시,생연동,,,경기도 동두천시 강변로296번길 19,0.0,299,23,251.0,0.63
[송내동],133571,1,LH지행역더퍼스트,2021.08.,420.0,26.82,88.68,18.14,59.99,76,,,,,,,,,3,2,계단식,88A,21.0,21.0,https://new.land.naver.com/complexes/133571?tab=detail&rf=Y,경기도 동두천시 송내동 664-1,경기도,동두천시,송내동,,,경기도 동두천시 이담로 10,260.0,89,18,420.0,1.0
[송내동],133571,2,LH지행역더퍼스트,2021.08.,420.0,26.65,88.1,18.02,59.6,42,,,,,,,,,3,2,계단식,88B,21.0,21.0,https://new.land.naver.com/complexes/133571?tab=detail&rf=Y,경기도 동두천시 송내동 664-1,경기도,동두천시,송내동,,,경기도 동두천시 이담로 10,260.0,89,18,420.0,1.0
[송내동],133571,3,LH지행역더퍼스트,2021.08.,420.0,26.7,88.28,18.06,59.72,42,,,,,,,,,3,2,계단식,88C,21.0,21.0,https://new.land.naver.com/complexes/133571?tab=detail&rf=Y,경기도 동두천시 송내동 664-1,경기도,동두천시,송내동,,,경기도 동두천시 이담로 10,260.0,89,18,420.0,1.0
[송내동],14004,1,주공4단지,2003.05.,1386.0,18.37,60.76,13.7,45.32,396,,,,,,,,,2,1,복도식,60A,18.0,15.0,https://new.land.naver.com/complexes/14004?tab=detail&rf=Y,경기도 동두천시 송내동 665-3,경기도,동두천시,송내동,,,경기도 동두천시 동두천로 63,0.0,184,14,1054.0,0.76
[송내동],14004,2,주공4단지,2003.05.,1386.0,18.44,60.97,13.75,45.48,90,,,,,,,,,2,1,계단식,60B,18.0,15.0,https://new.land.naver.com/complexes/14004?tab=detail&rf=Y,경기도 동두천시 송내동 665-3,경기도,동두천시,송내동,,,경기도 동두천시 동두천로 63,0.0,184,14,1054.0,0.76
[송내동],14004,3,주공4단지,2003.05.,1386.0,24.29,80.33,18.12,59.92,900,,,,,,,,,3,2,복도식,80,18.0,15.0,https://new.land.naver.com/complexes/14004?tab=detail&rf=Y,경기도 동두천시 송내동 665-3,경기도,동두천시,송내동,,,경기도 동두천시 동두천로 63,0.0,184,14,1054.0,0.76
[송내동],14003,1,송내주공5단지,2003.06.,577.0,32.49,107.41,25.41,84.03,199,,,,,,,,,3,2,계단식,107B,20.0,15.0,https://new.land.naver.com/complexes/14003?tab=detail&rf=Y,경기도 동두천시 송내동 696-3,경기도,동두천시,송내동,,,경기도 동두천시 동두천로 27,0.0,202,16,609.0,1.06
[송내동],14003,2,송내주공5단지,2003.06.,577.0,32.78,108.39,25.65,84.8,298,,,,,,,,,3,2,계단식,108,20.0,15.0,https://new.land.naver.com/complexes/14003?tab=detail&rf=Y,경기도 동두천시 송내동 696-3,경기도,동두천시,송내동,,,경기도 동두천시 동두천로 27,0.0,202,16,609.0,1.06
[송내동],14003,3,송내주공5단지,2003.06.,577.0,32.75,108.28,25.62,84.71,40,,,,,,,,,3,2,계단식,108C,20.0,15.0,https://new.land.naver.com/complexes/14003?tab=detail&rf=Y,경기도 동두천시 송내동 696-3,경기도,동두천시,송내동,,,경기도 동두천시 동두천로 27,0.0,202,16,609.0,1.06
[송내동],14003,4,송내주공5단지,2003.06.,577.0,32.86,108.64,25.7,84.99,40,,,,,,,,,4,2,계단식,108D,20.0,15.0,https://new.land.naver.com/complexes/14003?tab=detail&rf=Y,경기도 동두천시 송내동 696-3,경기도,동두천시,송내동,,,경기도 동두천시 동두천로 27,0.0,202,16,609.0,1.06
[송내동],13280,1,송내아이파크,2005.07.,424.0,35.38,116.99,25.63,84.76,84,,,,,,,,,3,2,계단식,116,25.0,19.0,https://new.land.naver.com/complexes/13280?tab=detail&rf=Y,경기도 동두천시 송내동 664-4,경기도,동두천시,송내동,,,경기도 동두천시 강변로 160,0.0,219,14,633.0,1.49
[송내동],13280,2,송내아이파크,2005.07.,424.0,40.86,135.1,30.75,101.67,216,,,,,,,,,3,2,계단식,135,25.0,19.0,https://new.land.naver.com/complexes/13280?tab=detail&rf=Y,경기도 동두천시 송내동 664-4,경기도,동두천시,송내동,,,경기도 동두천시 강변로 160,0.0,219,14,633.0,1.49
[송내동],13280,3,송내아이파크,2005.07.,424.0,48.25,159.53,37.43,123.76,124,,,,,,,,,4,2,계단식,159,25.0,19.0,https://new.land.naver.com/complexes/13280?tab=detail&rf=Y,경기도 동두천시 송내동 664-4,경기도,동두천시,송내동,,,경기도 동두천시 강변로 160,0.0,219,14,633.0,1.49
[지행동],13279,1,현진에버빌,2005.04.,628.0,35.98,118.96,27.27,90.17,268,,,,,,,,,3,2,계단식,118,15.0,14.0,https://new.land.naver.com/complexes/13279?tab=detail&rf=Y,경기도 동두천시 지행동 691-3,경기도,동두천시,지행동,,,경기도 동두천시 생연로 10,0.0,217,19,957.0,1.52
[지행동],13279,2,현진에버빌,2005.04.,628.0,38.76,128.14,30.76,101.7,210,,,,,,,,,3,2,계단식,128,15.0,14.0,https://new.land.naver.com/complexes/13279?tab=detail&rf=Y,경기도 동두천시 지행동 691-3,경기도,동두천시,지행동,,,경기도 동두천시 생연로 10,0.0,217,19,957.0,1.52
[지행동],13279,3,현진에버빌,2005.04.,628.0,45.92,151.81,38.51,127.31,120,,,,,,,,,4,2,계단식,151,15.0,14.0,https://new.land.naver.com/complexes/13279?tab=detail&rf=Y,경기도 동두천시 지행동 691-3,경기도,동두천시,지행동,,,경기도 동두천시 생연로 10,0.0,217,19,957.0,1.52
[지행동],13279,4,현진에버빌,2005.04.,628.0,56.64,187.27,49.78,164.59,30,,,,,,,,,5,2,계단식,187,15.0,14.0,https://new.land.naver.com/complexes/13279?tab=detail&rf=Y,경기도 동두천시 지행동 691-3,경기도,동두천시,지행동,,,경기도 동두천시 생연로 10,0.0,217,19,957.0,1.52
[지행동],121507,1,아이다빌(도시형),2013.04.,111.0,7.09,23.44,5.39,17.85,3,,,,,,,,,1,1,복도식,23,4.0,4.0,https://new.land.naver.com/complexes/121507?tab=detail&rf=Y,경기도 동두천시 지행동 358-2,경기도,동두천시,지행동,,,경기도 동두천시 이담로 98,0.0,197,58,36.0,0.32
[지행동],121507,2,아이다빌(도시형),2013.04.,111.0,7.58,25.09,5.78,19.11,108,,,,,,,,,1,1,복도식,25,4.0,4.0,https://new.land.naver.com/complexes/121507?tab=detail&rf=Y,경기도 동두천시 지행동 358-2,경기도,동두천시,지행동,,,경기도 동두천시 이담로 98,0.0,197,58,36.0,0.32
[지행동],102846,1,지행동양엔파트,2011.12.,500.0,32.78,108.39,25.69,84.94,203,,,,,,,,,3,2,계단식,108A,15.0,11.0,https://new.land.naver.com/complexes/102846?tab=detail&rf=Y,경기도 동두천시 지행동 172,경기도,동두천시,지행동,,,경기도 동두천시 행선로20번길 43,0.0,229,18,605.0,1.21
[지행동],102846,2,지행동양엔파트,2011.12.,500.0,32.89,108.74,25.7,84.99,99,,,,,,,,,3,2,계단식,108C,15.0,11.0,https://new.land.naver.com/complexes/102846?tab=detail&rf=Y,경기도 동두천시 지행동 172,경기도,동두천시,지행동,,,경기도 동두천시 행선로20번길 43,0.0,229,18,605.0,1.21
[지행동],102846,3,지행동양엔파트,2011.12.,500.0,32.92,108.84,25.7,84.98,54,,,,,,,,,3,2,계단식,108B,15.0,11.0,https://new.land.naver.com/complexes/102846?tab=detail&rf=Y,경기도 동두천시 지행동 172,경기도,동두천시,지행동,,,경기도 동두천시 행선로20번길 43,0.0,229,18,605.0,1.21
[지행동],102846,4,지행동양엔파트,2011.12.,500.0,40.46,133.77,31.57,104.38,144,,,,,,,,,3,2,계단식,133,15.0,11.0,https://new.land.naver.com/complexes/102846?tab=detail&rf=Y,경기도 동두천시 지행동 172,경기도,동두천시,지행동,,,경기도 동두천시 행선로20번길 43,0.0,229,18,605.0,1.21
[지행동],142551,1,지행역센트레빌파크뷰,2023.10.,314.0,33.23,109.86,25.69,84.93,294,,,,,,,,,3,2,계단식,109A,20.0,13.0,https://new.land.naver.com/complexes/142551?tab=detail&rf=Y,경기도 동두천시 지행동 691-2,경기도,동두천시,지행동,,,경기도 동두천시 거북마루로 46,0.0,219,21,394.0,1.25
[지행동],142551,2,지행역센트레빌파크뷰,2023.10.,314.0,33.23,109.87,25.69,84.94,20,,,,,,,,,3,2,계단식,109B,20.0,13.0,https://new.land.naver.com/complexes/142551?tab=detail&rf=Y,경기도 동두천시 지행동 691-2,경기도,동두천시,지행동,,,경기도 동두천시 거북마루로 46,0.0,219,21,394.0,1.25
[지행동],27778,1,부영9단지,2004.07.,298.0,32.0,105.79,25.7,84.98,298,,,,,,,,,3,2,계단식,105,13.0,12.0,https://new.land.naver.com/complexes/27778?tab=detail&rf=Y,경기도 동두천시 지행동 692-6,경기도,동두천시,지행동,,,경기도 동두천시 동두천로 139,0.0,219,23,301.0,1.01
[지행동],13352,1,지행현대1차,1999.06.,247.0,24.55,81.19,18.1,59.84,131,,,,,,,,,3,1,계단식,81,22.0,10.0,https://new.land.naver.com/complexes/13352?tab=detail&rf=Y,경기도 동두천시 지행동 282-5,경기도,동두천시,지행동,,,경기도 동두천시 평화로 2316-20,0.0,278,19,228.0,0.92
[지행동],13352,2,지행현대1차,1999.06.,247.0,28.48,94.17,20.99,69.41,22,,,,,,,,,3,1,계단식,94,22.0,10.0,https://new.land.naver.com/complexes/13352?tab=detail&rf=Y,경기도 동두천시 지행동 282-5,경기도,동두천시,지행동,,,경기도 동두천시 평화로 2316-20,0.0,278,19,228.0,0.92
[지행동],13352,3,지행현대1차,1999.06.,247.0,32.91,108.8,25.69,84.95,94,,,,,,,,,3,2,계단식,108,22.0,10.0,https://new.land.naver.com/complexes/13352?tab=detail&rf=Y,경기도 동두천시 지행동 282-5,경기도,동두천시,지행동,,,경기도 동두천시 평화로 2316-20,0.0,278,19,228.0,0.92
[지행동],105296,1,동두천에코휴먼빌2차,2018.01.,492.0,33.51,110.79,25.7,84.98,210,,,,,,,,,3,2,계단식,110C,20.0,11.0,https://new.land.naver.com/complexes/105296?tab=detail&rf=Y,경기도 동두천시 지행동 196,경기도,동두천시,지행동,,,경기도 동두천시 이담로 161,0.0,229,21,545.0,1.11
[지행동],105296,2,동두천에코휴먼빌2차,2018.01.,492.0,33.94,112.23,25.69,84.93,195,,,,,,,,,3,2,계단식,112A,20.0,11.0,https://new.land.naver.com/complexes/105296?tab=detail&rf=Y,경기도 동두천시 지행동 196,경기도,동두천시,지행동,,,경기도 동두천시 이담로 161,0.0,229,21,545.0,1.11
[지행동],105296,3,동두천에코휴먼빌2차,2018.01.,492.0,33.88,112.01,25.69,84.93,87,,,,,,,,,3,2,계단식,112B,20.0,11.0,https://new.land.naver.com/complexes/105296?tab=detail&rf=Y,경기도 동두천시 지행동 196,경기도,동두천시,지행동,,,경기도 동두천시 이담로 161,0.0,229,21,545.0,1.11
[지행동],138935,1,더캐슬(도시형),2013.10.,24.0,5.51,18.24,3.64,12.06,6,,,,,,,,,1,1,복도식,18A,4.0,3.0,https://new.land.naver.com/complexes/138935?tab=detail&rf=Y,경기도 동두천시 지행동 334-17,경기도,동두천시,지행동,,,경기도 동두천시 지행로94번길 43,0.0,145,51,7.0,0.29
[지행동],138935,2,더캐슬(도시형),2013.10.,24.0,5.59,18.49,3.69,12.22,4,,,,,,,,,1,1,복도식,18B,4.0,3.0,https://new.land.naver.com/complexes/138935?tab=detail&rf=Y,경기도 동두천시 지행동 334-17,경기도,동두천시,지행동,,,경기도 동두천시 지행로94번길 43,0.0,145,51,7.0,0.29
[지행동],138935,3,더캐슬(도시형),2013.10.,24.0,5.95,19.67,3.93,13.0,6,,,,,,,,,1,1,복도식,19C,4.0,3.0,https://new.land.naver.com/complexes/138935?tab=detail&rf=Y,경기도 동두천시 지행동 334-17,경기도,동두천시,지행동,,,경기도 동두천시 지행로94번길 43,0.0,145,51,7.0,0.29
[지행동],138935,4,더캐슬(도시형),2013.10.,24.0,6.38,21.1,4.21,13.95,4,,,,,,,,,1,1,복도식,21D,4.0,3.0,https://new.land.naver.com/complexes/138935?tab=detail&rf=Y,경기도 동두천시 지행동 334-17,경기도,동두천시,지행동,,,경기도 동두천시 지행로94번길 43,0.0,145,51,7.0,0.29
[지행동],138935,5,더캐슬(도시형),2013.10.,24.0,6.83,22.6,4.51,14.94,4,,,,,,,,,1,1,복도식,22,4.0,3.0,https://new.land.naver.com/complexes/138935?tab=detail&rf=Y,경기도 동두천시 지행동 334-17,경기도,동두천시,지행동,,,경기도 동두천시 지행로94번길 43,0.0,145,51,7.0,0.29
[지행동],14072,1,대방노블랜드7단지,2004.04.,450.0,20.59,68.09,15.21,50.3,264,,,,,,,,,2,1,계단식,68,19.0,18.0,https://new.land.naver.com/complexes/14072?tab=detail&rf=Y,경기도 동두천시 지행동 692-1,경기도,동두천시,지행동,,,경기도 동두천시 거북마루로 64,0.0,214,15,445.0,0.99
[지행동],14072,2,대방노블랜드7단지,2004.04.,450.0,23.71,78.41,17.75,58.7,186,,,,,,,,,3,2,계단식,78,19.0,18.0,https://new.land.naver.com/complexes/14072?tab=detail&rf=Y,경기도 동두천시 지행동 692-1,경기도,동두천시,지행동,,,경기도 동두천시 거북마루로 64,0.0,214,15,445.0,0.99
[지행동],10674,1,지행주공2단지,1999.08.,491.0,22.12,73.13,15.06,49.79,71,,,,,,,,,2,1,계단식,73,18.0,15.0,https://new.land.naver.com/complexes/10674?tab=detail&rf=Y,경기도 동두천시 지행동 270-3,경기도,동두천시,지행동,,,경기도 동두천시 평화로 2316-13,0.0,225,18,386.0,0.79
[지행동],10674,2,지행주공2단지,1999.08.,491.0,23.34,77.17,18.14,59.99,60,,,,,,,,,3,1,계단식,77B,18.0,15.0,https://new.land.naver.com/complexes/10674?tab=detail&rf=Y,경기도 동두천시 지행동 270-3,경기도,동두천시,지행동,,,경기도 동두천시 평화로 2316-13,0.0,225,18,386.0,0.79
[지행동],10674,3,지행주공2단지,1999.08.,491.0,24.85,82.17,18.14,59.99,360,,,,,,,,,3,1,계단식,82A,18.0,15.0,https://new.land.naver.com/complexes/10674?tab=detail&rf=Y,경기도 동두천시 지행동 270-3,경기도,동두천시,지행동,,,경기도 동두천시 평화로 2316-13,0.0,225,18,386.0,0.79
[지행동],27537,1,지행역휴먼빌,2009.03.,272.0,35.58,117.63,25.64,84.78,156,,,,,,,,,3,2,계단식,117,15.0,10.0,https://new.land.naver.com/complexes/27537?tab=detail&rf=Y,경기도 동두천시 지행동 308,경기도,동두천시,지행동,,,경기도 동두천시 행선로 52,0.0,247,28,375.0,1.38
[지행동],27537,2,지행역휴먼빌,2009.03.,272.0,45.97,151.97,37.21,123.01,86,,,,,,,,,3,2,계단식,151,15.0,10.0,https://new.land.naver.com/complexes/27537?tab=detail&rf=Y,경기도 동두천시 지행동 308,경기도,동두천시,지행동,,,경기도 동두천시 행선로 52,0.0,247,28,375.0,1.38
[지행동],27537,3,지행역휴먼빌,2009.03.,272.0,54.76,181.03,45.05,148.93,30,,,,,,,,,4,2,계단식,181,15.0,10.0,https://new.land.naver.com/complexes/27537?tab=detail&rf=Y,경기도 동두천시 지행동 308,경기도,동두천시,지행동,,,경기도 동두천시 행선로 52,0.0,247,28,375.0,1.38
[지행동],14073,1,대방노블랜드8단지,2004.04.,402.0,20.63,68.23,15.21,50.3,134,,,,,,,,,2,1,계단식,68,20.0,12.0,https://new.land.naver.com/complexes/14073?tab=detail&rf=Y,경기도 동두천시 지행동 692-3,경기도,동두천시,지행동,,,경기도 동두천시 동두천로 149,0.0,209,19,397.0,0.99
[지행동],14073,2,대방노블랜드8단지,2004.04.,402.0,23.39,77.35,17.92,59.24,104,,,,,,,,,3,2,계단식,77B,20.0,12.0,https://new.land.naver.com/complexes/14073?tab=detail&rf=Y,경기도 동두천시 지행동 692-3,경기도,동두천시,지행동,,,경기도 동두천시 동두천로 149,0.0,209,19,397.0,0.99
[지행동],14073,3,대방노블랜드8단지,2004.04.,402.0,23.71,78.41,17.75,58.7,164,,,,,,,,,3,2,계단식,78A,20.0,12.0,https://new.land.naver.com/complexes/14073?tab=detail&rf=Y,경기도 동두천시 지행동 692-3,경기도,동두천시,지행동,,,경기도 동두천시 동두천로 149,0.0,209,19,397.0,0.99
[지행동],14067,1,송내주공1단지,2004.08.,1862.0,22.92,75.78,18.01,59.56,784,,,,,,,,,3,2,계단식,75A,20.0,15.0,https://new.land.naver.com/complexes/14067?tab=detail&rf=Y,경기도 동두천시 지행동 717-2,경기도,동두천시,지행동,,,경기도 동두천시 지행로 16,0.0,193,20,1670.0,0.9
[지행동],14067,2,송내주공1단지,2004.08.,1862.0,23.45,77.54,18.43,60.94,2,,,,,,,,,2,2,계단식,77B,20.0,15.0,https://new.land.naver.com/complexes/14067?tab=detail&rf=Y,경기도 동두천시 지행동 717-2,경기도,동두천시,지행동,,,경기도 동두천시 지행로 16,0.0,193,20,1670.0,0.9
[지행동],14067,3,송내주공1단지,2004.08.,1862.0,29.17,96.43,22.92,75.79,320,,,,,,,,,3,2,계단식,96,20.0,15.0,https://new.land.naver.com/complexes/14067?tab=detail&rf=Y,경기도 동두천시 지행동 717-2,경기도,동두천시,지행동,,,경기도 동두천시 지행로 16,0.0,193,20,1670.0,0.9
[지행동],14067,4,송내주공1단지,2004.08.,1862.0,32.66,107.98,25.67,84.87,270,,,,,,,,,3,2,계단식,107B,20.0,15.0,https://new.land.naver.com/complexes/14067?tab=detail&rf=Y,경기도 동두천시 지행동 717-2,경기도,동두천시,지행동,,,경기도 동두천시 지행로 16,0.0,193,20,1670.0,0.9
[지행동],14067,5,송내주공1단지,2004.08.,1862.0,32.62,107.84,25.63,84.76,216,,,,,,,,,3,2,계단식,107A,20.0,15.0,https://new.land.naver.com/complexes/14067?tab=detail&rf=Y,경기도 동두천시 지행동 717-2,경기도,동두천시,지행동,,,경기도 동두천시 지행로 16,0.0,193,20,1670.0,0.9
[지행동],14067,6,송내주공1단지,2004.08.,1862.0,32.67,108.0,25.67,84.88,270,,,,,,,,,3,2,계단식,108C,20.0,15.0,https://new.land.naver.com/complexes/14067?tab=detail&rf=Y,경기도 동두천시 지행동 717-2,경기도,동두천시,지행동,,,경기도 동두천시 지행로 16,0.0,193,20,1670.0,0.9
[지행동],13738,1,현성,1993.11.,60.0,25.81,85.34,17.89,59.16,30,,,,,,,,,2,1,복도식,85,6.0,6.0,https://new.land.naver.com/complexes/13738?tab=detail&rf=Y,경기도 동두천시 지행동 339-1,경기도,동두천시,지행동,,,경기도 동두천시 지행로108번길 31,0.0,203,37,38.0,0.63
[지행동],13738,2,현성,1993.11.,60.0,33.55,110.92,23.25,76.89,12,,,,,,,,,3,2,복도식,110,6.0,6.0,https://new.land.naver.com/complexes/13738?tab=detail&rf=Y,경기도 동두천시 지행동 339-1,경기도,동두천시,지행동,,,경기도 동두천시 지행로108번길 31,0.0,203,37,38.0,0.63
[지행동],13738,3,현성,1993.11.,60.0,37.04,122.47,25.68,84.9,18,,,,,,,,,3,1,복도식,122,6.0,6.0,https://new.land.naver.com/complexes/13738?tab=detail&rf=Y,경기도 동두천시 지행동 339-1,경기도,동두천시,지행동,,,경기도 동두천시 지행로108번길 31,0.0,203,37,38.0,0.63
[지행동],27604,1,지행역동원베네스트,2009.07.,486.0,33.9,112.09,25.64,84.78,185,,,,,,,,,3,2,계단식,112A,15.0,9.0,https://new.land.naver.com/complexes/27604?tab=detail&rf=Y,경기도 동두천시 지행동 354,경기도,동두천시,지행동,,,경기도 동두천시 이담로 89,0.0,222,19,565.0,1.16
[지행동],27604,2,지행역동원베네스트,2009.07.,486.0,34.28,113.35,25.67,84.88,225,,,,,,,,,3,2,계단식,113B,15.0,9.0,https://new.land.naver.com/complexes/27604?tab=detail&rf=Y,경기도 동두천시 지행동 354,경기도,동두천시,지행동,,,경기도 동두천시 이담로 89,0.0,222,19,565.0,1.16
[지행동],27604,3,지행역동원베네스트,2009.07.,486.0,46.13,152.52,36.69,121.29,76,,,,,,,,,3,2,계단식,152,15.0,9.0,https://new.land.naver.com/complexes/27604?tab=detail&rf=Y,경기도 동두천시 지행동 354,경기도,동두천시,지행동,,,경기도 동두천시 이담로 89,0.0,222,19,565.0,1.16
[지행동],10673,1,지행주공1단지,2000.04.,269.0,21.31,70.45,15.01,49.62,59,,,,,,,,,2,1,복도식,70,15.0,15.0,https://new.land.naver.com/complexes/10673?tab=detail&rf=Y,경기도 동두천시 지행동 270-4,경기도,동두천시,지행동,,,경기도 동두천시 삼육사로1002번길 93,0.0,159,13,197.0,0.73
[지행동],10673,2,지행주공1단지,2000.04.,269.0,23.32,77.11,18.14,59.99,210,,,,,,,,,3,2,계단식,77,15.0,15.0,https://new.land.naver.com/complexes/10673?tab=detail&rf=Y,경기도 동두천시 지행동 270-4,경기도,동두천시,지행동,,,경기도 동두천시 삼육사로1002번길 93,0.0,159,13,197.0,0.73
[지행동],14065,1,부영3단지,2003.07.,380.0,32.0,105.79,25.7,84.98,380,,,,,,,,,3,2,계단식,105,15.0,12.0,https://new.land.naver.com/complexes/14065?tab=detail&rf=Y,경기도 동두천시 지행동 691,경기도,동두천시,지행동,,,경기도 동두천시 생연로 28,0.0,219,20,384.0,1.01
[지행동],108926,1,하이텍,1990.12.,30.0,15.77,52.14,11.49,38.01,30,,,,,,,,,2,1,계단식,52,5.0,5.0,https://new.land.naver.com/complexes/108926?tab=detail&rf=Y,경기도 동두천시 지행동 292-10,경기도,동두천시,지행동,,,경기도 동두천시 지행로 111,0.0,0,0,0.0,0.0
[지행동],13354,1,지행현대2차,1999.06.,126.0,23.78,78.62,18.1,59.84,63,,,,,,,,,3,1,계단식,78,21.0,21.0,https://new.land.naver.com/complexes/13354?tab=detail&rf=Y,경기도 동두천시 지행동 282-3,경기도,동두천시,지행동,,,경기도 동두천시 평화로 2316-6,0.0,280,17,111.0,0.88
[지행동],13354,2,지행현대2차,1999.06.,126.0,28.06,92.79,21.36,70.62,21,,,,,,,,,3,1,계단식,92,21.0,21.0,https://new.land.naver.com/complexes/13354?tab=detail&rf=Y,경기도 동두천시 지행동 282-3,경기도,동두천시,지행동,,,경기도 동두천시 평화로 2316-6,0.0,280,17,111.0,0.88
[지행동],13354,3,지행현대2차,1999.06.,126.0,33.76,111.62,25.69,84.95,42,,,,,,,,,3,2,계단식,111,21.0,21.0,https://new.land.naver.com/complexes/13354?tab=detail&rf=Y,경기도 동두천시 지행동 282-3,경기도,동두천시,지행동,,,경기도 동두천시 평화로 2316-6,0.0,280,17,111.0,0.88
[지행동],14068,1,송내주공2단지,2004.07.,878.0,20.48,67.71,15.69,51.88,568,,,,,,,,,2,1,복도식,67,20.0,15.0,https://new.land.naver.com/complexes/14068?tab=detail&rf=Y,경기도 동두천시 지행동 722-5,경기도,동두천시,지행동,,,경기도 동두천시 동두천로 89,0.0,177,15,655.0,0.75
[지행동],14068,2,송내주공2단지,2004.07.,878.0,23.51,77.73,18.01,59.56,270,,,,,,,,,3,2,계단식,77A,20.0,15.0,https://new.land.naver.com/complexes/14068?tab=detail&rf=Y,경기도 동두천시 지행동 722-5,경기도,동두천시,지행동,,,경기도 동두천시 동두천로 89,0.0,177,15,655.0,0.75
[지행동],14068,3,송내주공2단지,2004.07.,878.0,23.66,78.23,18.13,59.94,40,,,,,,,,,3,2,계단식,78B,20.0,15.0,https://new.land.naver.com/complexes/14068?tab=detail&rf=Y,경기도 동두천시 지행동 722-5,경기도,동두천시,지행동,,,경기도 동두천시 동두천로 89,0.0,177,15,655.0,0.75
