[고대면],100736,1,산내들,1998.05.,210.0,22.13,73.18,18.11,59.88,210,,,,,,,,,3,1,계단식,73,15.0,15.0,https://new.land.naver.com/complexes/100736?tab=detail&rf=Y,충청남도 당진시 고대면 진관리 642-2,충청남도,당진시,고대면,,,충청남도 당진시 고대로 98,0.0,165,17,141.0,0.67
[고대면],144602,1,고대,1995.12.,96.0,16.19,53.55,12.16,40.2,96,,,,,,,,,2,1,계단식,53,6.0,6.0,https://new.land.naver.com/complexes/144602?tab=detail&rf=Y,충청남도 당진시 고대면 용두리 676-25,충청남도,당진시,고대면,,,충청남도 당진시 고대로 26-10,0.0,0,0,36.0,0.38
[대덕동],128362,1,대덕수청시티프라디움2차,2021.02.,460.0,32.63,107.9,25.7,84.99,334,,,,,,,,,3,2,계단식,107A,20.0,13.0,https://new.land.naver.com/complexes/128362?tab=detail&rf=Y,충청남도 당진시 대덕동 1883,충청남도,당진시,대덕동,,,충청남도 당진시 대덕1로 50,460.0,191,18,612.0,1.33
[대덕동],128362,2,대덕수청시티프라디움2차,2021.02.,460.0,32.57,107.7,25.7,84.99,126,,,,,,,,,3,2,계단식,107B,20.0,13.0,https://new.land.naver.com/complexes/128362?tab=detail&rf=Y,충청남도 당진시 대덕동 1883,충청남도,당진시,대덕동,,,충청남도 당진시 대덕1로 50,460.0,191,18,612.0,1.33
[대덕동],123520,1,당진대덕수청시티프라디움,2020.12.,370.0,24.18,79.94,18.13,59.95,70,,,,,,,,,3,2,계단식,79B,20.0,15.0,https://new.land.naver.com/complexes/123520?tab=detail&rf=Y,충청남도 당진시 대덕동 1876,충청남도,당진시,대덕동,,,충청남도 당진시,0.0,175,18,477.0,1.29
[대덕동],123520,2,당진대덕수청시티프라디움,2020.12.,370.0,24.25,80.18,18.14,59.97,234,,,,,,,,,3,2,계단식,80A,20.0,15.0,https://new.land.naver.com/complexes/123520?tab=detail&rf=Y,충청남도 당진시 대덕동 1876,충청남도,당진시,대덕동,,,충청남도 당진시,0.0,175,18,477.0,1.29
[대덕동],123520,3,당진대덕수청시티프라디움,2020.12.,370.0,24.25,80.17,18.14,59.97,34,,,,,,,,,3,2,계단식,80C,20.0,15.0,https://new.land.naver.com/complexes/123520?tab=detail&rf=Y,충청남도 당진시 대덕동 1876,충청남도,당진시,대덕동,,,충청남도 당진시,0.0,175,18,477.0,1.29
[대덕동],123520,4,당진대덕수청시티프라디움,2020.12.,370.0,24.52,81.08,18.12,59.93,32,,,,,,,,,3,2,계단식,81D,20.0,15.0,https://new.land.naver.com/complexes/123520?tab=detail&rf=Y,충청남도 당진시 대덕동 1876,충청남도,당진시,대덕동,,,충청남도 당진시,0.0,175,18,477.0,1.29
[대덕동],108513,1,한성필하우스,2016.08.,710.0,30.26,100.05,22.99,76.02,301,,,,,,,,,3,2,계단식,100,20.0,13.0,https://new.land.naver.com/complexes/108513?tab=detail&rf=Y,충청남도 당진시 대덕동 1808,충청남도,당진시,대덕동,,,충청남도 당진시 남부로 200,0.0,199,17,862.0,1.21
[대덕동],108513,2,한성필하우스,2016.08.,710.0,33.38,110.35,25.7,84.99,179,,,,,,,,,4,2,계단식,110A,20.0,13.0,https://new.land.naver.com/complexes/108513?tab=detail&rf=Y,충청남도 당진시 대덕동 1808,충청남도,당진시,대덕동,,,충청남도 당진시 남부로 200,0.0,199,17,862.0,1.21
[대덕동],108513,3,한성필하우스,2016.08.,710.0,33.53,110.87,25.65,84.81,70,,,,,,,,,4,2,계단식,110B,20.0,13.0,https://new.land.naver.com/complexes/108513?tab=detail&rf=Y,충청남도 당진시 대덕동 1808,충청남도,당진시,대덕동,,,충청남도 당진시 남부로 200,0.0,199,17,862.0,1.21
[대덕동],108513,4,한성필하우스,2016.08.,710.0,33.55,110.91,25.69,84.94,58,,,,,,,,,3,2,계단식,110C,20.0,13.0,https://new.land.naver.com/complexes/108513?tab=detail&rf=Y,충청남도 당진시 대덕동 1808,충청남도,당진시,대덕동,,,충청남도 당진시 남부로 200,0.0,199,17,862.0,1.21
[대덕동],108513,5,한성필하우스,2016.08.,710.0,33.64,111.21,25.69,84.94,1,,,,,,,,,3,2,계단식,111,20.0,13.0,https://new.land.naver.com/complexes/108513?tab=detail&rf=Y,충청남도 당진시 대덕동 1808,충청남도,당진시,대덕동,,,충청남도 당진시 남부로 200,0.0,199,17,862.0,1.21
[대덕동],108513,6,한성필하우스,2016.08.,710.0,34.09,112.7,25.69,84.95,101,,,,,,,,,4,2,계단식,112D,20.0,13.0,https://new.land.naver.com/complexes/108513?tab=detail&rf=Y,충청남도 당진시 대덕동 1808,충청남도,당진시,대덕동,,,충청남도 당진시 남부로 200,0.0,199,17,862.0,1.21
[대덕동],120228,1,당진대덕수청지구중흥S클래스파크힐,2020.07.,482.0,34.15,112.9,25.69,84.93,482,,,,,,,,,3,2,계단식,112,20.0,10.0,https://new.land.naver.com/complexes/120228?tab=detail&rf=Y,충청남도 당진시 대덕동 1879,충청남도,당진시,대덕동,,,충청남도 당진시 대덕1로 102-15,0.0,0,0,579.0,1.2
[석문면],14016,1,삼봉유림,2000.01.,203.0,22.37,73.96,18.09,59.81,117,,,,,,,,,3,1,계단식,73,18.0,16.0,https://new.land.naver.com/complexes/14016?tab=detail&rf=Y,충청남도 당진시 석문면 삼봉리 1156-1,충청남도,당진시,석문면,,,충청남도 당진시 대호로 1523,0.0,326,27,127.0,0.63
[석문면],14016,2,삼봉유림,2000.01.,203.0,27.24,90.05,22.95,75.88,18,,,,,,,,,3,2,계단식,90,18.0,16.0,https://new.land.naver.com/complexes/14016?tab=detail&rf=Y,충청남도 당진시 석문면 삼봉리 1156-1,충청남도,당진시,석문면,,,충청남도 당진시 대호로 1523,0.0,326,27,127.0,0.63
[석문면],14016,3,삼봉유림,2000.01.,203.0,29.89,98.83,25.6,84.64,34,,,,,,,,,3,2,계단식,98,18.0,16.0,https://new.land.naver.com/complexes/14016?tab=detail&rf=Y,충청남도 당진시 석문면 삼봉리 1156-1,충청남도,당진시,석문면,,,충청남도 당진시 대호로 1523,0.0,326,27,127.0,0.63
[석문면],14016,4,삼봉유림,2000.01.,203.0,37.18,122.93,32.89,108.73,34,,,,,,,,,4,1,계단식,122,18.0,16.0,https://new.land.naver.com/complexes/14016?tab=detail&rf=Y,충청남도 당진시 석문면 삼봉리 1156-1,충청남도,당진시,석문면,,,충청남도 당진시 대호로 1523,0.0,326,27,127.0,0.63
[석문면],122197,1,당진정우,1991.08.,25.0,31.13,102.92,24.24,80.16,10,,,,,,,,,3,2,계단식,102,5.0,5.0,https://new.land.naver.com/complexes/122197?tab=detail&rf=Y,충청남도 당진시 석문면 삼봉리 951-17,충청남도,당진시,석문면,,,충청남도 당진시 대호만로 1736-8,0.0,129,25,0.0,0.0
[석문면],122197,2,당진정우,1991.08.,25.0,32.22,106.52,25.14,83.13,10,,,,,,,,,3,2,계단식,106,5.0,5.0,https://new.land.naver.com/complexes/122197?tab=detail&rf=Y,충청남도 당진시 석문면 삼봉리 951-17,충청남도,당진시,석문면,,,충청남도 당진시 대호만로 1736-8,0.0,129,25,0.0,0.0
[석문면],122197,3,당진정우,1991.08.,25.0,34.49,114.04,25.55,84.48,5,,,,,,,,,3,2,계단식,114,5.0,5.0,https://new.land.naver.com/complexes/122197?tab=detail&rf=Y,충청남도 당진시 석문면 삼봉리 951-17,충청남도,당진시,석문면,,,충청남도 당진시 대호만로 1736-8,0.0,129,25,0.0,0.0
[송산면],103754,1,당진엠코타운,2013.05.,855.0,33.53,110.85,25.69,84.94,471,,,,,,,,,3,2,계단식,110A,21.0,15.0,https://new.land.naver.com/complexes/103754?tab=detail&rf=Y,충청남도 당진시 송산면 유곡리 861,충청남도,당진시,송산면,,,충청남도 당진시 유곡로 20,0.0,203,17,1020.0,1.19
[송산면],103754,2,당진엠코타운,2013.05.,855.0,33.56,110.96,25.67,84.88,132,,,,,,,,,3,2,계단식,110B,21.0,15.0,https://new.land.naver.com/complexes/103754?tab=detail&rf=Y,충청남도 당진시 송산면 유곡리 861,충청남도,당진시,송산면,,,충청남도 당진시 유곡로 20,0.0,203,17,1020.0,1.19
[송산면],103754,3,당진엠코타운,2013.05.,855.0,33.46,110.63,25.7,84.97,118,,,,,,,,,3,2,계단식,110D,21.0,15.0,https://new.land.naver.com/complexes/103754?tab=detail&rf=Y,충청남도 당진시 송산면 유곡리 861,충청남도,당진시,송산면,,,충청남도 당진시 유곡로 20,0.0,203,17,1020.0,1.19
[송산면],103754,4,당진엠코타운,2013.05.,855.0,33.72,111.48,25.7,84.97,134,,,,,,,,,3,2,계단식,111C,21.0,15.0,https://new.land.naver.com/complexes/103754?tab=detail&rf=Y,충청남도 당진시 송산면 유곡리 861,충청남도,당진시,송산면,,,충청남도 당진시 유곡로 20,0.0,203,17,1020.0,1.19
[송산면],108603,1,페럼빌,2009.06.,200.0,25.33,83.75,18.6,61.5,28,,,,,,,,,3,2,계단식,83,15.0,14.0,https://new.land.naver.com/complexes/108603?tab=detail&rf=Y,충청남도 당진시 송산면 금암리 36-1,충청남도,당진시,송산면,,,충청남도 당진시 송산로 125,0.0,122,12,300.0,1.5
[송산면],108603,2,페럼빌,2009.06.,200.0,32.12,106.2,25.66,84.84,90,,,,,,,,,3,2,계단식,106A,15.0,14.0,https://new.land.naver.com/complexes/108603?tab=detail&rf=Y,충청남도 당진시 송산면 금암리 36-1,충청남도,당진시,송산면,,,충청남도 당진시 송산로 125,0.0,122,12,300.0,1.5
[송산면],108603,3,페럼빌,2009.06.,200.0,32.33,106.89,25.7,84.97,42,,,,,,,,,3,2,계단식,106B,15.0,14.0,https://new.land.naver.com/complexes/108603?tab=detail&rf=Y,충청남도 당진시 송산면 금암리 36-1,충청남도,당진시,송산면,,,충청남도 당진시 송산로 125,0.0,122,12,300.0,1.5
[송산면],108603,4,페럼빌,2009.06.,200.0,32.06,106.0,25.7,84.97,40,,,,,,,,,3,2,계단식,106C,15.0,14.0,https://new.land.naver.com/complexes/108603?tab=detail&rf=Y,충청남도 당진시 송산면 금암리 36-1,충청남도,당진시,송산면,,,충청남도 당진시 송산로 125,0.0,122,12,300.0,1.5
[송산면],8027,1,당진대상,1999.06.,880.0,14.95,49.43,10.92,36.12,278,,,,,,,,,2,1,복도식,49,18.0,16.0,https://new.land.naver.com/complexes/8027?tab=detail&rf=Y,충청남도 당진시 송산면 금암리 16-2,충청남도,당진시,송산면,,,충청남도 당진시 송산로 164,0.0,0,0,0.0,0.0
[송산면],8027,2,당진대상,1999.06.,880.0,19.55,64.63,14.87,49.16,180,,,,,,,,,3,1,복도식,64,18.0,16.0,https://new.land.naver.com/complexes/8027?tab=detail&rf=Y,충청남도 당진시 송산면 금암리 16-2,충청남도,당진시,송산면,,,충청남도 당진시 송산로 164,0.0,0,0,0.0,0.0
[송산면],8027,3,당진대상,1999.06.,880.0,22.73,75.17,18.09,59.83,180,,,,,,,,,3,1,계단식,75,18.0,16.0,https://new.land.naver.com/complexes/8027?tab=detail&rf=Y,충청남도 당진시 송산면 금암리 16-2,충청남도,당진시,송산면,,,충청남도 당진시 송산로 164,0.0,0,0,0.0,0.0
[송산면],8027,4,당진대상,1999.06.,880.0,30.3,100.18,25.66,84.84,144,,,,,,,,,3,2,계단식,100,18.0,16.0,https://new.land.naver.com/complexes/8027?tab=detail&rf=Y,충청남도 당진시 송산면 금암리 16-2,충청남도,당진시,송산면,,,충청남도 당진시 송산로 164,0.0,0,0,0.0,0.0
[송산면],8027,5,당진대상,1999.06.,880.0,40.13,132.67,35.48,117.31,98,,,,,,,,,4,2,계단식,132,18.0,16.0,https://new.land.naver.com/complexes/8027?tab=detail&rf=Y,충청남도 당진시 송산면 금암리 16-2,충청남도,당진시,송산면,,,충청남도 당진시 송산로 164,0.0,0,0,0.0,0.0
[송산면],22206,1,송산중명,1997.03.,402.0,25.06,82.86,17.95,59.34,402,,,,,,,,,3,1,계단식,82,17.0,13.0,https://new.land.naver.com/complexes/22206?tab=detail&rf=Y,충청남도 당진시 송산면 유곡리 219-10,충청남도,당진시,송산면,,,충청남도 당진시 송산로 809,0.0,246,37,227.0,0.56
[송산면],130585,1,해링턴플레이스에듀타운,2022.08.,671.0,25.68,84.91,18.12,59.91,359,,,,,,,,,-,-,계단식,84A,20.0,12.0,https://new.land.naver.com/complexes/130585?tab=detail&rf=Y,충청남도 당진시 송산면 유곡리 1312번지,충청남도,당진시,송산면,,,충청남도 당진시,0.0,238,21,810.0,1.21
[송산면],130585,2,해링턴플레이스에듀타운,2022.08.,671.0,25.89,85.6,18.14,59.97,38,,,,,,,,,-,-,계단식,85B,20.0,12.0,https://new.land.naver.com/complexes/130585?tab=detail&rf=Y,충청남도 당진시 송산면 유곡리 1312번지,충청남도,당진시,송산면,,,충청남도 당진시,0.0,238,21,810.0,1.21
[송산면],130585,3,해링턴플레이스에듀타운,2022.08.,671.0,31.03,102.58,22.66,74.93,119,,,,,,,,,-,-,계단식,102,20.0,12.0,https://new.land.naver.com/complexes/130585?tab=detail&rf=Y,충청남도 당진시 송산면 유곡리 1312번지,충청남도,당진시,송산면,,,충청남도 당진시,0.0,238,21,810.0,1.21
[송산면],130585,4,해링턴플레이스에듀타운,2022.08.,671.0,33.82,111.83,25.66,84.84,155,,,,,,,,,-,-,계단식,111,20.0,12.0,https://new.land.naver.com/complexes/130585?tab=detail&rf=Y,충청남도 당진시 송산면 유곡리 1312번지,충청남도,당진시,송산면,,,충청남도 당진시,0.0,238,21,810.0,1.21
[송산면],22228,1,세안,1993.03.,290.0,17.04,56.36,15.0,49.59,290,,,,,,,,,2,1,계단식,56,5.0,5.0,https://new.land.naver.com/complexes/22228?tab=detail&rf=Y,충청남도 당진시 송산면 매곡리 330,충청남도,당진시,송산면,,,충청남도 당진시 당산1로 563,0.0,114,24,0.0,0.0
[송산면],111196,1,당진송산청광,2016.08.,299.0,19.45,64.3,15.1,49.95,219,,,,,,,,,2,1,계단식,64,10.0,9.0,https://new.land.naver.com/complexes/111196?tab=detail&rf=Y,충청남도 당진시 송산면 유곡리 1467,충청남도,당진시,송산면,,,충청남도 당진시 송산로 864-10,0.0,146,18,214.0,0.72
[송산면],111196,2,당진송산청광,2016.08.,299.0,23.71,78.41,18.02,59.59,80,,,,,,,,,3,1,계단식,78,10.0,9.0,https://new.land.naver.com/complexes/111196?tab=detail&rf=Y,충청남도 당진시 송산면 유곡리 1467,충청남도,당진시,송산면,,,충청남도 당진시 송산로 864-10,0.0,146,18,214.0,0.72
[송악읍],26313,1,HB한빛,2007.12.,244.0,22.25,73.58,16.43,54.34,2,,,,,,,,,3,1,계단식,73,15.0,6.0,https://new.land.naver.com/complexes/26313?tab=detail&rf=Y,충청남도 당진시 송악읍 반촌리 985,충청남도,당진시,송악읍,,,충청남도 당진시 반촌로 125,0.0,0,0,0.0,0.0
[송악읍],26313,2,HB한빛,2007.12.,244.0,24.46,80.89,18.14,59.98,56,,,,,,,,,3,2,계단식,80,15.0,6.0,https://new.land.naver.com/complexes/26313?tab=detail&rf=Y,충청남도 당진시 송악읍 반촌리 985,충청남도,당진시,송악읍,,,충청남도 당진시 반촌로 125,0.0,0,0,0.0,0.0
[송악읍],26313,3,HB한빛,2007.12.,244.0,34.65,114.56,25.68,84.9,70,,,,,,,,,3,2,계단식,114A,15.0,6.0,https://new.land.naver.com/complexes/26313?tab=detail&rf=Y,충청남도 당진시 송악읍 반촌리 985,충청남도,당진시,송악읍,,,충청남도 당진시 반촌로 125,0.0,0,0,0.0,0.0
[송악읍],26313,4,HB한빛,2007.12.,244.0,34.62,114.46,25.7,84.98,9,,,,,,,,,3,2,계단식,114B,15.0,6.0,https://new.land.naver.com/complexes/26313?tab=detail&rf=Y,충청남도 당진시 송악읍 반촌리 985,충청남도,당진시,송악읍,,,충청남도 당진시 반촌로 125,0.0,0,0,0.0,0.0
[송악읍],26313,5,HB한빛,2007.12.,244.0,35.7,118.02,25.69,84.95,9,,,,,,,,,3,2,계단식,118A,15.0,6.0,https://new.land.naver.com/complexes/26313?tab=detail&rf=Y,충청남도 당진시 송악읍 반촌리 985,충청남도,당진시,송악읍,,,충청남도 당진시 반촌로 125,0.0,0,0,0.0,0.0
[송악읍],26313,6,HB한빛,2007.12.,244.0,36.23,119.8,25.7,84.97,9,,,,,,,,,3,2,계단식,119B,15.0,6.0,https://new.land.naver.com/complexes/26313?tab=detail&rf=Y,충청남도 당진시 송악읍 반촌리 985,충청남도,당진시,송악읍,,,충청남도 당진시 반촌로 125,0.0,0,0,0.0,0.0
[송악읍],26313,7,HB한빛,2007.12.,244.0,36.52,120.76,25.68,84.9,89,,,,,,,,,3,2,계단식,120,15.0,6.0,https://new.land.naver.com/complexes/26313?tab=detail&rf=Y,충청남도 당진시 송악읍 반촌리 985,충청남도,당진시,송악읍,,,충청남도 당진시 반촌로 125,0.0,0,0,0.0,0.0
[송악읍],103041,1,수웅누리,1999.07.,299.0,14.7,48.61,11.97,39.6,184,,,,,,,,,2,1,복도식,48,5.0,4.0,https://new.land.naver.com/complexes/103041?tab=detail&rf=Y,충청남도 당진시 송악읍 석포리 318-3,충청남도,당진시,송악읍,,,충청남도 당진시 송악로 520,0.0,0,0,0.0,0.0
[송악읍],103041,2,수웅누리,1999.07.,299.0,18.48,61.1,15.05,49.77,65,,,,,,,,,2,1,복도식,61,5.0,4.0,https://new.land.naver.com/complexes/103041?tab=detail&rf=Y,충청남도 당진시 송악읍 석포리 318-3,충청남도,당진시,송악읍,,,충청남도 당진시 송악로 520,0.0,0,0,0.0,0.0
[송악읍],103041,3,수웅누리,1999.07.,299.0,22.03,72.84,17.95,59.34,50,,,,,,,,,3,1,계단식,72,5.0,4.0,https://new.land.naver.com/complexes/103041?tab=detail&rf=Y,충청남도 당진시 송악읍 석포리 318-3,충청남도,당진시,송악읍,,,충청남도 당진시 송악로 520,0.0,0,0,0.0,0.0
[송악읍],101491,1,동광,2007.04.,655.0,24.55,81.17,18.14,59.99,655,,,,,,,,,3,2,계단식,81,15.0,14.0,https://new.land.naver.com/complexes/101491?tab=detail&rf=Y,충청남도 당진시 송악읍 복운리 1629-1,충청남도,당진시,송악읍,,,충청남도 당진시 신복운로3길 8,0.0,0,0,722.0,1.1
[송악읍],100728,1,공간그린하이츠,1995.09.,96.0,19.95,65.96,18.1,59.85,96,,,,,,,,,3,2,계단식,65,4.0,4.0,https://new.land.naver.com/complexes/100728?tab=detail&rf=Y,충청남도 당진시 송악읍 기지시리 355,충청남도,당진시,송악읍,,,충청남도 당진시 틀모시로 821-84,0.0,0,0,0.0,0.0
[송악읍],22175,1,반촌명지,1994.04.,299.0,19.0,62.82,14.7,48.6,191,,,,,,,,,3,1,계단식,62,6.0,5.0,https://new.land.naver.com/complexes/22175?tab=detail&rf=Y,충청남도 당진시 송악읍 반촌리 420-6,충청남도,당진시,송악읍,,,충청남도 당진시 반촌로 288-5,0.0,0,0,106.0,0.35
[송악읍],22175,2,반촌명지,1994.04.,299.0,22.99,76.01,18.1,59.85,108,,,,,,,,,3,1,계단식,76,6.0,5.0,https://new.land.naver.com/complexes/22175?tab=detail&rf=Y,충청남도 당진시 송악읍 반촌리 420-6,충청남도,당진시,송악읍,,,충청남도 당진시 반촌로 288-5,0.0,0,0,106.0,0.35
[송악읍],143723,1,당진푸르지오3차,2021.11.,667.0,29.84,98.66,22.67,74.96,27,,,,,,,,,3,2,계단식,98B,27.0,18.0,https://new.land.naver.com/complexes/143723?tab=detail&rf=Y,충청남도 당진시 송악읍 기지시리 512(송악지구 A3블록),충청남도,당진시,송악읍,,,충청남도 당진시,0.0,239,16,0.0,0.0
[송악읍],143723,2,당진푸르지오3차,2021.11.,667.0,29.79,98.49,22.68,74.99,22,,,,,,,,,3,2,계단식,98A,27.0,18.0,https://new.land.naver.com/complexes/143723?tab=detail&rf=Y,충청남도 당진시 송악읍 기지시리 512(송악지구 A3블록),충청남도,당진시,송악읍,,,충청남도 당진시,0.0,239,16,0.0,0.0
[송악읍],143723,3,당진푸르지오3차,2021.11.,667.0,30.27,100.07,22.68,74.98,48,,,,,,,,,3,2,계단식,100C,27.0,18.0,https://new.land.naver.com/complexes/143723?tab=detail&rf=Y,충청남도 당진시 송악읍 기지시리 512(송악지구 A3블록),충청남도,당진시,송악읍,,,충청남도 당진시,0.0,239,16,0.0,0.0
[송악읍],143723,4,당진푸르지오3차,2021.11.,667.0,33.62,111.16,25.7,84.98,285,,,,,,,,,3,2,계단식,111A,27.0,18.0,https://new.land.naver.com/complexes/143723?tab=detail&rf=Y,충청남도 당진시 송악읍 기지시리 512(송악지구 A3블록),충청남도,당진시,송악읍,,,충청남도 당진시,0.0,239,16,0.0,0.0
[송악읍],143723,5,당진푸르지오3차,2021.11.,667.0,33.73,111.52,25.7,84.99,145,,,,,,,,,3,2,계단식,111B,27.0,18.0,https://new.land.naver.com/complexes/143723?tab=detail&rf=Y,충청남도 당진시 송악읍 기지시리 512(송악지구 A3블록),충청남도,당진시,송악읍,,,충청남도 당진시,0.0,239,16,0.0,0.0
[송악읍],143723,6,당진푸르지오3차,2021.11.,667.0,33.76,111.62,25.7,84.99,140,,,,,,,,,3,2,계단식,111C,27.0,18.0,https://new.land.naver.com/complexes/143723?tab=detail&rf=Y,충청남도 당진시 송악읍 기지시리 512(송악지구 A3블록),충청남도,당진시,송악읍,,,충청남도 당진시,0.0,239,16,0.0,0.0
[송악읍],22755,1,신성미소지움2단지,2007.04.,655.0,25.26,83.52,18.15,60.0,178,,,,,,,,,3,2,계단식,83,15.0,15.0,https://new.land.naver.com/complexes/22755?tab=detail&rf=Y,충청남도 당진시 송악읍 복운리 1629-2,충청남도,당진시,송악읍,,,충청남도 당진시 신복운로3길 28,0.0,159,14,783.0,1.2
[송악읍],22755,2,신성미소지움2단지,2007.04.,655.0,33.24,109.89,25.7,84.98,477,,,,,,,,,3,2,계단식,109,15.0,15.0,https://new.land.naver.com/complexes/22755?tab=detail&rf=Y,충청남도 당진시 송악읍 복운리 1629-2,충청남도,당진시,송악읍,,,충청남도 당진시 신복운로3길 28,0.0,159,14,783.0,1.2
[송악읍],22757,1,신성미소지움1단지,2007.04.,499.0,30.19,99.82,22.8,75.4,89,,,,,,,,,3,2,계단식,99,15.0,14.0,https://new.land.naver.com/complexes/22757?tab=detail&rf=Y,충청남도 당진시 송악읍 복운리 1629-3,충청남도,당진시,송악읍,,,충청남도 당진시 신복운로3길 28,0.0,177,15,637.0,1.28
[송악읍],22757,2,신성미소지움1단지,2007.04.,499.0,34.13,112.84,25.7,84.99,350,,,,,,,,,3,2,계단식,112,15.0,14.0,https://new.land.naver.com/complexes/22757?tab=detail&rf=Y,충청남도 당진시 송악읍 복운리 1629-3,충청남도,당진시,송악읍,,,충청남도 당진시 신복운로3길 28,0.0,177,15,637.0,1.28
[송악읍],22757,3,신성미소지움1단지,2007.04.,499.0,45.23,149.54,36.59,120.96,60,,,,,,,,,4,2,계단식,149,15.0,14.0,https://new.land.naver.com/complexes/22757?tab=detail&rf=Y,충청남도 당진시 송악읍 복운리 1629-3,충청남도,당진시,송악읍,,,충청남도 당진시 신복운로3길 28,0.0,177,15,637.0,1.28
[송악읍],17612,1,세종그랑시아,2005.02.,480.0,17.7,58.54,14.37,47.52,28,,,,,,,,,2,1,계단식,58,15.0,9.0,https://new.land.naver.com/complexes/17612?tab=detail&rf=Y,충청남도 당진시 송악읍 중흥리 396-1,충청남도,당진시,송악읍,,,충청남도 당진시 중흥1길 51,0.0,143,16,345.0,0.72
[송악읍],17612,2,세종그랑시아,2005.02.,480.0,22.24,73.54,18.05,59.69,338,,,,,,,,,3,1,계단식,73,15.0,9.0,https://new.land.naver.com/complexes/17612?tab=detail&rf=Y,충청남도 당진시 송악읍 중흥리 396-1,충청남도,당진시,송악읍,,,충청남도 당진시 중흥1길 51,0.0,143,16,345.0,0.72
[송악읍],17612,3,세종그랑시아,2005.02.,480.0,27.02,89.33,21.92,72.49,10,,,,,,,,,3,1,계단식,89,15.0,9.0,https://new.land.naver.com/complexes/17612?tab=detail&rf=Y,충청남도 당진시 송악읍 중흥리 396-1,충청남도,당진시,송악읍,,,충청남도 당진시 중흥1길 51,0.0,143,16,345.0,0.72
[송악읍],17612,4,세종그랑시아,2005.02.,480.0,31.45,103.97,25.52,84.39,104,,,,,,,,,3,2,계단식,103,15.0,9.0,https://new.land.naver.com/complexes/17612?tab=detail&rf=Y,충청남도 당진시 송악읍 중흥리 396-1,충청남도,당진시,송악읍,,,충청남도 당진시 중흥1길 51,0.0,143,16,345.0,0.72
[송악읍],101292,1,당진롯데캐슬,2012.04.,706.0,24.96,82.53,18.01,59.56,30,,,,,,,,,3,2,계단식,82,24.0,11.0,https://new.land.naver.com/complexes/101292?tab=detail&rf=Y,충청남도 당진시 송악읍 반촌리 987,충청남도,당진시,송악읍,,,충청남도 당진시 반촌로 108,0.0,227,19,837.0,1.19
[송악읍],101292,2,당진롯데캐슬,2012.04.,706.0,32.79,108.42,25.49,84.27,104,,,,,,,,,3,2,계단식,108E,24.0,11.0,https://new.land.naver.com/complexes/101292?tab=detail&rf=Y,충청남도 당진시 송악읍 반촌리 987,충청남도,당진시,송악읍,,,충청남도 당진시 반촌로 108,0.0,227,19,837.0,1.19
[송악읍],101292,3,당진롯데캐슬,2012.04.,706.0,33.56,110.96,25.59,84.62,232,,,,,,,,,3,2,계단식,110A,24.0,11.0,https://new.land.naver.com/complexes/101292?tab=detail&rf=Y,충청남도 당진시 송악읍 반촌리 987,충청남도,당진시,송악읍,,,충청남도 당진시 반촌로 108,0.0,227,19,837.0,1.19
[송악읍],101292,4,당진롯데캐슬,2012.04.,706.0,33.44,110.56,25.66,84.83,94,,,,,,,,,3,2,계단식,110C,24.0,11.0,https://new.land.naver.com/complexes/101292?tab=detail&rf=Y,충청남도 당진시 송악읍 반촌리 987,충청남도,당진시,송악읍,,,충청남도 당진시 반촌로 108,0.0,227,19,837.0,1.19
[송악읍],101292,5,당진롯데캐슬,2012.04.,706.0,33.58,111.02,25.5,84.33,13,,,,,,,,,3,2,계단식,111B,24.0,11.0,https://new.land.naver.com/complexes/101292?tab=detail&rf=Y,충청남도 당진시 송악읍 반촌리 987,충청남도,당진시,송악읍,,,충청남도 당진시 반촌로 108,0.0,227,19,837.0,1.19
[송악읍],101292,6,당진롯데캐슬,2012.04.,706.0,33.96,112.27,25.7,84.96,13,,,,,,,,,3,2,계단식,112D,24.0,11.0,https://new.land.naver.com/complexes/101292?tab=detail&rf=Y,충청남도 당진시 송악읍 반촌리 987,충청남도,당진시,송악읍,,,충청남도 당진시 반촌로 108,0.0,227,19,837.0,1.19
[송악읍],101292,7,당진롯데캐슬,2012.04.,706.0,38.51,127.31,30.21,99.88,90,,,,,,,,,3,2,계단식,127A,24.0,11.0,https://new.land.naver.com/complexes/101292?tab=detail&rf=Y,충청남도 당진시 송악읍 반촌리 987,충청남도,당진시,송악읍,,,충청남도 당진시 반촌로 108,0.0,227,19,837.0,1.19
[송악읍],101292,8,당진롯데캐슬,2012.04.,706.0,38.99,128.91,30.1,99.53,82,,,,,,,,,3,2,계단식,128B,24.0,11.0,https://new.land.naver.com/complexes/101292?tab=detail&rf=Y,충청남도 당진시 송악읍 반촌리 987,충청남도,당진시,송악읍,,,충청남도 당진시 반촌로 108,0.0,227,19,837.0,1.19
[송악읍],101292,9,당진롯데캐슬,2012.04.,706.0,46.45,153.58,38.48,127.22,48,,,,,,,,,4,2,계단식,153,24.0,11.0,https://new.land.naver.com/complexes/101292?tab=detail&rf=Y,충청남도 당진시 송악읍 반촌리 987,충청남도,당진시,송악읍,,,충청남도 당진시 반촌로 108,0.0,227,19,837.0,1.19
[송악읍],24232,1,송악,1996.06.,202.0,14.61,48.33,12.85,42.48,202,,,,,,,,,2,1,계단식,48,6.0,6.0,https://new.land.naver.com/complexes/24232?tab=detail&rf=Y,충청남도 당진시 송악읍 기지시리 51,충청남도,당진시,송악읍,,,충청남도 당진시 틀모시로 709,0.0,0,0,198.0,0.98
[송악읍],26346,1,송악e편한세상,2010.03.,811.0,33.68,111.35,25.7,84.96,159,,,,,,,,,3,2,계단식,111B,23.0,16.0,https://new.land.naver.com/complexes/26346?tab=detail&rf=Y,충청남도 당진시 송악읍 가학리 690,충청남도,당진시,송악읍,,,충청남도 당진시 반촌로 103,0.0,233,16,1003.0,1.24
[송악읍],26346,2,송악e편한세상,2010.03.,811.0,33.93,112.18,25.7,84.97,334,,,,,,,,,3,2,계단식,112A,23.0,16.0,https://new.land.naver.com/complexes/26346?tab=detail&rf=Y,충청남도 당진시 송악읍 가학리 690,충청남도,당진시,송악읍,,,충청남도 당진시 반촌로 103,0.0,233,16,1003.0,1.24
[송악읍],26346,3,송악e편한세상,2010.03.,811.0,39.66,131.14,30.21,99.88,168,,,,,,,,,3,2,계단식,131,23.0,16.0,https://new.land.naver.com/complexes/26346?tab=detail&rf=Y,충청남도 당진시 송악읍 가학리 690,충청남도,당진시,송악읍,,,충청남도 당진시 반촌로 103,0.0,233,16,1003.0,1.24
[송악읍],26346,4,송악e편한세상,2010.03.,811.0,47.68,157.65,37.6,124.31,150,,,,,,,,,4,2,계단식,157,23.0,16.0,https://new.land.naver.com/complexes/26346?tab=detail&rf=Y,충청남도 당진시 송악읍 가학리 690,충청남도,당진시,송악읍,,,충청남도 당진시 반촌로 103,0.0,233,16,1003.0,1.24
[송악읍],22227,1,동진,1995.11.,345.0,16.54,54.71,12.06,39.9,345,,,,,,,,,2,1,계단식,54,15.0,15.0,https://new.land.naver.com/complexes/22227?tab=detail&rf=Y,충청남도 당진시 송악읍 반촌리 374-3,충청남도,당진시,송악읍,,,충청남도 당진시 반촌로 267,0.0,0,0,106.0,0.31
[송악읍],108413,1,힐스테이트당진,2016.11.,915.0,25.46,84.18,18.14,59.99,186,,,,,,,,,3,2,계단식,84,23.0,13.0,https://new.land.naver.com/complexes/108413?tab=detail&rf=Y,충청남도 당진시 송악읍 기지시리 510,충청남도,당진시,송악읍,,,충청남도 당진시 틀모시로 738,0.0,206,17,1118.0,1.22
[송악읍],108413,2,힐스테이트당진,2016.11.,915.0,29.2,96.54,22.05,72.92,320,,,,,,,,,3,2,계단식,96,23.0,13.0,https://new.land.naver.com/complexes/108413?tab=detail&rf=Y,충청남도 당진시 송악읍 기지시리 510,충청남도,당진시,송악읍,,,충청남도 당진시 틀모시로 738,0.0,206,17,1118.0,1.22
[송악읍],108413,3,힐스테이트당진,2016.11.,915.0,34.13,112.84,25.68,84.9,204,,,,,,,,,3,2,계단식,112A,23.0,13.0,https://new.land.naver.com/complexes/108413?tab=detail&rf=Y,충청남도 당진시 송악읍 기지시리 510,충청남도,당진시,송악읍,,,충청남도 당진시 틀모시로 738,0.0,206,17,1118.0,1.22
[송악읍],108413,4,힐스테이트당진,2016.11.,915.0,34.44,113.87,25.7,84.98,205,,,,,,,,,3,2,계단식,113B,23.0,13.0,https://new.land.naver.com/complexes/108413?tab=detail&rf=Y,충청남도 당진시 송악읍 기지시리 510,충청남도,당진시,송악읍,,,충청남도 당진시 틀모시로 738,0.0,206,17,1118.0,1.22
[송악읍],127609,1,당진송악경남아너스빌,2021.04.,381.0,24.5,81.02,18.12,59.93,129,,,,,,,,,3,2,계단식,81A,20.0,10.0,https://new.land.naver.com/complexes/127609?tab=detail&rf=Y,충청남도 당진시 송악읍 중흥리 887,충청남도,당진시,송악읍,,,충청남도 당진시 중흥1길 50,0.0,213,20,440.0,1.15
[송악읍],127609,2,당진송악경남아너스빌,2021.04.,381.0,24.63,81.43,18.12,59.91,29,,,,,,,,,3,2,계단식,81C,20.0,10.0,https://new.land.naver.com/complexes/127609?tab=detail&rf=Y,충청남도 당진시 송악읍 중흥리 887,충청남도,당진시,송악읍,,,충청남도 당진시 중흥1길 50,0.0,213,20,440.0,1.15
[송악읍],127609,3,당진송악경남아너스빌,2021.04.,381.0,24.87,82.24,18.13,59.96,20,,,,,,,,,3,2,계단식,82B,20.0,10.0,https://new.land.naver.com/complexes/127609?tab=detail&rf=Y,충청남도 당진시 송악읍 중흥리 887,충청남도,당진시,송악읍,,,충청남도 당진시 중흥1길 50,0.0,213,20,440.0,1.15
[송악읍],127609,4,당진송악경남아너스빌,2021.04.,381.0,28.65,94.72,21.91,72.43,165,,,,,,,,,3,2,계단식,94,20.0,10.0,https://new.land.naver.com/complexes/127609?tab=detail&rf=Y,충청남도 당진시 송악읍 중흥리 887,충청남도,당진시,송악읍,,,충청남도 당진시 중흥1길 50,0.0,213,20,440.0,1.15
[송악읍],127609,5,당진송악경남아너스빌,2021.04.,381.0,33.57,111.0,25.69,84.93,38,,,,,,,,,3,2,계단식,111,20.0,10.0,https://new.land.naver.com/complexes/127609?tab=detail&rf=Y,충청남도 당진시 송악읍 중흥리 887,충청남도,당진시,송악읍,,,충청남도 당진시 중흥1길 50,0.0,213,20,440.0,1.15
[송악읍],111015,1,힐스테이트당진2차,2018.03.,1617.0,25.24,83.44,19.04,62.97,312,,,,,,,,,3,2,계단식,83A,27.0,16.0,https://new.land.naver.com/complexes/111015?tab=detail&rf=Y,충청남도 당진시 송악읍 기지시리 504,충청남도,당진시,송악읍,,,충청남도 당진시 틀모시로 737,0.0,0,0,2162.0,1.34
[송악읍],111015,2,힐스테이트당진2차,2018.03.,1617.0,25.16,83.19,18.96,62.7,210,,,,,,,,,3,2,계단식,83B,27.0,16.0,https://new.land.naver.com/complexes/111015?tab=detail&rf=Y,충청남도 당진시 송악읍 기지시리 504,충청남도,당진시,송악읍,,,충청남도 당진시 틀모시로 737,0.0,0,0,2162.0,1.34
[송악읍],111015,3,힐스테이트당진2차,2018.03.,1617.0,29.77,98.42,22.62,74.8,124,,,,,,,,,3,2,계단식,98A,27.0,16.0,https://new.land.naver.com/complexes/111015?tab=detail&rf=Y,충청남도 당진시 송악읍 기지시리 504,충청남도,당진시,송악읍,,,충청남도 당진시 틀모시로 737,0.0,0,0,2162.0,1.34
[송악읍],111015,4,힐스테이트당진2차,2018.03.,1617.0,29.99,99.15,22.54,74.53,127,,,,,,,,,4,2,계단식,99B,27.0,16.0,https://new.land.naver.com/complexes/111015?tab=detail&rf=Y,충청남도 당진시 송악읍 기지시리 504,충청남도,당진시,송악읍,,,충청남도 당진시 틀모시로 737,0.0,0,0,2162.0,1.34
[송악읍],111015,5,힐스테이트당진2차,2018.03.,1617.0,33.68,111.35,25.64,84.78,333,,,,,,,,,4,2,계단식,111A,27.0,16.0,https://new.land.naver.com/complexes/111015?tab=detail&rf=Y,충청남도 당진시 송악읍 기지시리 504,충청남도,당진시,송악읍,,,충청남도 당진시 틀모시로 737,0.0,0,0,2162.0,1.34
[송악읍],111015,6,힐스테이트당진2차,2018.03.,1617.0,33.84,111.88,25.65,84.82,157,,,,,,,,,4,2,계단식,111C,27.0,16.0,https://new.land.naver.com/complexes/111015?tab=detail&rf=Y,충청남도 당진시 송악읍 기지시리 504,충청남도,당진시,송악읍,,,충청남도 당진시 틀모시로 737,0.0,0,0,2162.0,1.34
[송악읍],111015,7,힐스테이트당진2차,2018.03.,1617.0,33.91,112.1,25.68,84.91,218,,,,,,,,,4,2,계단식,112B,27.0,16.0,https://new.land.naver.com/complexes/111015?tab=detail&rf=Y,충청남도 당진시 송악읍 기지시리 504,충청남도,당진시,송악읍,,,충청남도 당진시 틀모시로 737,0.0,0,0,2162.0,1.34
[송악읍],111015,8,힐스테이트당진2차,2018.03.,1617.0,39.57,130.81,30.09,99.48,136,,,,,,,,,4,2,계단식,130,27.0,16.0,https://new.land.naver.com/complexes/111015?tab=detail&rf=Y,충청남도 당진시 송악읍 기지시리 504,충청남도,당진시,송악읍,,,충청남도 당진시 틀모시로 737,0.0,0,0,2162.0,1.34
[수청동],136211,1,호반써밋시그니처2차,2023.03.,998.0,34.08,112.68,25.66,84.84,577,,,,,,,,,4,2,계단식,112A,29.0,20.0,https://new.land.naver.com/complexes/136211?tab=detail&rf=Y,충청남도 당진시 수청동 당진수청2지구 RH-2블럭,충청남도,당진시,수청동,,,충청남도 당진시,0.0,229,15,1328.0,1.33
[수청동],136211,2,호반써밋시그니처2차,2023.03.,998.0,34.08,112.67,25.55,84.49,421,,,,,,,,,4,2,계단식,112B,29.0,20.0,https://new.land.naver.com/complexes/136211?tab=detail&rf=Y,충청남도 당진시 수청동 당진수청2지구 RH-2블럭,충청남도,당진시,수청동,,,충청남도 당진시,0.0,229,15,1328.0,1.33
[수청동],142777,1,당진센트레빌르네블루2차,2024.07.,1460.0,24.26,80.22,18.14,59.97,78,,,,,,,,,3,2,계단식,80,29.0,18.0,https://new.land.naver.com/complexes/142777?tab=detail&rf=Y,충청남도 당진시 수청동 당진수청1지구 44B-1L,충청남도,당진시,수청동,,,충청남도 당진시,0.0,228,13,1928.0,1.32
[수청동],142777,2,당진센트레빌르네블루2차,2024.07.,1460.0,30.1,99.51,22.67,74.95,191,,,,,,,,,3,2,계단식,99A,29.0,18.0,https://new.land.naver.com/complexes/142777?tab=detail&rf=Y,충청남도 당진시 수청동 당진수청1지구 44B-1L,충청남도,당진시,수청동,,,충청남도 당진시,0.0,228,13,1928.0,1.32
[수청동],142777,3,당진센트레빌르네블루2차,2024.07.,1460.0,30.14,99.66,22.66,74.92,39,,,,,,,,,3,2,계단식,99B,29.0,18.0,https://new.land.naver.com/complexes/142777?tab=detail&rf=Y,충청남도 당진시 수청동 당진수청1지구 44B-1L,충청남도,당진시,수청동,,,충청남도 당진시,0.0,228,13,1928.0,1.32
[수청동],142777,4,당진센트레빌르네블루2차,2024.07.,1460.0,33.98,112.34,25.7,84.96,851,,,,,,,,,3,2,계단식,112A,29.0,18.0,https://new.land.naver.com/complexes/142777?tab=detail&rf=Y,충청남도 당진시 수청동 당진수청1지구 44B-1L,충청남도,당진시,수청동,,,충청남도 당진시,0.0,228,13,1928.0,1.32
[수청동],142777,5,당진센트레빌르네블루2차,2024.07.,1460.0,34.11,112.77,25.68,84.91,301,,,,,,,,,3,2,계단식,112B,29.0,18.0,https://new.land.naver.com/complexes/142777?tab=detail&rf=Y,충청남도 당진시 수청동 당진수청1지구 44B-1L,충청남도,당진시,수청동,,,충청남도 당진시,0.0,228,13,1928.0,1.32
[수청동],136787,1,당진센트레빌르네블루,2023.09.,1147.0,29.93,98.96,22.67,74.95,160,,,,,,,,,3,2,계단식,98A,29.0,26.0,https://new.land.naver.com/complexes/136787?tab=detail&rf=Y,충청남도 당진시 수청동 525-1번지 일원,충청남도,당진시,수청동,,,충청남도 당진시,0.0,228,12,1554.0,1.35
[수청동],136787,2,당진센트레빌르네블루,2023.09.,1147.0,33.79,111.72,25.7,84.96,533,,,,,,,,,3,2,계단식,111A,29.0,26.0,https://new.land.naver.com/complexes/136787?tab=detail&rf=Y,충청남도 당진시 수청동 525-1번지 일원,충청남도,당진시,수청동,,,충청남도 당진시,0.0,228,12,1554.0,1.35
[수청동],136787,3,당진센트레빌르네블루,2023.09.,1147.0,33.92,112.16,25.68,84.91,284,,,,,,,,,3,2,계단식,112B,29.0,26.0,https://new.land.naver.com/complexes/136787?tab=detail&rf=Y,충청남도 당진시 수청동 525-1번지 일원,충청남도,당진시,수청동,,,충청남도 당진시,0.0,228,12,1554.0,1.35
[수청동],136787,4,당진센트레빌르네블루,2023.09.,1147.0,39.64,131.06,30.24,99.98,112,,,,,,,,,4,2,계단식,131A,29.0,26.0,https://new.land.naver.com/complexes/136787?tab=detail&rf=Y,충청남도 당진시 수청동 525-1번지 일원,충청남도,당진시,수청동,,,충청남도 당진시,0.0,228,12,1554.0,1.35
[수청동],136787,5,당진센트레빌르네블루,2023.09.,1147.0,40.0,132.26,30.21,99.89,58,,,,,,,,,4,2,계단식,132B,29.0,26.0,https://new.land.naver.com/complexes/136787?tab=detail&rf=Y,충청남도 당진시 수청동 525-1번지 일원,충청남도,당진시,수청동,,,충청남도 당진시,0.0,228,12,1554.0,1.35
[수청동],133618,1,호반써밋시그니처,2022.12.,1084.0,34.15,112.92,25.68,84.91,48,,,,,,,,,3,2,계단식,112C,29.0,17.0,https://new.land.naver.com/complexes/133618?tab=detail&rf=Y,충청남도 당진시 수청동 당진수청2지구 RH-1블럭,충청남도,당진시,수청동,,,충청남도 당진시,0.0,0,0,1442.0,1.33
[수청동],133618,2,호반써밋시그니처,2022.12.,1084.0,34.19,113.04,25.66,84.84,847,,,,,,,,,4,2,계단식,113A,29.0,17.0,https://new.land.naver.com/complexes/133618?tab=detail&rf=Y,충청남도 당진시 수청동 당진수청2지구 RH-1블럭,충청남도,당진시,수청동,,,충청남도 당진시,0.0,0,0,1442.0,1.33
[수청동],133618,3,호반써밋시그니처,2022.12.,1084.0,34.19,113.03,25.55,84.49,189,,,,,,,,,4,2,계단식,113B,29.0,17.0,https://new.land.naver.com/complexes/133618?tab=detail&rf=Y,충청남도 당진시 수청동 당진수청2지구 RH-1블럭,충청남도,당진시,수청동,,,충청남도 당진시,0.0,0,0,1442.0,1.33
[수청동],121742,1,당진수청한라비발디캠퍼스,2020.11.,839.0,24.36,80.56,18.05,59.69,295,,,,,,,,,3,2,계단식,80A,27.0,22.0,https://new.land.naver.com/complexes/121742?tab=detail&rf=Y,충청남도 당진시 수청동 1244,충청남도,당진시,수청동,,,충청남도 당진시 동부로 99,0.0,237,14,1007.0,1.2
[수청동],121742,2,당진수청한라비발디캠퍼스,2020.11.,839.0,24.74,81.79,18.1,59.86,95,,,,,,,,,3,2,계단식,81B,27.0,22.0,https://new.land.naver.com/complexes/121742?tab=detail&rf=Y,충청남도 당진시 수청동 1244,충청남도,당진시,수청동,,,충청남도 당진시 동부로 99,0.0,237,14,1007.0,1.2
[수청동],121742,3,당진수청한라비발디캠퍼스,2020.11.,839.0,30.27,100.08,22.67,74.95,178,,,,,,,,,3,2,계단식,100,27.0,22.0,https://new.land.naver.com/complexes/121742?tab=detail&rf=Y,충청남도 당진시 수청동 1244,충청남도,당진시,수청동,,,충청남도 당진시 동부로 99,0.0,237,14,1007.0,1.2
[수청동],121742,4,당진수청한라비발디캠퍼스,2020.11.,839.0,34.21,113.1,25.63,84.76,212,,,,,,,,,3,2,계단식,113A,27.0,22.0,https://new.land.naver.com/complexes/121742?tab=detail&rf=Y,충청남도 당진시 수청동 1244,충청남도,당진시,수청동,,,충청남도 당진시 동부로 99,0.0,237,14,1007.0,1.2
[수청동],121742,5,당진수청한라비발디캠퍼스,2020.11.,839.0,34.27,113.31,25.65,84.8,54,,,,,,,,,3,2,계단식,113B,27.0,22.0,https://new.land.naver.com/complexes/121742?tab=detail&rf=Y,충청남도 당진시 수청동 1244,충청남도,당진시,수청동,,,충청남도 당진시 동부로 99,0.0,237,14,1007.0,1.2
[수청동],121742,6,당진수청한라비발디캠퍼스,2020.11.,839.0,42.7,141.19,30.58,101.12,2,,,,,,,,,3,3,계단식,141,27.0,22.0,https://new.land.naver.com/complexes/121742?tab=detail&rf=Y,충청남도 당진시 수청동 1244,충청남도,당진시,수청동,,,충청남도 당진시 동부로 99,0.0,237,14,1007.0,1.2
[수청동],121742,7,당진수청한라비발디캠퍼스,2020.11.,839.0,45.16,149.3,33.35,110.25,3,,,,,,,,,4,3,계단식,149,27.0,22.0,https://new.land.naver.com/complexes/121742?tab=detail&rf=Y,충청남도 당진시 수청동 1244,충청남도,당진시,수청동,,,충청남도 당진시 동부로 99,0.0,237,14,1007.0,1.2
[순성면],102730,1,순성중명,1994.07.,270.0,17.06,56.41,15.12,49.99,150,,,,,,,,,2,1,계단식,56,5.0,5.0,https://new.land.naver.com/complexes/102730?tab=detail&rf=Y,충청남도 당진시 순성면 봉소리 50-10,충청남도,당진시,순성면,,,충청남도 당진시 순성로 453-30,0.0,110,29,0.0,0.0
[순성면],102730,2,순성중명,1994.07.,270.0,19.79,65.45,17.95,59.34,120,,,,,,,,,2,1,계단식,65,5.0,5.0,https://new.land.naver.com/complexes/102730?tab=detail&rf=Y,충청남도 당진시 순성면 봉소리 50-10,충청남도,당진시,순성면,,,충청남도 당진시 순성로 453-30,0.0,110,29,0.0,0.0
[순성면],134199,1,한영,2003.02.,45.0,36.65,121.19,24.27,80.26,25,,,,,,,,,3,2,계단식,121,5.0,5.0,https://new.land.naver.com/complexes/134199?tab=detail&rf=Y,충청남도 당진시 순성면 봉소리 423,충청남도,당진시,순성면,,,충청남도 당진시 순성로 441,0.0,94,23,45.0,1.0
[순성면],134199,2,한영,2003.02.,45.0,44.06,145.66,30.66,101.36,20,,,,,,,,,4,2,계단식,145,5.0,5.0,https://new.land.naver.com/complexes/134199?tab=detail&rf=Y,충청남도 당진시 순성면 봉소리 423,충청남도,당진시,순성면,,,충청남도 당진시 순성로 441,0.0,94,23,45.0,1.0
[순성면],110181,1,경남,1995.01.,19.0,20.51,67.81,18.12,59.91,19,,,,,,,,,3,1,계단식,67,5.0,4.0,https://new.land.naver.com/complexes/110181?tab=detail&rf=Y,충청남도 당진시 순성면 중방리 73-10,충청남도,당진시,순성면,,,충청남도 당진시 북창로 204-14,0.0,141,37,0.0,0.0
[순성면],101499,1,세안근로자복지,1994.12.,270.0,16.86,55.76,15.09,49.91,265,,,,,,,,,2,1,계단식,55,5.0,5.0,https://new.land.naver.com/complexes/101499?tab=detail&rf=Y,충청남도 당진시 순성면 봉소리 205,충청남도,당진시,순성면,,,충청남도 당진시 순성로 454,0.0,0,0,139.0,0.51
[순성면],101499,2,세안근로자복지,1994.12.,270.0,19.89,65.76,18.12,59.91,5,,,,,,,,,2,1,계단식,65,5.0,5.0,https://new.land.naver.com/complexes/101499?tab=detail&rf=Y,충청남도 당진시 순성면 봉소리 205,충청남도,당진시,순성면,,,충청남도 당진시 순성로 454,0.0,0,0,139.0,0.51
[시곡동],6886,1,현대그린,1996.12.,575.0,17.67,58.43,13.44,44.45,202,,,,,,,,,2,1,계단식,58,15.0,11.0,https://new.land.naver.com/complexes/6886?tab=detail&rf=Y,충청남도 당진시 시곡동 120-9,충청남도,당진시,시곡동,,,충청남도 당진시 서해로 6258-8,0.0,185,19,331.0,0.58
[시곡동],6886,2,현대그린,1996.12.,575.0,23.84,78.83,18.14,59.97,262,,,,,,,,,3,1,계단식,78,15.0,11.0,https://new.land.naver.com/complexes/6886?tab=detail&rf=Y,충청남도 당진시 시곡동 120-9,충청남도,당진시,시곡동,,,충청남도 당진시 서해로 6258-8,0.0,185,19,331.0,0.58
[시곡동],6886,3,현대그린,1996.12.,575.0,33.49,110.74,25.48,84.24,111,,,,,,,,,3,2,계단식,110,15.0,11.0,https://new.land.naver.com/complexes/6886?tab=detail&rf=Y,충청남도 당진시 시곡동 120-9,충청남도,당진시,시곡동,,,충청남도 당진시 서해로 6258-8,0.0,185,19,331.0,0.58
[시곡동],27098,1,우민늘사랑,2007.12.,926.0,15.77,52.14,11.96,39.56,119,,,,,,,,,2,1,계단식,52,19.0,17.0,https://new.land.naver.com/complexes/27098?tab=detail&rf=Y,충청남도 당진시 시곡동 136-1,충청남도,당진시,시곡동,,,충청남도 당진시 서해로 6216,0.0,260,17,808.0,0.87
[시곡동],27098,2,우민늘사랑,2007.12.,926.0,21.76,71.95,16.51,54.6,370,,,,,,,,,2,1,계단식,71,19.0,17.0,https://new.land.naver.com/complexes/27098?tab=detail&rf=Y,충청남도 당진시 시곡동 136-1,충청남도,당진시,시곡동,,,충청남도 당진시 서해로 6216,0.0,260,17,808.0,0.87
[시곡동],27098,3,우민늘사랑,2007.12.,926.0,23.89,78.99,18.13,59.94,437,,,,,,,,,2,1,계단식,78,19.0,17.0,https://new.land.naver.com/complexes/27098?tab=detail&rf=Y,충청남도 당진시 시곡동 136-1,충청남도,당진시,시곡동,,,충청남도 당진시 서해로 6216,0.0,260,17,808.0,0.87
[신평면],26315,1,당진신평코아루,2009.10.,358.0,34.44,113.88,25.64,84.79,18,,,,,,,,,3,2,계단식,113A,19.0,14.0,https://new.land.naver.com/complexes/26315?tab=detail&rf=Y,충청남도 당진시 신평면 거산리 875,충청남도,당진시,신평면,,,충청남도 당진시 거산3거리길 74-11,0.0,229,19,398.0,1.11
[신평면],26315,2,당진신평코아루,2009.10.,358.0,34.7,114.73,25.7,84.97,208,,,,,,,,,3,2,계단식,114C,19.0,14.0,https://new.land.naver.com/complexes/26315?tab=detail&rf=Y,충청남도 당진시 신평면 거산리 875,충청남도,당진시,신평면,,,충청남도 당진시 거산3거리길 74-11,0.0,229,19,398.0,1.11
[신평면],26315,3,당진신평코아루,2009.10.,358.0,34.85,115.21,25.65,84.8,63,,,,,,,,,3,2,계단식,115B,19.0,14.0,https://new.land.naver.com/complexes/26315?tab=detail&rf=Y,충청남도 당진시 신평면 거산리 875,충청남도,당진시,신평면,,,충청남도 당진시 거산3거리길 74-11,0.0,229,19,398.0,1.11
[신평면],26315,4,당진신평코아루,2009.10.,358.0,39.76,131.47,30.81,101.86,34,,,,,,,,,3,2,계단식,131,19.0,14.0,https://new.land.naver.com/complexes/26315?tab=detail&rf=Y,충청남도 당진시 신평면 거산리 875,충청남도,당진시,신평면,,,충청남도 당진시 거산3거리길 74-11,0.0,229,19,398.0,1.11
[신평면],26315,5,당진신평코아루,2009.10.,358.0,46.7,154.4,36.96,122.2,35,,,,,,,,,4,2,계단식,154,19.0,14.0,https://new.land.naver.com/complexes/26315?tab=detail&rf=Y,충청남도 당진시 신평면 거산리 875,충청남도,당진시,신평면,,,충청남도 당진시 거산3거리길 74-11,0.0,229,19,398.0,1.11
[신평면],27113,1,당진신평풍림아이원,2011.05.,371.0,33.8,111.75,25.68,84.91,106,,,,,,,,,3,2,계단식,111,20.0,11.0,https://new.land.naver.com/complexes/27113?tab=detail&rf=Y,충청남도 당진시 신평면 거산리 880,충청남도,당진시,신평면,,,충청남도 당진시 솔안말길 21,0.0,232,19,462.0,1.25
[신평면],27113,2,당진신평풍림아이원,2011.05.,371.0,35.09,116.02,25.7,84.97,121,,,,,,,,,3,2,계단식,116,20.0,11.0,https://new.land.naver.com/complexes/27113?tab=detail&rf=Y,충청남도 당진시 신평면 거산리 880,충청남도,당진시,신평면,,,충청남도 당진시 솔안말길 21,0.0,232,19,462.0,1.25
[신평면],27113,3,당진신평풍림아이원,2011.05.,371.0,39.53,130.69,30.22,99.93,106,,,,,,,,,3,2,계단식,130,20.0,11.0,https://new.land.naver.com/complexes/27113?tab=detail&rf=Y,충청남도 당진시 신평면 거산리 880,충청남도,당진시,신평면,,,충청남도 당진시 솔안말길 21,0.0,232,19,462.0,1.25
[신평면],27113,4,당진신평풍림아이원,2011.05.,371.0,46.27,152.97,36.68,121.26,38,,,,,,,,,4,2,계단식,152,20.0,11.0,https://new.land.naver.com/complexes/27113?tab=detail&rf=Y,충청남도 당진시 신평면 거산리 880,충청남도,당진시,신평면,,,충청남도 당진시 솔안말길 21,0.0,232,19,462.0,1.25
[신평면],103245,1,건양오페라하우스,2006.09.,81.0,32.99,109.09,25.54,84.44,81,,,,,,,,,3,2,계단식,109,15.0,10.0,https://new.land.naver.com/complexes/103245?tab=detail&rf=Y,충청남도 당진시 신평면 거산리 214-1,충청남도,당진시,신평면,,,충청남도 당진시 중말길 10,0.0,246,23,83.0,1.02
[신평면],26316,1,당진신평LIG리가,2010.03.,593.0,33.07,109.33,25.7,84.99,218,,,,,,,,,3,2,계단식,109A,18.0,14.0,https://new.land.naver.com/complexes/26316?tab=detail&rf=Y,충청남도 당진시 신평면 금천리 1642,충청남도,당진시,신평면,,,충청남도 당진시 신평로 792,0.0,234,24,756.0,1.27
[신평면],26316,2,당진신평LIG리가,2010.03.,593.0,33.02,109.19,25.66,84.84,128,,,,,,,,,3,2,계단식,109C,18.0,14.0,https://new.land.naver.com/complexes/26316?tab=detail&rf=Y,충청남도 당진시 신평면 금천리 1642,충청남도,당진시,신평면,,,충청남도 당진시 신평로 792,0.0,234,24,756.0,1.27
[신평면],26316,3,당진신평LIG리가,2010.03.,593.0,33.11,109.47,25.7,84.99,57,,,,,,,,,3,2,계단식,109B,18.0,14.0,https://new.land.naver.com/complexes/26316?tab=detail&rf=Y,충청남도 당진시 신평면 금천리 1642,충청남도,당진시,신평면,,,충청남도 당진시 신평로 792,0.0,234,24,756.0,1.27
[신평면],26316,4,당진신평LIG리가,2010.03.,593.0,41.08,135.81,32.11,106.17,92,,,,,,,,,3,2,계단식,135,18.0,14.0,https://new.land.naver.com/complexes/26316?tab=detail&rf=Y,충청남도 당진시 신평면 금천리 1642,충청남도,당진시,신평면,,,충청남도 당진시 신평로 792,0.0,234,24,756.0,1.27
[신평면],26316,5,당진신평LIG리가,2010.03.,593.0,47.87,158.27,37.56,124.18,97,,,,,,,,,4,2,계단식,158A,18.0,14.0,https://new.land.naver.com/complexes/26316?tab=detail&rf=Y,충청남도 당진시 신평면 금천리 1642,충청남도,당진시,신평면,,,충청남도 당진시 신평로 792,0.0,234,24,756.0,1.27
[신평면],26316,6,당진신평LIG리가,2010.03.,593.0,47.87,158.27,37.56,124.18,1,,,,,,,,,4,2,계단식,158B,18.0,14.0,https://new.land.naver.com/complexes/26316?tab=detail&rf=Y,충청남도 당진시 신평면 금천리 1642,충청남도,당진시,신평면,,,충청남도 당진시 신평로 792,0.0,234,24,756.0,1.27
[신평면],24028,1,신세대하이빌,2000.08.,450.0,16.02,52.98,12.02,39.75,150,,,,,,,,,1,1,복도식,52,15.0,15.0,https://new.land.naver.com/complexes/24028?tab=detail&rf=Y,충청남도 당진시 신평면 거산리 6-3,충청남도,당진시,신평면,,,충청남도 당진시 거산3거리길 66,0.0,152,12,348.0,0.77
[신평면],24028,2,신세대하이빌,2000.08.,450.0,24.16,79.9,18.13,59.94,300,,,,,,,,,3,1,복도식,79,15.0,15.0,https://new.land.naver.com/complexes/24028?tab=detail&rf=Y,충청남도 당진시 신평면 거산리 6-3,충청남도,당진시,신평면,,,충청남도 당진시 거산3거리길 66,0.0,152,12,348.0,0.77
[신평면],25708,1,신평신성미소지움,2008.07.,409.0,28.33,93.66,20.98,69.36,66,,,,,,,,,3,2,계단식,93,15.0,11.0,https://new.land.naver.com/complexes/25708?tab=detail&rf=Y,충청남도 당진시 신평면 거산리 873,충청남도,당진시,신평면,,,충청남도 당진시 거산3거리길 74-32,0.0,203,18,501.0,1.22
[신평면],25708,2,신평신성미소지움,2008.07.,409.0,34.07,112.63,25.69,84.93,13,,,,,,,,,3,2,계단식,112B,15.0,11.0,https://new.land.naver.com/complexes/25708?tab=detail&rf=Y,충청남도 당진시 신평면 거산리 873,충청남도,당진시,신평면,,,충청남도 당진시 거산3거리길 74-32,0.0,203,18,501.0,1.22
[신평면],25708,3,신평신성미소지움,2008.07.,409.0,34.15,112.92,25.7,84.99,12,,,,,,,,,3,2,계단식,112C,15.0,11.0,https://new.land.naver.com/complexes/25708?tab=detail&rf=Y,충청남도 당진시 신평면 거산리 873,충청남도,당진시,신평면,,,충청남도 당진시 거산3거리길 74-32,0.0,203,18,501.0,1.22
[신평면],25708,4,신평신성미소지움,2008.07.,409.0,34.85,115.22,25.7,84.97,200,,,,,,,,,3,2,계단식,115A,15.0,11.0,https://new.land.naver.com/complexes/25708?tab=detail&rf=Y,충청남도 당진시 신평면 거산리 873,충청남도,당진시,신평면,,,충청남도 당진시 거산3거리길 74-32,0.0,203,18,501.0,1.22
[신평면],25708,5,신평신성미소지움,2008.07.,409.0,34.85,115.22,25.7,84.97,60,,,,,,,,,3,2,계단식,115A-1,15.0,11.0,https://new.land.naver.com/complexes/25708?tab=detail&rf=Y,충청남도 당진시 신평면 거산리 873,충청남도,당진시,신평면,,,충청남도 당진시 거산3거리길 74-32,0.0,203,18,501.0,1.22
[신평면],25708,6,신평신성미소지움,2008.07.,409.0,39.12,129.34,31.08,102.77,30,,,,,,,,,3,2,계단식,129,15.0,11.0,https://new.land.naver.com/complexes/25708?tab=detail&rf=Y,충청남도 당진시 신평면 거산리 873,충청남도,당진시,신평면,,,충청남도 당진시 거산3거리길 74-32,0.0,203,18,501.0,1.22
[신평면],25708,7,신평신성미소지움,2008.07.,409.0,45.66,150.97,35.52,117.45,28,,,,,,,,,4,2,계단식,150,15.0,11.0,https://new.land.naver.com/complexes/25708?tab=detail&rf=Y,충청남도 당진시 신평면 거산리 873,충청남도,당진시,신평면,,,충청남도 당진시 거산3거리길 74-32,0.0,203,18,501.0,1.22
[신평면],100740,1,봉학마을,2003.05.,169.0,16.64,55.03,14.36,47.48,140,,,,,,,,,2,1,계단식,55,5.0,4.0,https://new.land.naver.com/complexes/100740?tab=detail&rf=Y,충청남도 당진시 신평면 430-1,충청남도,당진시,신평면,,,충청남도 당진시 섭실길 114-20,0.0,94,22,65.0,0.38
[신평면],100740,2,봉학마을,2003.05.,169.0,20.1,66.47,17.75,58.68,29,,,,,,,,,2,1,계단식,66,5.0,4.0,https://new.land.naver.com/complexes/100740?tab=detail&rf=Y,충청남도 당진시 신평면 430-1,충청남도,당진시,신평면,,,충청남도 당진시 섭실길 114-20,0.0,94,22,65.0,0.38
[신평면],102971,1,당진정우,1991.09.,85.0,19.91,65.84,14.94,49.41,9,,,,,,,,,2,1,계단식,65A,5.0,5.0,https://new.land.naver.com/complexes/102971?tab=detail&rf=Y,충청남도 당진시 신평면 금천리 903-3,충청남도,당진시,신평면,,,충청남도 당진시 신평시장1길 29-1,0.0,0,0,0.0,0.0
[신평면],102971,2,당진정우,1991.09.,85.0,20.0,66.14,15.03,49.71,1,,,,,,,,,2,1,계단식,66B,5.0,5.0,https://new.land.naver.com/complexes/102971?tab=detail&rf=Y,충청남도 당진시 신평면 금천리 903-3,충청남도,당진시,신평면,,,충청남도 당진시 신평시장1길 29-1,0.0,0,0,0.0,0.0
[신평면],102971,3,당진정우,1991.09.,85.0,24.84,82.14,17.56,58.08,5,,,,,,,,,3,2,계단식,82,5.0,5.0,https://new.land.naver.com/complexes/102971?tab=detail&rf=Y,충청남도 당진시 신평면 금천리 903-3,충청남도,당진시,신평면,,,충청남도 당진시 신평시장1길 29-1,0.0,0,0,0.0,0.0
[신평면],102971,4,당진정우,1991.09.,85.0,28.25,93.42,21.87,72.33,30,,,,,,,,,3,2,계단식,93,5.0,5.0,https://new.land.naver.com/complexes/102971?tab=detail&rf=Y,충청남도 당진시 신평면 금천리 903-3,충청남도,당진시,신평면,,,충청남도 당진시 신평시장1길 29-1,0.0,0,0,0.0,0.0
[신평면],102971,5,당진정우,1991.09.,85.0,30.39,100.49,23.56,77.91,20,,,,,,,,,3,2,계단식,100,5.0,5.0,https://new.land.naver.com/complexes/102971?tab=detail&rf=Y,충청남도 당진시 신평면 금천리 903-3,충청남도,당진시,신평면,,,충청남도 당진시 신평시장1길 29-1,0.0,0,0,0.0,0.0
[신평면],102971,6,당진정우,1991.09.,85.0,32.8,108.45,25.45,84.14,20,,,,,,,,,3,2,계단식,108,5.0,5.0,https://new.land.naver.com/complexes/102971?tab=detail&rf=Y,충청남도 당진시 신평면 금천리 903-3,충청남도,당진시,신평면,,,충청남도 당진시 신평시장1길 29-1,0.0,0,0,0.0,0.0
[신평면],6889,1,단일B단지,1992.06.,135.0,22.57,74.64,17.17,56.79,5,,,,,,,,,3,1,계단식,74,5.0,5.0,https://new.land.naver.com/complexes/6889?tab=detail&rf=Y,충청남도 당진시 신평면 거산리 193-1,충청남도,당진시,신평면,,,충청남도 당진시 세정길 43,0.0,0,0,0.0,0.0
[신평면],6889,2,단일B단지,1992.06.,135.0,23.5,77.71,17.94,59.31,15,,,,,,,,,3,1,계단식,77,5.0,5.0,https://new.land.naver.com/complexes/6889?tab=detail&rf=Y,충청남도 당진시 신평면 거산리 193-1,충청남도,당진시,신평면,,,충청남도 당진시 세정길 43,0.0,0,0,0.0,0.0
[신평면],6889,3,단일B단지,1992.06.,135.0,23.63,78.14,18.07,59.76,93,,,,,,,,,3,1,계단식,78B,5.0,5.0,https://new.land.naver.com/complexes/6889?tab=detail&rf=Y,충청남도 당진시 신평면 거산리 193-1,충청남도,당진시,신평면,,,충청남도 당진시 세정길 43,0.0,0,0,0.0,0.0
[신평면],6889,4,단일B단지,1992.06.,135.0,27.37,90.51,21.18,70.02,20,,,,,,,,,3,1,계단식,90,5.0,5.0,https://new.land.naver.com/complexes/6889?tab=detail&rf=Y,충청남도 당진시 신평면 거산리 193-1,충청남도,당진시,신평면,,,충청남도 당진시 세정길 43,0.0,0,0,0.0,0.0
[신평면],6889,5,단일B단지,1992.06.,135.0,28.85,95.4,20.79,68.76,2,,,,,,,,,3,1,계단식,95,5.0,5.0,https://new.land.naver.com/complexes/6889?tab=detail&rf=Y,충청남도 당진시 신평면 거산리 193-1,충청남도,당진시,신평면,,,충청남도 당진시 세정길 43,0.0,0,0,0.0,0.0
[신평면],6892,1,단일C단지,1994.10.,180.0,17.86,59.07,13.31,44.01,30,,,,,,,,,2,1,계단식,59,5.0,5.0,https://new.land.naver.com/complexes/6892?tab=detail&rf=Y,충청남도 당진시 신평면 거산리 186,충청남도,당진시,신평면,,,충청남도 당진시 거산3거리길 11-29,0.0,0,0,224.0,1.24
[신평면],6892,2,단일C단지,1994.10.,180.0,21.18,70.02,16.07,53.15,5,,,,,,,,,3,1,계단식,70A,5.0,5.0,https://new.land.naver.com/complexes/6892?tab=detail&rf=Y,충청남도 당진시 신평면 거산리 186,충청남도,당진시,신평면,,,충청남도 당진시 거산3거리길 11-29,0.0,0,0,224.0,1.24
[신평면],6892,3,단일C단지,1994.10.,180.0,21.47,70.98,16.3,53.91,5,,,,,,,,,3,1,계단식,70B,5.0,5.0,https://new.land.naver.com/complexes/6892?tab=detail&rf=Y,충청남도 당진시 신평면 거산리 186,충청남도,당진시,신평면,,,충청남도 당진시 거산3거리길 11-29,0.0,0,0,224.0,1.24
[신평면],6892,4,단일C단지,1994.10.,180.0,21.63,71.53,16.44,54.36,135,,,,,,,,,3,1,계단식,71A,5.0,5.0,https://new.land.naver.com/complexes/6892?tab=detail&rf=Y,충청남도 당진시 신평면 거산리 186,충청남도,당진시,신평면,,,충청남도 당진시 거산3거리길 11-29,0.0,0,0,224.0,1.24
[신평면],6892,5,단일C단지,1994.10.,180.0,22.59,74.71,17.23,56.97,5,,,,,,,,,3,1,계단식,74B,5.0,5.0,https://new.land.naver.com/complexes/6892?tab=detail&rf=Y,충청남도 당진시 신평면 거산리 186,충청남도,당진시,신평면,,,충청남도 당진시 거산3거리길 11-29,0.0,0,0,224.0,1.24
[신평면],17175,1,목련,1998.04.,246.0,16.95,56.04,11.97,39.6,246,,,,,,,,,2,1,복도식,56,14.0,13.0,https://new.land.naver.com/complexes/17175?tab=detail&rf=Y,충청남도 당진시 신평면 거산리 3-14,충청남도,당진시,신평면,,,충청남도 당진시 거산3거리길 88,0.0,0,0,0.0,0.0
[신평면],132783,1,세안,1991.06.,270.0,14.37,47.52,12.74,42.12,116,,,,,,,,,2,1,계단식,47,4.0,3.0,https://new.land.naver.com/complexes/132783?tab=detail&rf=Y,충청남도 당진시 신평면 도성리 209-2,충청남도,당진시,신평면,,,충청남도 당진시 샛터로 52,0.0,0,0,0.0,0.0
[신평면],132783,2,세안,1991.06.,270.0,14.81,48.96,14.81,48.96,6,,,,,,,,,2,1,계단식,48D,4.0,3.0,https://new.land.naver.com/complexes/132783?tab=detail&rf=Y,충청남도 당진시 신평면 도성리 209-2,충청남도,당진시,신평면,,,충청남도 당진시 샛터로 52,0.0,0,0,0.0,0.0
[신평면],132783,3,세안,1991.06.,270.0,14.67,48.52,12.74,42.12,3,,,,,,,,,2,1,계단식,48A,4.0,3.0,https://new.land.naver.com/complexes/132783?tab=detail&rf=Y,충청남도 당진시 신평면 도성리 209-2,충청남도,당진시,신평면,,,충청남도 당진시 샛터로 52,0.0,0,0,0.0,0.0
[신평면],132783,4,세안,1991.06.,270.0,15.08,49.86,13.44,44.46,97,,,,,,,,,2,1,계단식,49B,4.0,3.0,https://new.land.naver.com/complexes/132783?tab=detail&rf=Y,충청남도 당진시 신평면 도성리 209-2,충청남도,당진시,신평면,,,충청남도 당진시 샛터로 52,0.0,0,0,0.0,0.0
[신평면],132783,5,세안,1991.06.,270.0,15.46,51.12,13.83,45.72,36,,,,,,,,,2,1,계단식,51C,4.0,3.0,https://new.land.naver.com/complexes/132783?tab=detail&rf=Y,충청남도 당진시 신평면 도성리 209-2,충청남도,당진시,신평면,,,충청남도 당진시 샛터로 52,0.0,0,0,0.0,0.0
[신평면],132783,6,세안,1991.06.,270.0,16.61,54.94,16.61,54.94,12,,,,,,,,,2,1,계단식,54,4.0,3.0,https://new.land.naver.com/complexes/132783?tab=detail&rf=Y,충청남도 당진시 신평면 도성리 209-2,충청남도,당진시,신평면,,,충청남도 당진시 샛터로 52,0.0,0,0,0.0,0.0
[신평면],103009,1,신평두성,1993.07.,35.0,25.73,85.09,17.22,56.95,6,,,,,,,,,3,2,계단식,85,6.0,6.0,https://new.land.naver.com/complexes/103009?tab=detail&rf=Y,충청남도 당진시 신평면 금천리 456-2,충청남도,당진시,신평면,,,충청남도 당진시 원머리로 14,0.0,236,43,14.0,0.4
[신평면],103009,2,신평두성,1993.07.,35.0,27.05,89.43,18.1,59.85,23,,,,,,,,,3,2,계단식,89A,6.0,6.0,https://new.land.naver.com/complexes/103009?tab=detail&rf=Y,충청남도 당진시 신평면 금천리 456-2,충청남도,당진시,신평면,,,충청남도 당진시 원머리로 14,0.0,236,43,14.0,0.4
[신평면],103009,3,신평두성,1993.07.,35.0,26.96,89.13,18.14,59.98,6,,,,,,,,,3,2,계단식,89B,6.0,6.0,https://new.land.naver.com/complexes/103009?tab=detail&rf=Y,충청남도 당진시 신평면 금천리 456-2,충청남도,당진시,신평면,,,충청남도 당진시 원머리로 14,0.0,236,43,14.0,0.4
[신평면],103244,1,당진대희지센트,2010.05.,129.0,35.21,116.41,25.7,84.97,129,,,,,,,,,3,2,계단식,116,14.0,6.0,https://new.land.naver.com/complexes/103244?tab=detail&rf=Y,충청남도 당진시 신평면 거산리 178,충청남도,당진시,신평면,,,충청남도 당진시 덕평로 1406-14,0.0,248,27,133.0,1.03
[신평면],15227,1,단일A단지,1992.08.,90.0,23.06,76.24,17.64,58.32,5,,,,,,,,,3,1,계단식,76B,5.0,5.0,https://new.land.naver.com/complexes/15227?tab=detail&rf=Y,충청남도 당진시 신평면 거산리 46-2,충청남도,당진시,신평면,,,충청남도 당진시 솔밭밑길 15-44,0.0,0,0,0.0,0.0
[신평면],15227,2,단일A단지,1992.08.,90.0,23.47,77.61,17.98,59.46,5,,,,,,,,,3,1,계단식,77A,5.0,5.0,https://new.land.naver.com/complexes/15227?tab=detail&rf=Y,충청남도 당진시 신평면 거산리 46-2,충청남도,당진시,신평면,,,충청남도 당진시 솔밭밑길 15-44,0.0,0,0,0.0,0.0
[신평면],15227,3,단일A단지,1992.08.,90.0,23.64,78.16,17.96,59.4,50,,,,,,,,,3,1,계단식,78A,5.0,5.0,https://new.land.naver.com/complexes/15227?tab=detail&rf=Y,충청남도 당진시 신평면 거산리 46-2,충청남도,당진시,신평면,,,충청남도 당진시 솔밭밑길 15-44,0.0,0,0,0.0,0.0
[신평면],15227,4,단일A단지,1992.08.,90.0,23.7,78.37,17.72,58.59,5,,,,,,,,,3,1,계단식,78C,5.0,5.0,https://new.land.naver.com/complexes/15227?tab=detail&rf=Y,충청남도 당진시 신평면 거산리 46-2,충청남도,당진시,신평면,,,충청남도 당진시 솔밭밑길 15-44,0.0,0,0,0.0,0.0
[신평면],15227,5,단일A단지,1992.08.,90.0,24.34,80.49,18.01,59.55,5,,,,,,,,,3,1,복도식,80,5.0,5.0,https://new.land.naver.com/complexes/15227?tab=detail&rf=Y,충청남도 당진시 신평면 거산리 46-2,충청남도,당진시,신평면,,,충청남도 당진시 솔밭밑길 15-44,0.0,0,0,0.0,0.0
[신평면],15227,6,단일A단지,1992.08.,90.0,24.31,80.38,18.04,59.64,5,,,,,,,,,3,1,계단식,80B,5.0,5.0,https://new.land.naver.com/complexes/15227?tab=detail&rf=Y,충청남도 당진시 신평면 거산리 46-2,충청남도,당진시,신평면,,,충청남도 당진시 솔밭밑길 15-44,0.0,0,0,0.0,0.0
[신평면],15227,7,단일A단지,1992.08.,90.0,29.56,97.74,22.84,75.51,5,,,,,,,,,3,2,복도식,97,5.0,5.0,https://new.land.naver.com/complexes/15227?tab=detail&rf=Y,충청남도 당진시 신평면 거산리 46-2,충청남도,당진시,신평면,,,충청남도 당진시 솔밭밑길 15-44,0.0,0,0,0.0,0.0
[신평면],15227,8,단일A단지,1992.08.,90.0,32.17,106.38,25.23,83.43,5,,,,,,,,,3,2,복도식,106,5.0,5.0,https://new.land.naver.com/complexes/15227?tab=detail&rf=Y,충청남도 당진시 신평면 거산리 46-2,충청남도,당진시,신평면,,,충청남도 당진시 솔밭밑길 15-44,0.0,0,0,0.0,0.0
[신평면],15227,9,단일A단지,1992.08.,90.0,32.5,107.46,25.5,84.33,5,,,,,,,,,3,2,계단식,107,5.0,5.0,https://new.land.naver.com/complexes/15227?tab=detail&rf=Y,충청남도 당진시 신평면 거산리 46-2,충청남도,당진시,신평면,,,충청남도 당진시 솔밭밑길 15-44,0.0,0,0,0.0,0.0
[신평면],103733,1,두성,1996.05.,95.0,24.24,80.14,18.02,59.6,95,,,,,,,,,3,1,계단식,80,11.0,9.0,https://new.land.naver.com/complexes/103733?tab=detail&rf=Y,충청남도 당진시 신평면 거산리 191,충청남도,당진시,신평면,,,충청남도 당진시 세정길 44,0.0,239,26,37.0,0.39
[우강면],126333,1,합덕우강유탑유블레스,2021.10.,381.0,27.46,90.8,19.69,65.11,144,,,,,,,,,3,2,계단식,90,20.0,18.0,https://new.land.naver.com/complexes/126333?tab=detail&rf=Y,충청남도 당진시 우강면 창리 396,충청남도,당진시,우강면,,,충청남도 당진시,0.0,233,19,465.0,1.22
[우강면],126333,2,합덕우강유탑유블레스,2021.10.,381.0,30.89,102.13,23.09,76.35,119,,,,,,,,,3,2,계단식,102,20.0,18.0,https://new.land.naver.com/complexes/126333?tab=detail&rf=Y,충청남도 당진시 우강면 창리 396,충청남도,당진시,우강면,,,충청남도 당진시,0.0,233,19,465.0,1.22
[우강면],126333,3,합덕우강유탑유블레스,2021.10.,381.0,33.68,111.36,25.49,84.27,118,,,,,,,,,3,2,계단식,111,20.0,18.0,https://new.land.naver.com/complexes/126333?tab=detail&rf=Y,충청남도 당진시 우강면 창리 396,충청남도,당진시,우강면,,,충청남도 당진시,0.0,233,19,465.0,1.22
[우강면],105233,1,청산,2001.04.,100.0,23.58,77.98,18.12,59.93,100,,,,,,,,,3,1,계단식,77,5.0,5.0,https://new.land.naver.com/complexes/105233?tab=detail&rf=Y,충청남도 당진시 우강면 송산리 75-3,충청남도,당진시,우강면,,,충청남도 당진시 솔뫼로 166,0.0,0,0,0.0,0.0
[우강면],108861,1,장미,1993.04.,130.0,32.23,106.55,23.79,78.66,32,,,,,,,,,3,2,계단식,106,11.0,10.0,https://new.land.naver.com/complexes/108861?tab=detail&rf=Y,충청남도 당진시 우강면 창리 339-3,충청남도,당진시,우강면,,,충청남도 당진시 면천로 1748-12,0.0,0,0,26.0,0.2
[우강면],108861,2,장미,1993.04.,130.0,34.78,115.0,25.68,84.9,43,,,,,,,,,3,2,계단식,115A,11.0,10.0,https://new.land.naver.com/complexes/108861?tab=detail&rf=Y,충청남도 당진시 우강면 창리 339-3,충청남도,당진시,우강면,,,충청남도 당진시 면천로 1748-12,0.0,0,0,26.0,0.2
[우강면],108861,3,장미,1993.04.,130.0,35.18,116.31,25.68,84.9,55,,,,,,,,,3,2,계단식,116B,11.0,10.0,https://new.land.naver.com/complexes/108861?tab=detail&rf=Y,충청남도 당진시 우강면 창리 339-3,충청남도,당진시,우강면,,,충청남도 당진시 면천로 1748-12,0.0,0,0,26.0,0.2
[우강면],109571,1,우강합덕신천(신천무궁화),1994.02.,74.0,24.62,81.39,17.69,58.5,26,,,,,,,,,3,1,계단식,81,13.0,12.0,https://new.land.naver.com/complexes/109571?tab=detail&rf=Y,충청남도 당진시 우강면 창리 346-12,충청남도,당진시,우강면,,,충청남도 당진시 합덕교동2길 24-20,0.0,233,19,0.0,0.0
[우강면],109571,2,우강합덕신천(신천무궁화),1994.02.,74.0,31.56,104.34,25.39,83.95,12,,,,,,,,,3,2,계단식,104A,13.0,12.0,https://new.land.naver.com/complexes/109571?tab=detail&rf=Y,충청남도 당진시 우강면 창리 346-12,충청남도,당진시,우강면,,,충청남도 당진시 합덕교동2길 24-20,0.0,233,19,0.0,0.0
[우강면],109571,3,우강합덕신천(신천무궁화),1994.02.,74.0,31.6,104.48,25.42,84.06,12,,,,,,,,,3,2,계단식,104B,13.0,12.0,https://new.land.naver.com/complexes/109571?tab=detail&rf=Y,충청남도 당진시 우강면 창리 346-12,충청남도,당진시,우강면,,,충청남도 당진시 합덕교동2길 24-20,0.0,233,19,0.0,0.0
[우강면],109571,4,우강합덕신천(신천무궁화),1994.02.,74.0,33.13,109.54,25.7,84.96,2,,,,,,,,,3,2,계단식,109,13.0,12.0,https://new.land.naver.com/complexes/109571?tab=detail&rf=Y,충청남도 당진시 우강면 창리 346-12,충청남도,당진시,우강면,,,충청남도 당진시 합덕교동2길 24-20,0.0,233,19,0.0,0.0
[우강면],109571,5,우강합덕신천(신천무궁화),1994.02.,74.0,38.92,128.69,30.19,99.81,22,,,,,,,,,3,2,계단식,128,13.0,12.0,https://new.land.naver.com/complexes/109571?tab=detail&rf=Y,충청남도 당진시 우강면 창리 346-12,충청남도,당진시,우강면,,,충청남도 당진시 합덕교동2길 24-20,0.0,233,19,0.0,0.0
[우강면],101439,1,우강명지,1994.03.,90.0,19.26,63.67,14.7,48.6,90,,,,,,,,,2,1,복도식,63,6.0,6.0,https://new.land.naver.com/complexes/101439?tab=detail&rf=Y,충청남도 당진시 우강면 송산리 220-71,충청남도,당진시,우강면,,,충청남도 당진시 솔뫼로 145,0.0,0,0,0.0,0.0
[우강면],102898,1,우강온누리,2000.03.,95.0,17.7,58.53,13.29,43.95,15,,,,,,,,,2,1,복도식,58,8.0,8.0,https://new.land.naver.com/complexes/102898?tab=detail&rf=Y,충청남도 당진시 우강면 창리 297-2,충청남도,당진시,우강면,,,충청남도 당진시 합우로 324,0.0,252,33,66.0,0.69
[우강면],102898,2,우강온누리,2000.03.,95.0,23.93,79.13,17.97,59.41,80,,,,,,,,,3,1,복도식,79,8.0,8.0,https://new.land.naver.com/complexes/102898?tab=detail&rf=Y,충청남도 당진시 우강면 창리 297-2,충청남도,당진시,우강면,,,충청남도 당진시 합우로 324,0.0,252,33,66.0,0.69
[원당동],6881,1,당진청구,1997.10.,454.0,24.26,80.21,18.11,59.9,189,,,,,,,,,3,1,계단식,80,21.0,10.0,https://new.land.naver.com/complexes/6881?tab=detail&rf=Y,충청남도 당진시 원당동 312,충청남도,당진시,원당동,,,충청남도 당진시 원당골길 31,0.0,0,0,296.0,0.65
[원당동],6881,2,당진청구,1997.10.,454.0,31.78,105.09,25.67,84.87,225,,,,,,,,,3,2,계단식,105,21.0,10.0,https://new.land.naver.com/complexes/6881?tab=detail&rf=Y,충청남도 당진시 원당동 312,충청남도,당진시,원당동,,,충청남도 당진시 원당골길 31,0.0,0,0,296.0,0.65
[원당동],6881,3,당진청구,1997.10.,454.0,51.48,170.19,44.19,146.09,40,,,,,,,,,4,2,계단식,170,21.0,10.0,https://new.land.naver.com/complexes/6881?tab=detail&rf=Y,충청남도 당진시 원당동 312,충청남도,당진시,원당동,,,충청남도 당진시 원당골길 31,0.0,0,0,296.0,0.65
[원당동],13841,1,파크빌,2005.07.,440.0,35.23,116.49,25.62,84.72,320,,,,,,,,,3,2,계단식,116,15.0,14.0,https://new.land.naver.com/complexes/13841?tab=detail&rf=Y,충청남도 당진시 원당동 1226,충청남도,당진시,원당동,,,충청남도 당진시 당진중앙2로 331,0.0,222,21,524.0,1.19
[원당동],13841,2,파크빌,2005.07.,440.0,46.05,152.26,35.45,117.2,90,,,,,,,,,4,2,계단식,152,15.0,14.0,https://new.land.naver.com/complexes/13841?tab=detail&rf=Y,충청남도 당진시 원당동 1226,충청남도,당진시,원당동,,,충청남도 당진시 당진중앙2로 331,0.0,222,21,524.0,1.19
[원당동],13841,3,파크빌,2005.07.,440.0,54.05,178.71,42.79,141.47,30,,,,,,,,,4,2,계단식,178,15.0,14.0,https://new.land.naver.com/complexes/13841?tab=detail&rf=Y,충청남도 당진시 원당동 1226,충청남도,당진시,원당동,,,충청남도 당진시 당진중앙2로 331,0.0,222,21,524.0,1.19
[원당동],27606,1,원당주공1단지,2003.12.,1082.0,20.5,67.78,15.57,51.49,39,,,,,,,,,2,1,계단식,67B,15.0,11.0,https://new.land.naver.com/complexes/27606?tab=detail&rf=Y,충청남도 당진시 원당동 1251,충청남도,당진시,원당동,,,충청남도 당진시 밤절로 103,0.0,142,22,847.0,0.78
[원당동],27606,2,원당주공1단지,2003.12.,1082.0,20.57,68.03,15.65,51.74,621,,,,,,,,,2,1,계단식,68A,15.0,11.0,https://new.land.naver.com/complexes/27606?tab=detail&rf=Y,충청남도 당진시 원당동 1251,충청남도,당진시,원당동,,,충청남도 당진시 밤절로 103,0.0,142,22,847.0,0.78
[원당동],27606,3,원당주공1단지,2003.12.,1082.0,23.5,77.71,17.87,59.1,422,,,,,,,,,3,2,계단식,77,15.0,11.0,https://new.land.naver.com/complexes/27606?tab=detail&rf=Y,충청남도 당진시 원당동 1251,충청남도,당진시,원당동,,,충청남도 당진시 밤절로 103,0.0,142,22,847.0,0.78
[원당동],14767,1,파크빌2차,2005.11.,397.0,35.21,116.41,25.62,84.72,279,,,,,,,,,3,2,계단식,116,15.0,10.0,https://new.land.naver.com/complexes/14767?tab=detail&rf=Y,충청남도 당진시 원당동 1172,충청남도,당진시,원당동,,,충청남도 당진시 밤절로 51,0.0,219,19,449.0,1.13
[원당동],14767,2,파크빌2차,2005.11.,397.0,46.56,153.92,35.45,117.2,118,,,,,,,,,4,2,계단식,153,15.0,10.0,https://new.land.naver.com/complexes/14767?tab=detail&rf=Y,충청남도 당진시 원당동 1172,충청남도,당진시,원당동,,,충청남도 당진시 밤절로 51,0.0,219,19,449.0,1.13
[원당동],17380,1,그린빌,2005.11.,683.0,29.92,98.92,22.95,75.87,136,,,,,,,,,3,2,계단식,98,15.0,12.0,https://new.land.naver.com/complexes/17380?tab=detail&rf=Y,충청남도 당진시 원당동 1248,충청남도,당진시,원당동,,,충청남도 당진시 밤절로 104,0.0,154,14,686.0,1.0
[원당동],17380,2,그린빌,2005.11.,683.0,33.5,110.75,25.69,84.94,547,,,,,,,,,3,2,계단식,110,15.0,12.0,https://new.land.naver.com/complexes/17380?tab=detail&rf=Y,충청남도 당진시 원당동 1248,충청남도,당진시,원당동,,,충청남도 당진시 밤절로 104,0.0,154,14,686.0,1.0
[원당동],102881,1,당진원당이안,2012.02.,580.0,34.37,113.64,25.7,84.99,42,,,,,,,,,3,2,계단식,113A,23.0,16.0,https://new.land.naver.com/complexes/102881?tab=detail&rf=Y,충청남도 당진시 원당동 1257,충청남도,당진시,원당동,,,충청남도 당진시 원당로 52,0.0,228,18,888.0,1.53
[원당동],102881,2,당진원당이안,2012.02.,580.0,34.73,114.81,25.7,84.99,57,,,,,,,,,3,2,계단식,114B,23.0,16.0,https://new.land.naver.com/complexes/102881?tab=detail&rf=Y,충청남도 당진시 원당동 1257,충청남도,당진시,원당동,,,충청남도 당진시 원당로 52,0.0,228,18,888.0,1.53
[원당동],102881,3,당진원당이안,2012.02.,580.0,34.89,115.36,25.68,84.92,38,,,,,,,,,3,2,계단식,115D,23.0,16.0,https://new.land.naver.com/complexes/102881?tab=detail&rf=Y,충청남도 당진시 원당동 1257,충청남도,당진시,원당동,,,충청남도 당진시 원당로 52,0.0,228,18,888.0,1.53
[원당동],102881,4,당진원당이안,2012.02.,580.0,34.86,115.26,25.67,84.89,34,,,,,,,,,3,2,계단식,115C,23.0,16.0,https://new.land.naver.com/complexes/102881?tab=detail&rf=Y,충청남도 당진시 원당동 1257,충청남도,당진시,원당동,,,충청남도 당진시 원당로 52,0.0,228,18,888.0,1.53
[원당동],102881,5,당진원당이안,2012.02.,580.0,35.12,116.11,25.7,84.99,79,,,,,,,,,3,2,계단식,116E,23.0,16.0,https://new.land.naver.com/complexes/102881?tab=detail&rf=Y,충청남도 당진시 원당동 1257,충청남도,당진시,원당동,,,충청남도 당진시 원당로 52,0.0,228,18,888.0,1.53
[원당동],102881,6,당진원당이안,2012.02.,580.0,39.51,130.62,30.81,101.88,135,,,,,,,,,3,2,계단식,130A,23.0,16.0,https://new.land.naver.com/complexes/102881?tab=detail&rf=Y,충청남도 당진시 원당동 1257,충청남도,당진시,원당동,,,충청남도 당진시 원당로 52,0.0,228,18,888.0,1.53
[원당동],102881,7,당진원당이안,2012.02.,580.0,39.9,131.91,30.77,101.74,153,,,,,,,,,3,2,계단식,131B,23.0,16.0,https://new.land.naver.com/complexes/102881?tab=detail&rf=Y,충청남도 당진시 원당동 1257,충청남도,당진시,원당동,,,충청남도 당진시 원당로 52,0.0,228,18,888.0,1.53
[원당동],102881,8,당진원당이안,2012.02.,580.0,58.62,193.79,47.87,158.28,42,,,,,,,,,4,2,계단식,193,23.0,16.0,https://new.land.naver.com/complexes/102881?tab=detail&rf=Y,충청남도 당진시 원당동 1257,충청남도,당진시,원당동,,,충청남도 당진시 원당로 52,0.0,228,18,888.0,1.53
[원당동],25912,1,당진원당한라비발디,2009.08.,710.0,33.59,111.06,25.69,84.93,229,,,,,,,,,3,2,계단식,111A,22.0,15.0,https://new.land.naver.com/complexes/25912?tab=detail&rf=Y,충청남도 당진시 원당동 1255,충청남도,당진시,원당동,,,충청남도 당진시 원당로 51-10,0.0,236,18,999.0,1.41
[원당동],25912,2,당진원당한라비발디,2009.08.,710.0,33.77,111.64,25.69,84.95,78,,,,,,,,,3,2,계단식,111B,22.0,15.0,https://new.land.naver.com/complexes/25912?tab=detail&rf=Y,충청남도 당진시 원당동 1255,충청남도,당진시,원당동,,,충청남도 당진시 원당로 51-10,0.0,236,18,999.0,1.41
[원당동],25912,3,당진원당한라비발디,2009.08.,710.0,36.05,119.18,25.69,84.94,51,,,,,,,,,3,2,계단식,119,22.0,15.0,https://new.land.naver.com/complexes/25912?tab=detail&rf=Y,충청남도 당진시 원당동 1255,충청남도,당진시,원당동,,,충청남도 당진시 원당로 51-10,0.0,236,18,999.0,1.41
[원당동],25912,4,당진원당한라비발디,2009.08.,710.0,39.54,130.72,30.67,101.41,183,,,,,,,,,3,2,계단식,130A,22.0,15.0,https://new.land.naver.com/complexes/25912?tab=detail&rf=Y,충청남도 당진시 원당동 1255,충청남도,당진시,원당동,,,충청남도 당진시 원당로 51-10,0.0,236,18,999.0,1.41
[원당동],25912,5,당진원당한라비발디,2009.08.,710.0,40.27,133.14,30.81,101.87,66,,,,,,,,,3,2,계단식,133B,22.0,15.0,https://new.land.naver.com/complexes/25912?tab=detail&rf=Y,충청남도 당진시 원당동 1255,충청남도,당진시,원당동,,,충청남도 당진시 원당로 51-10,0.0,236,18,999.0,1.41
[원당동],25912,6,당진원당한라비발디,2009.08.,710.0,47.38,156.64,37.87,125.2,85,,,,,,,,,4,2,계단식,156A,22.0,15.0,https://new.land.naver.com/complexes/25912?tab=detail&rf=Y,충청남도 당진시 원당동 1255,충청남도,당진시,원당동,,,충청남도 당진시 원당로 51-10,0.0,236,18,999.0,1.41
[원당동],25912,7,당진원당한라비발디,2009.08.,710.0,47.89,158.33,37.75,124.82,18,,,,,,,,,4,2,계단식,158B,22.0,15.0,https://new.land.naver.com/complexes/25912?tab=detail&rf=Y,충청남도 당진시 원당동 1255,충청남도,당진시,원당동,,,충청남도 당진시 원당로 51-10,0.0,236,18,999.0,1.41
[읍내동],108302,1,당진푸르지오2차,2016.06.,581.0,24.61,81.37,18.78,62.1,76,,,,,,,,,3,2,계단식,81B,22.0,15.0,https://new.land.naver.com/complexes/108302?tab=detail&rf=Y,충청남도 당진시 읍내동 1486,충청남도,당진시,읍내동,,,충청남도 당진시 북문로 16,0.0,221,18,697.0,1.2
[읍내동],108302,2,당진푸르지오2차,2016.06.,581.0,24.84,82.13,19.05,62.98,15,,,,,,,,,3,2,계단식,82A,22.0,15.0,https://new.land.naver.com/complexes/108302?tab=detail&rf=Y,충청남도 당진시 읍내동 1486,충청남도,당진시,읍내동,,,충청남도 당진시 북문로 16,0.0,221,18,697.0,1.2
[읍내동],108302,3,당진푸르지오2차,2016.06.,581.0,29.55,97.69,22.88,75.64,145,,,,,,,,,3,2,계단식,97B,22.0,15.0,https://new.land.naver.com/complexes/108302?tab=detail&rf=Y,충청남도 당진시 읍내동 1486,충청남도,당진시,읍내동,,,충청남도 당진시 북문로 16,0.0,221,18,697.0,1.2
[읍내동],108302,4,당진푸르지오2차,2016.06.,581.0,29.43,97.29,22.68,74.98,42,,,,,,,,,3,2,계단식,97A,22.0,15.0,https://new.land.naver.com/complexes/108302?tab=detail&rf=Y,충청남도 당진시 읍내동 1486,충청남도,당진시,읍내동,,,충청남도 당진시 북문로 16,0.0,221,18,697.0,1.2
[읍내동],108302,5,당진푸르지오2차,2016.06.,581.0,33.17,109.67,25.69,84.95,123,,,,,,,,,3,2,계단식,109A,22.0,15.0,https://new.land.naver.com/complexes/108302?tab=detail&rf=Y,충청남도 당진시 읍내동 1486,충청남도,당진시,읍내동,,,충청남도 당진시 북문로 16,0.0,221,18,697.0,1.2
[읍내동],108302,6,당진푸르지오2차,2016.06.,581.0,33.08,109.38,25.7,84.96,55,,,,,,,,,3,2,계단식,109D,22.0,15.0,https://new.land.naver.com/complexes/108302?tab=detail&rf=Y,충청남도 당진시 읍내동 1486,충청남도,당진시,읍내동,,,충청남도 당진시 북문로 16,0.0,221,18,697.0,1.2
[읍내동],108302,7,당진푸르지오2차,2016.06.,581.0,33.14,109.58,25.65,84.8,16,,,,,,,,,3,2,계단식,109B,22.0,15.0,https://new.land.naver.com/complexes/108302?tab=detail&rf=Y,충청남도 당진시 읍내동 1486,충청남도,당진시,읍내동,,,충청남도 당진시 북문로 16,0.0,221,18,697.0,1.2
[읍내동],108302,8,당진푸르지오2차,2016.06.,581.0,33.4,110.42,25.66,84.84,109,,,,,,,,,3,2,계단식,110C,22.0,15.0,https://new.land.naver.com/complexes/108302?tab=detail&rf=Y,충청남도 당진시 읍내동 1486,충청남도,당진시,읍내동,,,충청남도 당진시 북문로 16,0.0,221,18,697.0,1.2
[읍내동],106077,1,정우,1990.01.,55.0,21.96,72.62,14.52,48.0,5,,,,,,,,,2,1,계단식,72,5.0,5.0,https://new.land.naver.com/complexes/106077?tab=detail&rf=Y,충청남도 당진시 읍내동 299-15,충청남도,당진시,읍내동,,,충청남도 당진시 계성2길 90,0.0,0,0,0.0,0.0
[읍내동],106077,2,정우,1990.01.,55.0,28.58,94.51,21.97,72.63,30,,,,,,,,,3,2,계단식,94,5.0,5.0,https://new.land.naver.com/complexes/106077?tab=detail&rf=Y,충청남도 당진시 읍내동 299-15,충청남도,당진시,읍내동,,,충청남도 당진시 계성2길 90,0.0,0,0,0.0,0.0
[읍내동],106077,3,정우,1990.01.,55.0,33.13,109.53,25.68,84.91,20,,,,,,,,,3,2,계단식,109,5.0,5.0,https://new.land.naver.com/complexes/106077?tab=detail&rf=Y,충청남도 당진시 읍내동 299-15,충청남도,당진시,읍내동,,,충청남도 당진시 계성2길 90,0.0,0,0,0.0,0.0
[읍내동],6878,1,신성,1990.12.,248.0,28.13,93.0,22.48,74.33,130,,,,,,,,,3,1,계단식,93,13.0,11.0,https://new.land.naver.com/complexes/6878?tab=detail&rf=Y,충청남도 당진시 읍내동 25-6,충청남도,당진시,읍내동,,,충청남도 당진시 당진중앙2로 212-10,0.0,0,0,0.0,0.0
[읍내동],6878,2,신성,1990.12.,248.0,31.55,104.32,25.7,84.99,118,,,,,,,,,3,2,계단식,104,13.0,11.0,https://new.land.naver.com/complexes/6878?tab=detail&rf=Y,충청남도 당진시 읍내동 25-6,충청남도,당진시,읍내동,,,충청남도 당진시 당진중앙2로 212-10,0.0,0,0,0.0,0.0
[읍내동],114192,1,청광플러스원,2018.01.,48.0,24.46,80.89,18.12,59.92,20,,,,,,,,,3,2,계단식,80,14.0,11.0,https://new.land.naver.com/complexes/114192?tab=detail&rf=Y,충청남도 당진시 읍내동 238-5,충청남도,당진시,읍내동,,,충청남도 당진시 당진중앙2로 184,0.0,177,42,57.0,1.19
[읍내동],114192,2,청광플러스원,2018.01.,48.0,24.61,81.38,18.03,59.63,13,,,,,,,,,3,2,계단식,81,14.0,11.0,https://new.land.naver.com/complexes/114192?tab=detail&rf=Y,충청남도 당진시 읍내동 238-5,충청남도,당진시,읍내동,,,충청남도 당진시 당진중앙2로 184,0.0,177,42,57.0,1.19
[읍내동],114192,3,청광플러스원,2018.01.,48.0,30.64,101.32,22.72,75.14,13,,,,,,,,,3,2,계단식,101,14.0,11.0,https://new.land.naver.com/complexes/114192?tab=detail&rf=Y,충청남도 당진시 읍내동 238-5,충청남도,당진시,읍내동,,,충청남도 당진시 당진중앙2로 184,0.0,177,42,57.0,1.19
[읍내동],114192,4,청광플러스원,2018.01.,48.0,35.57,117.6,25.69,84.93,2,,,,,,,,,3,2,계단식,117,14.0,11.0,https://new.land.naver.com/complexes/114192?tab=detail&rf=Y,충청남도 당진시 읍내동 238-5,충청남도,당진시,읍내동,,,충청남도 당진시 당진중앙2로 184,0.0,177,42,57.0,1.19
[읍내동],102986,1,당진푸르지오1차,2011.12.,898.0,29.56,97.75,22.66,74.92,64,,,,,,,,,3,2,계단식,97A,21.0,12.0,https://new.land.naver.com/complexes/102986?tab=detail&rf=Y,충청남도 당진시 읍내동 1451,충청남도,당진시,읍내동,,,충청남도 당진시 북문로 15,0.0,228,21,1202.0,1.34
[읍내동],102986,2,당진푸르지오1차,2011.12.,898.0,34.12,112.8,25.69,84.94,484,,,,,,,,,3,2,계단식,112B1,21.0,12.0,https://new.land.naver.com/complexes/102986?tab=detail&rf=Y,충청남도 당진시 읍내동 1451,충청남도,당진시,읍내동,,,충청남도 당진시 북문로 15,0.0,228,21,1202.0,1.34
[읍내동],102986,3,당진푸르지오1차,2011.12.,898.0,34.33,113.51,25.7,84.99,106,,,,,,,,,3,2,계단식,113B2,21.0,12.0,https://new.land.naver.com/complexes/102986?tab=detail&rf=Y,충청남도 당진시 읍내동 1451,충청남도,당진시,읍내동,,,충청남도 당진시 북문로 15,0.0,228,21,1202.0,1.34
[읍내동],102986,4,당진푸르지오1차,2011.12.,898.0,34.33,113.51,25.7,84.99,38,,,,,,,,,3,2,계단식,113B3,21.0,12.0,https://new.land.naver.com/complexes/102986?tab=detail&rf=Y,충청남도 당진시 읍내동 1451,충청남도,당진시,읍내동,,,충청남도 당진시 북문로 15,0.0,228,21,1202.0,1.34
[읍내동],102986,5,당진푸르지오1차,2011.12.,898.0,39.84,131.73,31.05,102.67,88,,,,,,,,,3,2,계단식,131C1,21.0,12.0,https://new.land.naver.com/complexes/102986?tab=detail&rf=Y,충청남도 당진시 읍내동 1451,충청남도,당진시,읍내동,,,충청남도 당진시 북문로 15,0.0,228,21,1202.0,1.34
[읍내동],102986,6,당진푸르지오1차,2011.12.,898.0,39.84,131.73,31.05,102.67,12,,,,,,,,,3,2,계단식,131C2,21.0,12.0,https://new.land.naver.com/complexes/102986?tab=detail&rf=Y,충청남도 당진시 읍내동 1451,충청남도,당진시,읍내동,,,충청남도 당진시 북문로 15,0.0,228,21,1202.0,1.34
[읍내동],102986,7,당진푸르지오1차,2011.12.,898.0,46.38,153.34,38.64,127.74,34,,,,,,,,,4,2,계단식,153D1,21.0,12.0,https://new.land.naver.com/complexes/102986?tab=detail&rf=Y,충청남도 당진시 읍내동 1451,충청남도,당진시,읍내동,,,충청남도 당진시 북문로 15,0.0,228,21,1202.0,1.34
[읍내동],102986,8,당진푸르지오1차,2011.12.,898.0,47.88,158.3,38.66,127.81,38,,,,,,,,,4,2,계단식,158D2,21.0,12.0,https://new.land.naver.com/complexes/102986?tab=detail&rf=Y,충청남도 당진시 읍내동 1451,충청남도,당진시,읍내동,,,충청남도 당진시 북문로 15,0.0,228,21,1202.0,1.34
[읍내동],102986,9,당진푸르지오1차,2011.12.,898.0,54.49,180.14,45.42,150.15,34,,,,,,,,,4,2,계단식,180E,21.0,12.0,https://new.land.naver.com/complexes/102986?tab=detail&rf=Y,충청남도 당진시 읍내동 1451,충청남도,당진시,읍내동,,,충청남도 당진시 북문로 15,0.0,228,21,1202.0,1.34
[읍내동],127206,1,당진안신타워,1998.09.,19.0,31.46,104.0,25.68,84.92,10,,,,,,,,,3,2,계단식,104,10.0,8.0,https://new.land.naver.com/complexes/127206?tab=detail&rf=Y,충청남도 당진시 읍내동 499-1,충청남도,당진시,읍내동,,,충청남도 당진시 북문길 1-12,0.0,319,59,8.0,0.42
[읍내동],127206,2,당진안신타워,1998.09.,19.0,54.1,178.86,44.17,146.04,7,,,,,,,,,4,2,계단식,178,10.0,8.0,https://new.land.naver.com/complexes/127206?tab=detail&rf=Y,충청남도 당진시 읍내동 499-1,충청남도,당진시,읍내동,,,충청남도 당진시 북문길 1-12,0.0,319,59,8.0,0.42
[읍내동],127206,3,당진안신타워,1998.09.,19.0,68.26,225.66,55.73,184.26,2,,,,,,,,,4,2,계단식,225,10.0,8.0,https://new.land.naver.com/complexes/127206?tab=detail&rf=Y,충청남도 당진시 읍내동 499-1,충청남도,당진시,읍내동,,,충청남도 당진시 북문길 1-12,0.0,319,59,8.0,0.42
[읍내동],140890,1,세인트힐스,2017.06.,6.0,23.84,78.83,20.15,66.63,3,,,,,,,,,3,1,계단식,78,4.0,4.0,https://new.land.naver.com/complexes/140890?tab=detail&rf=Y,충청남도 당진시 읍내동 276-2,충청남도,당진시,읍내동,,,충청남도 당진시 계성1길 42-20,0.0,204,56,6.0,1.0
[읍내동],140890,2,세인트힐스,2017.06.,6.0,26.11,86.34,22.07,72.98,3,,,,,,,,,3,2,계단식,86,4.0,4.0,https://new.land.naver.com/complexes/140890?tab=detail&rf=Y,충청남도 당진시 읍내동 276-2,충청남도,당진시,읍내동,,,충청남도 당진시 계성1길 42-20,0.0,204,56,6.0,1.0
[읍내동],128528,1,당진아이파크,2022.04.,426.0,24.44,80.81,18.14,59.98,186,,,,,,,,,3,2,계단식,80,25.0,16.0,https://new.land.naver.com/complexes/128528?tab=detail&rf=Y,충청남도 당진시 읍내동 37-3번지 일원,충청남도,당진시,읍내동,,,충청남도 당진시,0.0,0,0,500.0,1.17
[읍내동],128528,2,당진아이파크,2022.04.,426.0,30.3,100.17,22.53,74.5,40,,,,,,,,,3,2,계단식,100,25.0,16.0,https://new.land.naver.com/complexes/128528?tab=detail&rf=Y,충청남도 당진시 읍내동 37-3번지 일원,충청남도,당진시,읍내동,,,충청남도 당진시,0.0,0,0,500.0,1.17
[읍내동],128528,3,당진아이파크,2022.04.,426.0,34.06,112.62,25.7,84.98,200,,,,,,,,,3,2,계단식,112A,25.0,16.0,https://new.land.naver.com/complexes/128528?tab=detail&rf=Y,충청남도 당진시 읍내동 37-3번지 일원,충청남도,당진시,읍내동,,,충청남도 당진시,0.0,0,0,500.0,1.17
[읍내동],14764,1,이안,2005.10.,297.0,34.13,112.84,25.69,84.94,90,,,,,,,,,3,2,계단식,112A,15.0,15.0,https://new.land.naver.com/complexes/14764?tab=detail&rf=Y,충청남도 당진시 읍내동 1096,충청남도,당진시,읍내동,,,충청남도 당진시 무수동7길 78,0.0,248,24,383.0,1.29
[읍내동],14764,2,이안,2005.10.,297.0,34.01,112.44,25.69,84.95,88,,,,,,,,,3,2,계단식,112B,15.0,15.0,https://new.land.naver.com/complexes/14764?tab=detail&rf=Y,충청남도 당진시 읍내동 1096,충청남도,당진시,읍내동,,,충청남도 당진시 무수동7길 78,0.0,248,24,383.0,1.29
[읍내동],14764,3,이안,2005.10.,297.0,47.81,158.05,36.73,121.43,89,,,,,,,,,4,2,계단식,158,15.0,15.0,https://new.land.naver.com/complexes/14764?tab=detail&rf=Y,충청남도 당진시 읍내동 1096,충청남도,당진시,읍내동,,,충청남도 당진시 무수동7길 78,0.0,248,24,383.0,1.29
[읍내동],14764,4,이안,2005.10.,297.0,59.88,197.98,46.51,153.76,30,,,,,,,,,5,2,계단식,197,15.0,15.0,https://new.land.naver.com/complexes/14764?tab=detail&rf=Y,충청남도 당진시 읍내동 1096,충청남도,당진시,읍내동,,,충청남도 당진시 무수동7길 78,0.0,248,24,383.0,1.29
[읍내동],15221,1,세원,1990.07.,60.0,24.64,81.47,18.97,62.73,10,,,,,,,,,3,1,복도식,81,5.0,5.0,https://new.land.naver.com/complexes/15221?tab=detail&rf=Y,충청남도 당진시 읍내동 299-81,충청남도,당진시,읍내동,,,충청남도 당진시 계성3길 20-27,0.0,0,0,0.0,0.0
[읍내동],15221,2,세원,1990.07.,60.0,27.49,90.89,21.24,70.24,25,,,,,,,,,3,1,복도식,90,5.0,5.0,https://new.land.naver.com/complexes/15221?tab=detail&rf=Y,충청남도 당진시 읍내동 299-81,충청남도,당진시,읍내동,,,충청남도 당진시 계성3길 20-27,0.0,0,0,0.0,0.0
[읍내동],15221,3,세원,1990.07.,60.0,29.72,98.26,23.11,76.41,5,,,,,,,,,3,1,복도식,98,5.0,5.0,https://new.land.naver.com/complexes/15221?tab=detail&rf=Y,충청남도 당진시 읍내동 299-81,충청남도,당진시,읍내동,,,충청남도 당진시 계성3길 20-27,0.0,0,0,0.0,0.0
[읍내동],15221,4,세원,1990.07.,60.0,32.26,106.66,25.34,83.79,20,,,,,,,,,3,2,복도식,106,5.0,5.0,https://new.land.naver.com/complexes/15221?tab=detail&rf=Y,충청남도 당진시 읍내동 299-81,충청남도,당진시,읍내동,,,충청남도 당진시 계성3길 20-27,0.0,0,0,0.0,0.0
[읍내동],13842,1,하늘채,2005.10.,383.0,34.1,112.76,25.7,84.96,212,,,,,,,,,3,2,계단식,112,19.0,16.0,https://new.land.naver.com/complexes/13842?tab=detail&rf=Y,충청남도 당진시 읍내동 1061,충청남도,당진시,읍내동,,,충청남도 당진시 무수동7길 124,0.0,252,17,481.0,1.26
[읍내동],13842,2,하늘채,2005.10.,383.0,44.64,147.58,34.74,114.85,102,,,,,,,,,4,2,계단식,147,19.0,16.0,https://new.land.naver.com/complexes/13842?tab=detail&rf=Y,충청남도 당진시 읍내동 1061,충청남도,당진시,읍내동,,,충청남도 당진시 무수동7길 124,0.0,252,17,481.0,1.26
[읍내동],13842,3,하늘채,2005.10.,383.0,55.68,184.07,45.32,149.84,69,,,,,,,,,4,2,계단식,184,19.0,16.0,https://new.land.naver.com/complexes/13842?tab=detail&rf=Y,충청남도 당진시 읍내동 1061,충청남도,당진시,읍내동,,,충청남도 당진시 무수동7길 124,0.0,252,17,481.0,1.26
[읍내동],6874,1,벽산,1996.09.,438.0,23.45,77.54,18.08,59.79,200,,,,,,,,,2,1,복도식,77,20.0,6.0,https://new.land.naver.com/complexes/6874?tab=detail&rf=Y,충청남도 당진시 읍내동 283,충청남도,당진시,읍내동,,,충청남도 당진시 계성2길 51,0.0,0,0,262.0,0.6
[읍내동],6874,2,벽산,1996.09.,438.0,32.43,107.21,25.66,84.84,198,,,,,,,,,3,2,계단식,107,20.0,6.0,https://new.land.naver.com/complexes/6874?tab=detail&rf=Y,충청남도 당진시 읍내동 283,충청남도,당진시,읍내동,,,충청남도 당진시 계성2길 51,0.0,0,0,262.0,0.6
[읍내동],6874,3,벽산,1996.09.,438.0,47.67,157.6,40.82,134.97,40,,,,,,,,,3,2,계단식,157,20.0,6.0,https://new.land.naver.com/complexes/6874?tab=detail&rf=Y,충청남도 당진시 읍내동 283,충청남도,당진시,읍내동,,,충청남도 당진시 계성2길 51,0.0,0,0,262.0,0.6
[읍내동],6870,1,세원목화,1995.07.,196.0,21.99,72.7,18.09,59.81,76,,,,,,,,,2,1,복도식,72,15.0,6.0,https://new.land.naver.com/complexes/6870?tab=detail&rf=Y,충청남도 당진시 읍내동 310-10,충청남도,당진시,읍내동,,,충청남도 당진시 계성3길 56-16,0.0,334,39,124.0,0.63
[읍내동],6870,2,세원목화,1995.07.,196.0,25.06,82.87,21.74,71.87,60,,,,,,,,,3,1,복도식,82,15.0,6.0,https://new.land.naver.com/complexes/6870?tab=detail&rf=Y,충청남도 당진시 읍내동 310-10,충청남도,당진시,읍내동,,,충청남도 당진시 계성3길 56-16,0.0,334,39,124.0,0.63
[읍내동],6870,3,세원목화,1995.07.,196.0,29.13,96.3,25.7,84.97,60,,,,,,,,,3,1,복도식,96,15.0,6.0,https://new.land.naver.com/complexes/6870?tab=detail&rf=Y,충청남도 당진시 읍내동 310-10,충청남도,당진시,읍내동,,,충청남도 당진시 계성3길 56-16,0.0,334,39,124.0,0.63
[읍내동],26348,1,남산공원휴먼빌,2010.03.,461.0,34.33,113.51,25.7,84.96,193,,,,,,,,,3,2,계단식,113A,15.0,6.0,https://new.land.naver.com/complexes/26348?tab=detail&rf=Y,충청남도 당진시 읍내동 1448,충청남도,당진시,읍내동,,,충청남도 당진시 무수동옛길 99,0.0,229,24,585.0,1.27
[읍내동],26348,2,남산공원휴먼빌,2010.03.,461.0,34.56,114.26,25.7,84.98,48,,,,,,,,,3,2,계단식,114B,15.0,6.0,https://new.land.naver.com/complexes/26348?tab=detail&rf=Y,충청남도 당진시 읍내동 1448,충청남도,당진시,읍내동,,,충청남도 당진시 무수동옛길 99,0.0,229,24,585.0,1.27
[읍내동],26348,3,남산공원휴먼빌,2010.03.,461.0,40.06,132.44,30.23,99.96,192,,,,,,,,,3,2,계단식,132,15.0,6.0,https://new.land.naver.com/complexes/26348?tab=detail&rf=Y,충청남도 당진시 읍내동 1448,충청남도,당진시,읍내동,,,충청남도 당진시 무수동옛길 99,0.0,229,24,585.0,1.27
[읍내동],26348,4,남산공원휴먼빌,2010.03.,461.0,47.55,157.22,39.29,129.9,28,,,,,,,,,4,2,계단식,157,15.0,6.0,https://new.land.naver.com/complexes/26348?tab=detail&rf=Y,충청남도 당진시 읍내동 1448,충청남도,당진시,읍내동,,,충청남도 당진시 무수동옛길 99,0.0,229,24,585.0,1.27
[채운동],102019,1,한중,1999.06.,129.0,24.19,79.97,18.05,59.67,36,,,,,,,,,2,1,복도식,79A,18.0,11.0,https://new.land.naver.com/complexes/102019?tab=detail&rf=Y,충청남도 당진시 채운동 276-9,충청남도,당진시,채운동,,,충청남도 당진시 서부로 271,0.0,0,0,115.0,0.89
[채운동],102019,2,한중,1999.06.,129.0,24.2,80.01,18.05,59.7,17,,,,,,,,,2,1,복도식,80B,18.0,11.0,https://new.land.naver.com/complexes/102019?tab=detail&rf=Y,충청남도 당진시 채운동 276-9,충청남도,당진시,채운동,,,충청남도 당진시 서부로 271,0.0,0,0,115.0,0.89
[채운동],102019,3,한중,1999.06.,129.0,31.36,103.67,25.66,84.84,30,,,,,,,,,3,2,계단식,103,18.0,11.0,https://new.land.naver.com/complexes/102019?tab=detail&rf=Y,충청남도 당진시 채운동 276-9,충청남도,당진시,채운동,,,충청남도 당진시 서부로 271,0.0,0,0,115.0,0.89
[채운동],102019,4,한중,1999.06.,129.0,32.27,106.71,25.7,84.98,36,,,,,,,,,3,2,계단식,106,18.0,11.0,https://new.land.naver.com/complexes/102019?tab=detail&rf=Y,충청남도 당진시 채운동 276-9,충청남도,당진시,채운동,,,충청남도 당진시 서부로 271,0.0,0,0,115.0,0.89
[채운동],102019,5,한중,1999.06.,129.0,52.16,172.43,40.18,132.84,10,,,,,,,,,4,2,계단식,172,18.0,11.0,https://new.land.naver.com/complexes/102019?tab=detail&rf=Y,충청남도 당진시 채운동 276-9,충청남도,당진시,채운동,,,충청남도 당진시 서부로 271,0.0,0,0,115.0,0.89
[채운동],26314,1,당진채운코아루1차,2010.03.,350.0,34.16,112.93,25.69,84.94,79,,,,,,,,,3,2,계단식,112A,20.0,16.0,https://new.land.naver.com/complexes/26314?tab=detail&rf=Y,충청남도 당진시 채운동 1127,충청남도,당진시,채운동,,,충청남도 당진시 운학길 69,0.0,223,19,457.0,1.31
[채운동],26314,2,당진채운코아루1차,2010.03.,350.0,34.67,114.63,25.69,84.94,98,,,,,,,,,3,2,계단식,114B,20.0,16.0,https://new.land.naver.com/complexes/26314?tab=detail&rf=Y,충청남도 당진시 채운동 1127,충청남도,당진시,채운동,,,충청남도 당진시 운학길 69,0.0,223,19,457.0,1.31
[채운동],26314,3,당진채운코아루1차,2010.03.,350.0,39.77,131.5,29.44,97.33,59,,,,,,,,,3,2,계단식,131,20.0,16.0,https://new.land.naver.com/complexes/26314?tab=detail&rf=Y,충청남도 당진시 채운동 1127,충청남도,당진시,채운동,,,충청남도 당진시 운학길 69,0.0,223,19,457.0,1.31
[채운동],26314,4,당진채운코아루1차,2010.03.,350.0,44.94,148.58,33.45,110.59,39,,,,,,,,,3,2,계단식,148,20.0,16.0,https://new.land.naver.com/complexes/26314?tab=detail&rf=Y,충청남도 당진시 채운동 1127,충청남도,당진시,채운동,,,충청남도 당진시 운학길 69,0.0,223,19,457.0,1.31
[채운동],26314,5,당진채운코아루1차,2010.03.,350.0,48.43,160.11,36.34,120.15,59,,,,,,,,,4,2,계단식,160A,20.0,16.0,https://new.land.naver.com/complexes/26314?tab=detail&rf=Y,충청남도 당진시 채운동 1127,충청남도,당진시,채운동,,,충청남도 당진시 운학길 69,0.0,223,19,457.0,1.31
[채운동],26314,6,당진채운코아루1차,2010.03.,350.0,48.43,160.11,36.34,120.15,16,,,,,,,,,4,2,계단식,160B,20.0,16.0,https://new.land.naver.com/complexes/26314?tab=detail&rf=Y,충청남도 당진시 채운동 1127,충청남도,당진시,채운동,,,충청남도 당진시 운학길 69,0.0,223,19,457.0,1.31
[채운동],6883,1,한성,1992.09.,298.0,30.54,100.99,25.7,84.97,176,,,,,,,,,3,2,계단식,100,17.0,5.0,https://new.land.naver.com/complexes/6883?tab=detail&rf=Y,충청남도 당진시 채운동 355-3,충청남도,당진시,채운동,,,충청남도 당진시 백암로 219-29,0.0,0,0,0.0,0.0
[채운동],6883,2,한성,1992.09.,298.0,30.82,101.89,25.66,84.84,102,,,,,,,,,3,2,계단식,101,17.0,5.0,https://new.land.naver.com/complexes/6883?tab=detail&rf=Y,충청남도 당진시 채운동 355-3,충청남도,당진시,채운동,,,충청남도 당진시 백암로 219-29,0.0,0,0,0.0,0.0
[채운동],6883,3,한성,1992.09.,298.0,32.91,108.82,25.7,84.99,20,,,,,,,,,3,2,계단식,108,17.0,5.0,https://new.land.naver.com/complexes/6883?tab=detail&rf=Y,충청남도 당진시 채운동 355-3,충청남도,당진시,채운동,,,충청남도 당진시 백암로 219-29,0.0,0,0,0.0,0.0
[채운동],23712,1,삼성쉐르빌,2007.12.,625.0,33.19,109.75,25.69,84.94,184,,,,,,,,,3,2,계단식,109A,15.0,12.0,https://new.land.naver.com/complexes/23712?tab=detail&rf=Y,충청남도 당진시 채운동 1117,충청남도,당진시,채운동,,,충청남도 당진시 대호만로 23-13,0.0,230,20,770.0,1.23
[채운동],23712,2,삼성쉐르빌,2007.12.,625.0,33.48,110.69,25.69,84.94,186,,,,,,,,,3,2,계단식,110B,15.0,12.0,https://new.land.naver.com/complexes/23712?tab=detail&rf=Y,충청남도 당진시 채운동 1117,충청남도,당진시,채운동,,,충청남도 당진시 대호만로 23-13,0.0,230,20,770.0,1.23
[채운동],23712,3,삼성쉐르빌,2007.12.,625.0,38.99,128.91,29.8,98.54,110,,,,,,,,,3,2,계단식,128,15.0,12.0,https://new.land.naver.com/complexes/23712?tab=detail&rf=Y,충청남도 당진시 채운동 1117,충청남도,당진시,채운동,,,충청남도 당진시 대호만로 23-13,0.0,230,20,770.0,1.23
[채운동],23712,4,삼성쉐르빌,2007.12.,625.0,47.83,158.13,37.71,124.67,145,,,,,,,,,4,2,계단식,158,15.0,12.0,https://new.land.naver.com/complexes/23712?tab=detail&rf=Y,충청남도 당진시 채운동 1117,충청남도,당진시,채운동,,,충청남도 당진시 대호만로 23-13,0.0,230,20,770.0,1.23
[채운동],100709,1,채운공원휴먼빌,2009.12.,396.0,33.73,111.51,25.64,84.78,117,,,,,,,,,3,2,계단식,111A,20.0,12.0,https://new.land.naver.com/complexes/100709?tab=detail&rf=Y,충청남도 당진시 채운동 1124,충청남도,당진시,채운동,,,충청남도 당진시 백암로 219-64,0.0,209,16,485.0,1.22
[채운동],100709,2,채운공원휴먼빌,2009.12.,396.0,34.28,113.34,25.61,84.69,119,,,,,,,,,3,2,계단식,113B,20.0,12.0,https://new.land.naver.com/complexes/100709?tab=detail&rf=Y,충청남도 당진시 채운동 1124,충청남도,당진시,채운동,,,충청남도 당진시 백암로 219-64,0.0,209,16,485.0,1.22
[채운동],100709,3,채운공원휴먼빌,2009.12.,396.0,40.06,132.43,30.03,99.3,80,,,,,,,,,3,2,계단식,132,20.0,12.0,https://new.land.naver.com/complexes/100709?tab=detail&rf=Y,충청남도 당진시 채운동 1124,충청남도,당진시,채운동,,,충청남도 당진시 백암로 219-64,0.0,209,16,485.0,1.22
[채운동],100709,4,채운공원휴먼빌,2009.12.,396.0,47.09,155.69,35.82,118.43,80,,,,,,,,,4,2,계단식,155,20.0,12.0,https://new.land.naver.com/complexes/100709?tab=detail&rf=Y,충청남도 당진시 채운동 1124,충청남도,당진시,채운동,,,충청남도 당진시 백암로 219-64,0.0,209,16,485.0,1.22
[채운동],26347,1,신당진이안,2010.03.,360.0,33.1,109.45,25.67,84.86,31,,,,,,,,,3,2,계단식,109A,21.0,14.0,https://new.land.naver.com/complexes/26347?tab=detail&rf=Y,충청남도 당진시 채운동 1125,충청남도,당진시,채운동,,,충청남도 당진시 운곡로 197-8,0.0,234,20,499.0,1.39
[채운동],26347,2,신당진이안,2010.03.,360.0,33.43,110.54,25.7,84.96,146,,,,,,,,,3,2,계단식,110B,21.0,14.0,https://new.land.naver.com/complexes/26347?tab=detail&rf=Y,충청남도 당진시 채운동 1125,충청남도,당진시,채운동,,,충청남도 당진시 운곡로 197-8,0.0,234,20,499.0,1.39
[채운동],26347,3,신당진이안,2010.03.,360.0,33.96,112.28,25.69,84.95,36,,,,,,,,,3,2,계단식,112C,21.0,14.0,https://new.land.naver.com/complexes/26347?tab=detail&rf=Y,충청남도 당진시 채운동 1125,충청남도,당진시,채운동,,,충청남도 당진시 운곡로 197-8,0.0,234,20,499.0,1.39
[채운동],26347,4,신당진이안,2010.03.,360.0,46.58,154.0,37.16,122.87,147,,,,,,,,,4,2,계단식,154,21.0,14.0,https://new.land.naver.com/complexes/26347?tab=detail&rf=Y,충청남도 당진시 채운동 1125,충청남도,당진시,채운동,,,충청남도 당진시 운곡로 197-8,0.0,234,20,499.0,1.39
[채운동],111277,1,당진채운양우내안애,2018.04.,457.0,25.93,85.74,18.14,59.97,290,,,,,,,,,3,2,계단식,85A,25.0,18.0,https://new.land.naver.com/complexes/111277?tab=detail&rf=Y,충청남도 당진시 채운동 1152,충청남도,당진시,채운동,,,충청남도 당진시 백암로 99,0.0,224,14,507.0,1.11
[채운동],111277,2,당진채운양우내안애,2018.04.,457.0,25.88,85.57,18.12,59.93,50,,,,,,,,,3,2,계단식,85C,25.0,18.0,https://new.land.naver.com/complexes/111277?tab=detail&rf=Y,충청남도 당진시 채운동 1152,충청남도,당진시,채운동,,,충청남도 당진시 백암로 99,0.0,224,14,507.0,1.11
[채운동],111277,3,당진채운양우내안애,2018.04.,457.0,26.01,86.01,18.14,59.98,117,,,,,,,,,3,2,계단식,86B,25.0,18.0,https://new.land.naver.com/complexes/111277?tab=detail&rf=Y,충청남도 당진시 채운동 1152,충청남도,당진시,채운동,,,충청남도 당진시 백암로 99,0.0,224,14,507.0,1.11
[채운동],102498,1,지석빌라트,2000.07.,96.0,20.28,67.07,18.12,59.93,96,,,,,,,,,2,1,복도식,67,4.0,4.0,https://new.land.naver.com/complexes/102498?tab=detail&rf=Y,충청남도 당진시 채운동 363-8,충청남도,당진시,채운동,,,충청남도 당진시 역천로 881-35,0.0,77,19,83.0,0.86
[채운동],25852,1,대동다숲,2009.11.,553.0,33.09,109.41,25.64,84.77,96,,,,,,,,,3,2,계단식,109A,19.0,12.0,https://new.land.naver.com/complexes/25852?tab=detail&rf=Y,충청남도 당진시 채운동 1120,충청남도,당진시,채운동,,,충청남도 당진시 대호만로 30-17,0.0,232,17,687.0,1.24
[채운동],25852,2,대동다숲,2009.11.,553.0,33.35,110.27,25.68,84.9,210,,,,,,,,,3,2,계단식,110C,19.0,12.0,https://new.land.naver.com/complexes/25852?tab=detail&rf=Y,충청남도 당진시 채운동 1120,충청남도,당진시,채운동,,,충청남도 당진시 대호만로 30-17,0.0,232,17,687.0,1.24
[채운동],25852,3,대동다숲,2009.11.,553.0,33.3,110.09,25.63,84.75,107,,,,,,,,,3,2,계단식,110B,19.0,12.0,https://new.land.naver.com/complexes/25852?tab=detail&rf=Y,충청남도 당진시 채운동 1120,충청남도,당진시,채운동,,,충청남도 당진시 대호만로 30-17,0.0,232,17,687.0,1.24
[채운동],25852,4,대동다숲,2009.11.,553.0,36.79,121.65,30.8,101.82,24,,,,,,,,,3,2,계단식,121,19.0,12.0,https://new.land.naver.com/complexes/25852?tab=detail&rf=Y,충청남도 당진시 채운동 1120,충청남도,당진시,채운동,,,충청남도 당진시 대호만로 30-17,0.0,232,17,687.0,1.24
[채운동],25852,5,대동다숲,2009.11.,553.0,45.45,150.25,38.31,126.66,116,,,,,,,,,4,2,계단식,150,19.0,12.0,https://new.land.naver.com/complexes/25852?tab=detail&rf=Y,충청남도 당진시 채운동 1120,충청남도,당진시,채운동,,,충청남도 당진시 대호만로 30-17,0.0,232,17,687.0,1.24
[합덕읍],109431,1,뉴페이스,2004.11.,36.0,39.13,129.37,34.46,113.94,18,,,,,,,,,3,2,계단식,129,10.0,10.0,https://new.land.naver.com/complexes/109431?tab=detail&rf=Y,충청남도 당진시 합덕읍 운산리 900-4,충청남도,당진시,합덕읍,,,충청남도 당진시 버그내2길 9-19,0.0,0,0,53.0,1.47
[합덕읍],109431,2,뉴페이스,2004.11.,36.0,41.43,136.96,34.36,113.6,18,,,,,,,,,3,2,계단식,136,10.0,10.0,https://new.land.naver.com/complexes/109431?tab=detail&rf=Y,충청남도 당진시 합덕읍 운산리 900-4,충청남도,당진시,합덕읍,,,충청남도 당진시 버그내2길 9-19,0.0,0,0,53.0,1.47
[합덕읍],23005,1,홍인(아이리스),2004.10.,177.0,29.64,98.01,23.37,77.27,58,,,,,,,,,3,2,계단식,98A,15.0,14.0,https://new.land.naver.com/complexes/23005?tab=detail&rf=Y,충청남도 당진시 합덕읍 운산리 926-1,충청남도,당진시,합덕읍,,,충청남도 당진시 운산로 116,0.0,236,22,188.0,1.06
[합덕읍],23005,2,홍인(아이리스),2004.10.,177.0,30.44,100.66,24.15,79.85,1,,,,,,,,,3,2,계단식,100B,15.0,14.0,https://new.land.naver.com/complexes/23005?tab=detail&rf=Y,충청남도 당진시 합덕읍 운산리 926-1,충청남도,당진시,합덕읍,,,충청남도 당진시 운산로 116,0.0,236,22,188.0,1.06
[합덕읍],23005,3,홍인(아이리스),2004.10.,177.0,32.23,106.57,25.66,84.85,104,,,,,,,,,3,2,계단식,106,15.0,14.0,https://new.land.naver.com/complexes/23005?tab=detail&rf=Y,충청남도 당진시 합덕읍 운산리 926-1,충청남도,당진시,합덕읍,,,충청남도 당진시 운산로 116,0.0,236,22,188.0,1.06
[합덕읍],23005,4,홍인(아이리스),2004.10.,177.0,44.81,148.16,35.8,118.38,14,,,,,,,,,3,2,계단식,148,15.0,14.0,https://new.land.naver.com/complexes/23005?tab=detail&rf=Y,충청남도 당진시 합덕읍 운산리 926-1,충청남도,당진시,합덕읍,,,충청남도 당진시 운산로 116,0.0,236,22,188.0,1.06
[합덕읍],132138,1,당진한경크리스탈,2020.06.,45.0,32.23,106.57,25.63,84.75,26,,,,,,,,,3,2,계단식,106B,13.0,9.0,https://new.land.naver.com/complexes/132138?tab=detail&rf=Y,충청남도 당진시 합덕읍 운산리 978,충청남도,당진시,합덕읍,,,충청남도 당진시 굴미1길 61,0.0,197,23,56.0,1.24
[합덕읍],132138,2,당진한경크리스탈,2020.06.,45.0,32.23,106.55,25.55,84.49,19,,,,,,,,,3,2,계단식,106A,13.0,9.0,https://new.land.naver.com/complexes/132138?tab=detail&rf=Y,충청남도 당진시 합덕읍 운산리 978,충청남도,당진시,합덕읍,,,충청남도 당진시 굴미1길 61,0.0,197,23,56.0,1.24
[합덕읍],109389,1,정우,1990.09.,80.0,21.47,71.0,16.06,53.1,5,,,,,,,,,2,1,계단식,71,5.0,5.0,https://new.land.naver.com/complexes/109389?tab=detail&rf=Y,충청남도 당진시 합덕읍 운산리 291-121,충청남도,당진시,합덕읍,,,충청남도 당진시 합덕교동2길 35,0.0,0,0,0.0,0.0
[합덕읍],109389,2,정우,1990.09.,80.0,28.67,94.79,21.97,72.63,25,,,,,,,,,3,1,계단식,94,5.0,5.0,https://new.land.naver.com/complexes/109389?tab=detail&rf=Y,충청남도 당진시 합덕읍 운산리 291-121,충청남도,당진시,합덕읍,,,충청남도 당진시 합덕교동2길 35,0.0,0,0,0.0,0.0
[합덕읍],109389,3,정우,1990.09.,80.0,30.68,101.45,23.65,78.21,29,,,,,,,,,3,2,계단식,101A,5.0,5.0,https://new.land.naver.com/complexes/109389?tab=detail&rf=Y,충청남도 당진시 합덕읍 운산리 291-121,충청남도,당진시,합덕읍,,,충청남도 당진시 합덕교동2길 35,0.0,0,0,0.0,0.0
[합덕읍],109389,4,정우,1990.09.,80.0,30.74,101.65,23.71,78.41,1,,,,,,,,,3,2,계단식,101B,5.0,5.0,https://new.land.naver.com/complexes/109389?tab=detail&rf=Y,충청남도 당진시 합덕읍 운산리 291-121,충청남도,당진시,합덕읍,,,충청남도 당진시 합덕교동2길 35,0.0,0,0,0.0,0.0
[합덕읍],109389,5,정우,1990.09.,80.0,33.21,109.8,25.68,84.91,20,,,,,,,,,3,2,계단식,109,5.0,5.0,https://new.land.naver.com/complexes/109389?tab=detail&rf=Y,충청남도 당진시 합덕읍 운산리 291-121,충청남도,당진시,합덕읍,,,충청남도 당진시 합덕교동2길 35,0.0,0,0,0.0,0.0
[합덕읍],103027,1,서동,1990.06.,19.0,22.62,74.78,17.12,56.61,9,,,,,,,,,3,1,계단식,74,5.0,4.0,https://new.land.naver.com/complexes/103027?tab=detail&rf=Y,충청남도 당진시 합덕읍 운산리 301-7,충청남도,당진시,합덕읍,,,충청남도 당진시 합우로 36,0.0,0,0,0.0,0.0
[합덕읍],103027,2,서동,1990.06.,19.0,26.11,86.32,20.01,66.15,4,,,,,,,,,3,2,계단식,86,5.0,4.0,https://new.land.naver.com/complexes/103027?tab=detail&rf=Y,충청남도 당진시 합덕읍 운산리 301-7,충청남도,당진시,합덕읍,,,충청남도 당진시 합우로 36,0.0,0,0,0.0,0.0
[합덕읍],103027,3,서동,1990.06.,19.0,28.94,95.7,22.35,73.89,5,,,,,,,,,3,2,계단식,95,5.0,4.0,https://new.land.naver.com/complexes/103027?tab=detail&rf=Y,충청남도 당진시 합덕읍 운산리 301-7,충청남도,당진시,합덕읍,,,충청남도 당진시 합우로 36,0.0,0,0,0.0,0.0
[합덕읍],103027,4,서동,1990.06.,19.0,34.66,114.58,23.4,77.36,1,,,,,,,,,3,2,계단식,114,5.0,4.0,https://new.land.naver.com/complexes/103027?tab=detail&rf=Y,충청남도 당진시 합덕읍 운산리 301-7,충청남도,당진시,합덕읍,,,충청남도 당진시 합우로 36,0.0,0,0,0.0,0.0
[합덕읍],111842,1,아이비명품,2016.01.,18.0,21.45,70.94,16.91,55.93,6,,,,,,,,,3,2,계단식,70,7.0,7.0,https://new.land.naver.com/complexes/111842?tab=detail&rf=Y,충청남도 당진시 합덕읍 운산리 263-41,충청남도,당진시,합덕읍,,,충청남도 당진시 중교길 20,0.0,238,48,14.0,0.78
[합덕읍],111842,2,아이비명품,2016.01.,18.0,21.49,71.06,16.83,55.64,6,,,,,,,,,3,2,계단식,71A,7.0,7.0,https://new.land.naver.com/complexes/111842?tab=detail&rf=Y,충청남도 당진시 합덕읍 운산리 263-41,충청남도,당진시,합덕읍,,,충청남도 당진시 중교길 20,0.0,238,48,14.0,0.78
[합덕읍],111842,3,아이비명품,2016.01.,18.0,21.71,71.78,17.1,56.54,1,,,,,,,,,3,2,계단식,71B,7.0,7.0,https://new.land.naver.com/complexes/111842?tab=detail&rf=Y,충청남도 당진시 합덕읍 운산리 263-41,충청남도,당진시,합덕읍,,,충청남도 당진시 중교길 20,0.0,238,48,14.0,0.78
[합덕읍],111842,4,아이비명품,2016.01.,18.0,22.71,75.1,17.75,58.69,5,,,,,,,,,3,2,계단식,75,7.0,7.0,https://new.land.naver.com/complexes/111842?tab=detail&rf=Y,충청남도 당진시 합덕읍 운산리 263-41,충청남도,당진시,합덕읍,,,충청남도 당진시 중교길 20,0.0,238,48,14.0,0.78
