[강경읍],27781,1,강경클래시움,2008.11.,270.0,26.78,88.56,19.79,65.43,105,,,,,,,,,3,2,계단식,88,15.0,15.0,https://new.land.naver.com/complexes/27781?tab=detail&rf=Y,충청남도 논산시 강경읍 황산리 14-9,충청남도,논산시,강경읍,,,충청남도 논산시 금백로 74,0.0,190,20,320.0,1.19
[강경읍],27781,2,강경클래시움,2008.11.,270.0,33.17,109.68,25.67,84.86,105,,,,,,,,,3,2,계단식,109A,15.0,15.0,https://new.land.naver.com/complexes/27781?tab=detail&rf=Y,충청남도 논산시 강경읍 황산리 14-9,충청남도,논산시,강경읍,,,충청남도 논산시 금백로 74,0.0,190,20,320.0,1.19
[강경읍],27781,3,강경클래시움,2008.11.,270.0,33.21,109.79,25.7,84.96,15,,,,,,,,,3,2,계단식,109B,15.0,15.0,https://new.land.naver.com/complexes/27781?tab=detail&rf=Y,충청남도 논산시 강경읍 황산리 14-9,충청남도,논산시,강경읍,,,충청남도 논산시 금백로 74,0.0,190,20,320.0,1.19
[강경읍],27781,4,강경클래시움,2008.11.,270.0,45.69,151.06,36.56,120.87,30,,,,,,,,,4,2,계단식,151,15.0,15.0,https://new.land.naver.com/complexes/27781?tab=detail&rf=Y,충청남도 논산시 강경읍 황산리 14-9,충청남도,논산시,강경읍,,,충청남도 논산시 금백로 74,0.0,190,20,320.0,1.19
[강경읍],27781,5,강경클래시움,2008.11.,270.0,49.65,164.16,39.78,131.53,15,,,,,,,,,4,2,계단식,164,15.0,15.0,https://new.land.naver.com/complexes/27781?tab=detail&rf=Y,충청남도 논산시 강경읍 황산리 14-9,충청남도,논산시,강경읍,,,충청남도 논산시 금백로 74,0.0,190,20,320.0,1.19
[강경읍],105219,1,미주,1991.05.,190.0,22.41,74.11,18.09,59.83,80,,,,,,,,,2,1,복도식,74,5.0,5.0,https://new.land.naver.com/complexes/105219?tab=detail&rf=Y,충청남도 논산시 강경읍 255-3,충청남도,논산시,강경읍,,,충청남도 논산시 잣디길 13-2,0.0,0,0,0.0,0.0
[강경읍],105219,2,미주,1991.05.,190.0,26.41,87.32,22.01,72.78,40,,,,,,,,,3,1,복도식,87,5.0,5.0,https://new.land.naver.com/complexes/105219?tab=detail&rf=Y,충청남도 논산시 강경읍 255-3,충청남도,논산시,강경읍,,,충청남도 논산시 잣디길 13-2,0.0,0,0,0.0,0.0
[강경읍],105219,3,미주,1991.05.,190.0,29.41,97.23,24.42,80.73,40,,,,,,,,,3,1,복도식,97A,5.0,5.0,https://new.land.naver.com/complexes/105219?tab=detail&rf=Y,충청남도 논산시 강경읍 255-3,충청남도,논산시,강경읍,,,충청남도 논산시 잣디길 13-2,0.0,0,0,0.0,0.0
[강경읍],105219,4,미주,1991.05.,190.0,29.42,97.26,24.7,81.66,10,,,,,,,,,3,1,복도식,97B,5.0,5.0,https://new.land.naver.com/complexes/105219?tab=detail&rf=Y,충청남도 논산시 강경읍 255-3,충청남도,논산시,강경읍,,,충청남도 논산시 잣디길 13-2,0.0,0,0,0.0,0.0
[강경읍],105219,5,미주,1991.05.,190.0,30.82,101.89,25.66,84.84,20,,,,,,,,,3,1,복도식,101,5.0,5.0,https://new.land.naver.com/complexes/105219?tab=detail&rf=Y,충청남도 논산시 강경읍 255-3,충청남도,논산시,강경읍,,,충청남도 논산시 잣디길 13-2,0.0,0,0,0.0,0.0
[강경읍],116457,1,대교,1991.12.,16.0,28.83,95.32,23.54,77.83,16,,,,,,,,,3,2,복도식,95,5.0,5.0,https://new.land.naver.com/complexes/116457?tab=detail&rf=Y,충청남도 논산시 강경읍 황산리 34-3,충청남도,논산시,강경읍,,,충청남도 논산시 황산길 4,0.0,0,0,0.0,0.0
[강경읍],15213,1,보성리버맨션,1993.07.,180.0,24.93,82.43,18.02,59.59,90,,,,,,,,,2,1,복도식,82,15.0,15.0,https://new.land.naver.com/complexes/15213?tab=detail&rf=Y,충청남도 논산시 강경읍 황산리 11-2,충청남도,논산시,강경읍,,,충청남도 논산시 옥녀봉로27번길 52,0.0,0,0,95.0,0.53
[강경읍],15213,2,보성리버맨션,1993.07.,180.0,31.89,105.44,25.7,84.99,90,,,,,,,,,3,2,계단식,105,15.0,15.0,https://new.land.naver.com/complexes/15213?tab=detail&rf=Y,충청남도 논산시 강경읍 황산리 11-2,충청남도,논산시,강경읍,,,충청남도 논산시 옥녀봉로27번길 52,0.0,0,0,95.0,0.53
[강경읍],113598,1,제일(도시형),2015.07.,29.0,27.02,89.33,23.35,77.21,5,,,,,,,,,3,2,계단식,89A,6.0,5.0,https://new.land.naver.com/complexes/113598?tab=detail&rf=Y,충청남도 논산시 강경읍 대흥리 29-124,충청남도,논산시,강경읍,,,충청남도 논산시 계백로140번길 11,0.0,201,42,35.0,1.21
[강경읍],113598,2,제일(도시형),2015.07.,29.0,27.22,89.99,23.83,78.78,4,,,,,,,,,3,2,계단식,89B,6.0,5.0,https://new.land.naver.com/complexes/113598?tab=detail&rf=Y,충청남도 논산시 강경읍 대흥리 29-124,충청남도,논산시,강경읍,,,충청남도 논산시 계백로140번길 11,0.0,201,42,35.0,1.21
[강경읍],113598,3,제일(도시형),2015.07.,29.0,29.02,95.96,25.41,84.01,5,,,,,,,,,3,2,계단식,95C,6.0,5.0,https://new.land.naver.com/complexes/113598?tab=detail&rf=Y,충청남도 논산시 강경읍 대흥리 29-124,충청남도,논산시,강경읍,,,충청남도 논산시 계백로140번길 11,0.0,201,42,35.0,1.21
[강경읍],113598,4,제일(도시형),2015.07.,29.0,29.09,96.18,25.14,83.13,5,,,,,,,,,3,2,계단식,96A,6.0,5.0,https://new.land.naver.com/complexes/113598?tab=detail&rf=Y,충청남도 논산시 강경읍 대흥리 29-124,충청남도,논산시,강경읍,,,충청남도 논산시 계백로140번길 11,0.0,201,42,35.0,1.21
[강경읍],113598,5,제일(도시형),2015.07.,29.0,29.28,96.8,25.31,83.67,5,,,,,,,,,3,2,계단식,96B,6.0,5.0,https://new.land.naver.com/complexes/113598?tab=detail&rf=Y,충청남도 논산시 강경읍 대흥리 29-124,충청남도,논산시,강경읍,,,충청남도 논산시 계백로140번길 11,0.0,201,42,35.0,1.21
[강경읍],113598,6,제일(도시형),2015.07.,29.0,29.17,96.44,25.54,84.43,5,,,,,,,,,3,2,계단식,96D,6.0,5.0,https://new.land.naver.com/complexes/113598?tab=detail&rf=Y,충청남도 논산시 강경읍 대흥리 29-124,충청남도,논산시,강경읍,,,충청남도 논산시 계백로140번길 11,0.0,201,42,35.0,1.21
[강경읍],15211,1,백조,1991.12.,84.0,24.96,82.53,23.22,76.77,30,,,,,,,,,3,1,계단식,82A,6.0,6.0,https://new.land.naver.com/complexes/15211?tab=detail&rf=Y,충청남도 논산시 강경읍 동흥리 100-1,충청남도,논산시,강경읍,,,충청남도 논산시 금백로 165,0.0,0,0,0.0,0.0
[강경읍],15211,2,백조,1991.12.,84.0,25.39,83.95,23.65,78.21,6,,,,,,,,,3,1,계단식,83B,6.0,6.0,https://new.land.naver.com/complexes/15211?tab=detail&rf=Y,충청남도 논산시 강경읍 동흥리 100-1,충청남도,논산시,강경읍,,,충청남도 논산시 금백로 165,0.0,0,0,0.0,0.0
[강경읍],15211,3,백조,1991.12.,84.0,26.19,86.61,24.31,80.37,42,,,,,,,,,3,1,계단식,86,6.0,6.0,https://new.land.naver.com/complexes/15211?tab=detail&rf=Y,충청남도 논산시 강경읍 동흥리 100-1,충청남도,논산시,강경읍,,,충청남도 논산시 금백로 165,0.0,0,0,0.0,0.0
[강경읍],15211,4,백조,1991.12.,84.0,26.74,88.41,24.85,82.17,6,,,,,,,,,3,1,계단식,88,6.0,6.0,https://new.land.naver.com/complexes/15211?tab=detail&rf=Y,충청남도 논산시 강경읍 동흥리 100-1,충청남도,논산시,강경읍,,,충청남도 논산시 금백로 165,0.0,0,0,0.0,0.0
[강경읍],140854,1,일군스위트클래스강경,2023.08.,425.0,24.97,82.57,18.1,59.84,129,,,,,,,,,3,2,계단식,82A,20.0,16.0,https://new.land.naver.com/complexes/140854?tab=detail&rf=Y,충청남도 논산시 강경읍 27번지 외 26필지,충청남도,논산시,강경읍,,,충청남도 논산시,425.0,0,0,0.0,0.0
[강경읍],140854,2,일군스위트클래스강경,2023.08.,425.0,25.01,82.7,18.14,59.98,79,,,,,,,,,3,2,계단식,82B,20.0,16.0,https://new.land.naver.com/complexes/140854?tab=detail&rf=Y,충청남도 논산시 강경읍 27번지 외 26필지,충청남도,논산시,강경읍,,,충청남도 논산시,425.0,0,0,0.0,0.0
[강경읍],140854,3,일군스위트클래스강경,2023.08.,425.0,34.91,115.41,25.6,84.63,141,,,,,,,,,3,2,계단식,115A,20.0,16.0,https://new.land.naver.com/complexes/140854?tab=detail&rf=Y,충청남도 논산시 강경읍 27번지 외 26필지,충청남도,논산시,강경읍,,,충청남도 논산시,425.0,0,0,0.0,0.0
[강경읍],140854,4,일군스위트클래스강경,2023.08.,425.0,35.21,116.42,25.67,84.88,76,,,,,,,,,3,2,계단식,116B,20.0,16.0,https://new.land.naver.com/complexes/140854?tab=detail&rf=Y,충청남도 논산시 강경읍 27번지 외 26필지,충청남도,논산시,강경읍,,,충청남도 논산시,425.0,0,0,0.0,0.0
[강경읍],123117,1,현대,1991.01.,42.0,26.49,87.59,22.45,74.22,37,,,,,,,,,3,2,계단식,87,6.0,6.0,https://new.land.naver.com/complexes/123117?tab=detail&rf=Y,충청남도 논산시 강경읍 홍교리 113,충청남도,논산시,강경읍,,,충청남도 논산시 계백로219번길 22,0.0,0,0,0.0,0.0
[강경읍],123117,2,현대,1991.01.,42.0,28.23,93.35,22.45,74.22,5,,,,,,,,,3,2,계단식,93,6.0,6.0,https://new.land.naver.com/complexes/123117?tab=detail&rf=Y,충청남도 논산시 강경읍 홍교리 113,충청남도,논산시,강경읍,,,충청남도 논산시 계백로219번길 22,0.0,0,0,0.0,0.0
[강경읍],125617,1,무궁화,1987.06.,32.0,18.62,61.56,16.98,56.16,16,,,,,,,,,3,2,계단식,61,5.0,4.0,https://new.land.naver.com/complexes/125617?tab=detail&rf=Y,충청남도 논산시 강경읍 대흥리 21-5,충청남도,논산시,강경읍,,,충청남도 논산시 계백로140번길 9-1,0.0,0,0,0.0,0.0
[강경읍],125617,2,무궁화,1987.06.,32.0,21.81,72.12,20.07,66.36,16,,,,,,,,,3,2,계단식,72,5.0,4.0,https://new.land.naver.com/complexes/125617?tab=detail&rf=Y,충청남도 논산시 강경읍 대흥리 21-5,충청남도,논산시,강경읍,,,충청남도 논산시 계백로140번길 9-1,0.0,0,0,0.0,0.0
[강경읍],106915,1,금강빌리지,2001.07.,564.0,17.36,57.41,11.97,39.6,284,,,,,,,,,2,1,계단식,57,15.0,11.0,https://new.land.naver.com/complexes/106915?tab=detail&rf=Y,충청남도 논산시 강경읍 산양리 249-2,충청남도,논산시,강경읍,,,충청남도 논산시 동안로 96,280.0,180,17,406.0,0.72
[강산동],26153,1,논산강산한신청솔,2000.12.,490.0,23.98,79.29,18.1,59.85,490,,,,,,,,,2,1,복도식,79,15.0,15.0,https://new.land.naver.com/complexes/26153?tab=detail&rf=Y,충청남도 논산시 강산동 698,충청남도,논산시,강산동,,,충청남도 논산시 논산대로 269-19,0.0,166,16,399.0,0.81
[강산동],108682,1,부영,1996.01.,1281.0,16.36,54.09,12.05,39.84,123,,,,,,,,,2,1,복도식,54,15.0,10.0,https://new.land.naver.com/complexes/108682?tab=detail&rf=Y,충청남도 논산시 강산동 643,충청남도,논산시,강산동,,,충청남도 논산시 시민로307번길 28,45.0,1,20,856.0,0.67
[강산동],108682,2,부영,1996.01.,1281.0,19.95,65.98,14.7,48.6,586,,,,,,,,,3,1,복도식,65,15.0,10.0,https://new.land.naver.com/complexes/108682?tab=detail&rf=Y,충청남도 논산시 강산동 643,충청남도,논산시,강산동,,,충청남도 논산시 시민로307번길 28,45.0,1,20,856.0,0.67
[강산동],108682,3,부영,1996.01.,1281.0,24.41,80.7,17.98,59.44,527,,,,,,,,,3,1,복도식,80,15.0,10.0,https://new.land.naver.com/complexes/108682?tab=detail&rf=Y,충청남도 논산시 강산동 643,충청남도,논산시,강산동,,,충청남도 논산시 시민로307번길 28,45.0,1,20,856.0,0.67
[강산동],6842,1,동신,1995.12.,373.0,25.18,83.27,19.93,65.91,103,,,,,,,,,3,1,계단식,83,15.0,12.0,https://new.land.naver.com/complexes/6842?tab=detail&rf=Y,충청남도 논산시 강산동 645,충청남도,논산시,강산동,,,충청남도 논산시 시민로307번길 19,0.0,205,20,297.0,0.8
[강산동],6842,2,동신,1995.12.,373.0,29.48,97.48,23.51,77.72,270,,,,,,,,,3,2,계단식,97,15.0,12.0,https://new.land.naver.com/complexes/6842?tab=detail&rf=Y,충청남도 논산시 강산동 645,충청남도,논산시,강산동,,,충청남도 논산시 시민로307번길 19,0.0,205,20,297.0,0.8
[내동],111919,1,모닝빌2차,2014.10.,127.0,27.22,89.99,21.19,70.05,16,,,,,,,,,3,2,계단식,89,15.0,13.0,https://new.land.naver.com/complexes/111919?tab=detail&rf=Y,충청남도 논산시 내동 1262,충청남도,논산시,내동,,,충청남도 논산시 체육로 13,0.0,214,24,158.0,1.24
[내동],111919,2,모닝빌2차,2014.10.,127.0,30.45,100.68,23.87,78.91,25,,,,,,,,,3,2,계단식,100,15.0,13.0,https://new.land.naver.com/complexes/111919?tab=detail&rf=Y,충청남도 논산시 내동 1262,충청남도,논산시,내동,,,충청남도 논산시 체육로 13,0.0,214,24,158.0,1.24
[내동],111919,3,모닝빌2차,2014.10.,127.0,31.96,105.68,25.08,82.91,86,,,,,,,,,3,2,계단식,105,15.0,13.0,https://new.land.naver.com/complexes/111919?tab=detail&rf=Y,충청남도 논산시 내동 1262,충청남도,논산시,내동,,,충청남도 논산시 체육로 13,0.0,214,24,158.0,1.24
[내동],6848,1,동신,1993.11.,288.0,32.86,108.65,26.92,89.0,216,,,,,,,,,3,2,계단식,108,12.0,12.0,https://new.land.naver.com/complexes/6848?tab=detail&rf=Y,충청남도 논산시 내동 535,충청남도,논산시,내동,,,충청남도 논산시 체육로 48-6,0.0,205,24,214.0,0.74
[내동],6848,2,동신,1993.11.,288.0,37.2,123.0,30.77,101.75,72,,,,,,,,,4,2,계단식,123,12.0,12.0,https://new.land.naver.com/complexes/6848?tab=detail&rf=Y,충청남도 논산시 내동 535,충청남도,논산시,내동,,,충청남도 논산시 체육로 48-6,0.0,205,24,214.0,0.74
[내동],119468,1,LH논산내동1단지,2015.11.,538.0,21.82,72.15,15.68,51.84,12,,,,,,,,,3,1,계단식,72A,19.0,17.0,https://new.land.naver.com/complexes/119468?tab=detail&rf=Y,충청남도 논산시 내동 1108,충청남도,논산시,내동,,,충청남도 논산시 시민로132번길 10,495.0,169,18,451.0,0.84
[내동],119468,2,LH논산내동1단지,2015.11.,538.0,21.84,72.21,15.69,51.88,5,,,,,,,,,3,1,계단식,72B,19.0,17.0,https://new.land.naver.com/complexes/119468?tab=detail&rf=Y,충청남도 논산시 내동 1108,충청남도,논산시,내동,,,충청남도 논산시 시민로132번길 10,495.0,169,18,451.0,0.84
[내동],119468,3,LH논산내동1단지,2015.11.,538.0,25.02,82.73,17.98,59.44,26,,,,,,,,,3,2,계단식,82,19.0,17.0,https://new.land.naver.com/complexes/119468?tab=detail&rf=Y,충청남도 논산시 내동 1108,충청남도,논산시,내동,,,충청남도 논산시 시민로132번길 10,495.0,169,18,451.0,0.84
[내동],115926,1,힐스테이트자이논산,2019.01.,770.0,29.57,97.77,22.58,74.65,201,,,,,,,,,3,2,계단식,97A,19.0,17.0,https://new.land.naver.com/complexes/115926?tab=detail&rf=Y,충청남도 논산시 내동 1105,충청남도,논산시,내동,,,충청남도 논산시 시민로132번길 7,0.0,205,0,1020.0,1.32
[내동],115926,2,힐스테이트자이논산,2019.01.,770.0,33.35,110.25,25.56,84.51,372,,,,,,,,,3,2,계단식,110A,19.0,17.0,https://new.land.naver.com/complexes/115926?tab=detail&rf=Y,충청남도 논산시 내동 1105,충청남도,논산시,내동,,,충청남도 논산시 시민로132번길 7,0.0,205,0,1020.0,1.32
[내동],115926,3,힐스테이트자이논산,2019.01.,770.0,33.53,110.86,25.56,84.52,126,,,,,,,,,3,2,계단식,110B,19.0,17.0,https://new.land.naver.com/complexes/115926?tab=detail&rf=Y,충청남도 논산시 내동 1105,충청남도,논산시,내동,,,충청남도 논산시 시민로132번길 7,0.0,205,0,1020.0,1.32
[내동],115926,4,힐스테이트자이논산,2019.01.,770.0,33.72,111.48,25.59,84.6,71,,,,,,,,,3,2,계단식,111C,19.0,17.0,https://new.land.naver.com/complexes/115926?tab=detail&rf=Y,충청남도 논산시 내동 1105,충청남도,논산시,내동,,,충청남도 논산시 시민로132번길 7,0.0,205,0,1020.0,1.32
[내동],6849,1,아주,1994.10.,384.0,22.08,73.01,16.69,55.2,96,,,,,,,,,2,1,계단식,73,12.0,12.0,https://new.land.naver.com/complexes/6849?tab=detail&rf=Y,충청남도 논산시 내동 968,충청남도,논산시,내동,,,충청남도 논산시 체육로 18,0.0,215,26,151.0,0.39
[내동],6849,2,아주,1994.10.,384.0,23.61,78.05,18.1,59.85,288,,,,,,,,,3,1,계단식,78,12.0,12.0,https://new.land.naver.com/complexes/6849?tab=detail&rf=Y,충청남도 논산시 내동 968,충청남도,논산시,내동,,,충청남도 논산시 체육로 18,0.0,215,26,151.0,0.39
[내동],26995,1,논산제이파크1단지,2003.09.,484.0,31.24,103.3,25.7,84.97,442,,,,,,,,,3,2,계단식,103B,15.0,7.0,https://new.land.naver.com/complexes/26995?tab=detail&rf=Y,충청남도 논산시 내동 272,충청남도,논산시,내동,,,충청남도 논산시 시민로258번길 9,0.0,249,23,491.0,1.01
[내동],26995,2,논산제이파크1단지,2003.09.,484.0,31.4,103.81,25.63,84.76,42,,,,,,,,,3,2,계단식,103A,15.0,7.0,https://new.land.naver.com/complexes/26995?tab=detail&rf=Y,충청남도 논산시 내동 272,충청남도,논산시,내동,,,충청남도 논산시 시민로258번길 9,0.0,249,23,491.0,1.01
[내동],104522,1,논산제이파크2단지,2003.09.,466.0,31.04,102.64,25.7,84.97,457,,,,,,,,,3,2,계단식,102B,15.0,9.0,https://new.land.naver.com/complexes/104522?tab=detail&rf=Y,충청남도 논산시 내동 272-7,충청남도,논산시,내동,,,충청남도 논산시 시민로258번길 10,0.0,216,21,475.0,1.02
[내동],104522,2,논산제이파크2단지,2003.09.,466.0,31.19,103.11,25.63,84.76,9,,,,,,,,,3,2,계단식,103A,15.0,9.0,https://new.land.naver.com/complexes/104522?tab=detail&rf=Y,충청남도 논산시 내동 272-7,충청남도,논산시,내동,,,충청남도 논산시 시민로258번길 10,0.0,216,21,475.0,1.02
[내동],6845,1,놀뫼타운,1994.11.,672.0,22.52,74.46,16.57,54.78,384,,,,,,,,,2,1,복도식,74,12.0,12.0,https://new.land.naver.com/complexes/6845?tab=detail&rf=Y,충청남도 논산시 내동 969,충청남도,논산시,내동,,,충청남도 논산시 체육로 30,0.0,0,0,0.0,0.0
[내동],6845,2,놀뫼타운,1994.11.,672.0,32.2,106.46,25.7,84.98,288,,,,,,,,,3,2,계단식,106,12.0,12.0,https://new.land.naver.com/complexes/6845?tab=detail&rf=Y,충청남도 논산시 내동 969,충청남도,논산시,내동,,,충청남도 논산시 체육로 30,0.0,0,0,0.0,0.0
[내동],107114,1,LH리벤하임,2014.12.,860.0,20.85,68.95,15.68,51.84,146,,,,,,,,,2,1,계단식,68A,19.0,15.0,https://new.land.naver.com/complexes/107114?tab=detail&rf=Y,충청남도 논산시 내동 1113,충청남도,논산시,내동,,,충청남도 논산시 대학로65번길 46,0.0,184,16,909.0,1.06
[내동],107114,2,LH리벤하임,2014.12.,860.0,24.06,79.54,18.08,59.8,140,,,,,,,,,3,1,계단식,79A,19.0,15.0,https://new.land.naver.com/complexes/107114?tab=detail&rf=Y,충청남도 논산시 내동 1113,충청남도,논산시,내동,,,충청남도 논산시 대학로65번길 46,0.0,184,16,909.0,1.06
[내동],107114,3,LH리벤하임,2014.12.,860.0,24.07,79.58,18.09,59.83,74,,,,,,,,,3,1,계단식,79B,19.0,15.0,https://new.land.naver.com/complexes/107114?tab=detail&rf=Y,충청남도 논산시 내동 1113,충청남도,논산시,내동,,,충청남도 논산시 대학로65번길 46,0.0,184,16,909.0,1.06
[내동],107114,4,LH리벤하임,2014.12.,860.0,30.08,99.46,22.61,74.77,236,,,,,,,,,3,2,계단식,99A,19.0,15.0,https://new.land.naver.com/complexes/107114?tab=detail&rf=Y,충청남도 논산시 내동 1113,충청남도,논산시,내동,,,충청남도 논산시 대학로65번길 46,0.0,184,16,909.0,1.06
[내동],107114,5,LH리벤하임,2014.12.,860.0,34.03,112.52,25.58,84.59,264,,,,,,,,,3,2,계단식,112A,19.0,15.0,https://new.land.naver.com/complexes/107114?tab=detail&rf=Y,충청남도 논산시 내동 1113,충청남도,논산시,내동,,,충청남도 논산시 대학로65번길 46,0.0,184,16,909.0,1.06
[대교동],109395,1,논산인터불고코아루,2016.11.,280.0,28.31,93.59,21.76,71.95,103,,,,,,,,,3,2,계단식,93A,20.0,18.0,https://new.land.naver.com/complexes/109395?tab=detail&rf=Y,충청남도 논산시 대교동 340,충청남도,논산시,대교동,,,충청남도 논산시 대화로119번길 11,0.0,249,21,315.0,1.12
[대교동],109395,2,논산인터불고코아루,2016.11.,280.0,28.47,94.12,21.77,71.99,17,,,,,,,,,3,2,계단식,94B,20.0,18.0,https://new.land.naver.com/complexes/109395?tab=detail&rf=Y,충청남도 논산시 대교동 340,충청남도,논산시,대교동,,,충청남도 논산시 대화로119번길 11,0.0,249,21,315.0,1.12
[대교동],109395,3,논산인터불고코아루,2016.11.,280.0,28.73,95.0,21.76,71.96,36,,,,,,,,,3,2,계단식,95C,20.0,18.0,https://new.land.naver.com/complexes/109395?tab=detail&rf=Y,충청남도 논산시 대교동 340,충청남도,논산시,대교동,,,충청남도 논산시 대화로119번길 11,0.0,249,21,315.0,1.12
[대교동],109395,4,논산인터불고코아루,2016.11.,280.0,33.49,110.72,25.7,84.99,108,,,,,,,,,3,2,계단식,110A,20.0,18.0,https://new.land.naver.com/complexes/109395?tab=detail&rf=Y,충청남도 논산시 대교동 340,충청남도,논산시,대교동,,,충청남도 논산시 대화로119번길 11,0.0,249,21,315.0,1.12
[대교동],109395,5,논산인터불고코아루,2016.11.,280.0,33.56,110.95,25.7,84.96,16,,,,,,,,,3,2,계단식,110B,20.0,18.0,https://new.land.naver.com/complexes/109395?tab=detail&rf=Y,충청남도 논산시 대교동 340,충청남도,논산시,대교동,,,충청남도 논산시 대화로119번길 11,0.0,249,21,315.0,1.12
[대교동],107334,1,논산대교코아루,2015.10.,318.0,24.27,80.24,18.1,59.86,133,,,,,,,,,3,2,계단식,80B,20.0,15.0,https://new.land.naver.com/complexes/107334?tab=detail&rf=Y,충청남도 논산시 대교동 336,충청남도,논산시,대교동,,,충청남도 논산시 대화로133번길 13,0.0,223,20,318.0,1.0
[대교동],107334,2,논산대교코아루,2015.10.,318.0,24.23,80.12,18.13,59.95,39,,,,,,,,,3,2,계단식,80A,20.0,15.0,https://new.land.naver.com/complexes/107334?tab=detail&rf=Y,충청남도 논산시 대교동 336,충청남도,논산시,대교동,,,충청남도 논산시 대화로133번길 13,0.0,223,20,318.0,1.0
[대교동],107334,3,논산대교코아루,2015.10.,318.0,24.34,80.48,18.13,59.96,30,,,,,,,,,3,2,계단식,80C,20.0,15.0,https://new.land.naver.com/complexes/107334?tab=detail&rf=Y,충청남도 논산시 대교동 336,충청남도,논산시,대교동,,,충청남도 논산시 대화로133번길 13,0.0,223,20,318.0,1.0
[대교동],107334,4,논산대교코아루,2015.10.,318.0,32.75,108.27,24.77,81.89,116,,,,,,,,,3,2,계단식,108,20.0,15.0,https://new.land.naver.com/complexes/107334?tab=detail&rf=Y,충청남도 논산시 대교동 336,충청남도,논산시,대교동,,,충청남도 논산시 대화로133번길 13,0.0,223,20,318.0,1.0
[대교동],135424,1,부성마미안,2012.06.,24.0,26.75,88.46,22.99,76.01,6,,,,,,,,,3,2,계단식,88,5.0,5.0,https://new.land.naver.com/complexes/135424?tab=detail&rf=Y,충청남도 논산시 대교동 237-15,충청남도,논산시,대교동,,,충청남도 논산시 해월로211번길 14-6,0.0,189,58,30.0,1.25
[대교동],135424,2,부성마미안,2012.06.,24.0,29.32,96.95,25.19,83.3,18,,,,,,,,,3,2,계단식,96,5.0,5.0,https://new.land.naver.com/complexes/135424?tab=detail&rf=Y,충청남도 논산시 대교동 237-15,충청남도,논산시,대교동,,,충청남도 논산시 해월로211번길 14-6,0.0,189,58,30.0,1.25
[대교동],127662,1,두산,1990.09.,72.0,20.27,67.01,15.82,52.31,48,,,,,,,,,3,1,계단식,67,6.0,6.0,https://new.land.naver.com/complexes/127662?tab=detail&rf=Y,충청남도 논산시 대교동 240,충청남도,논산시,대교동,,,충청남도 논산시 대화로96번길 21,0.0,0,0,0.0,0.0
[대교동],127662,2,두산,1990.09.,72.0,28.7,94.88,23.13,76.47,24,,,,,,,,,3,2,계단식,94,6.0,6.0,https://new.land.naver.com/complexes/127662?tab=detail&rf=Y,충청남도 논산시 대교동 240,충청남도,논산시,대교동,,,충청남도 논산시 대화로96번길 21,0.0,0,0,0.0,0.0
[대교동],132612,1,알칸스빌(도시형),2016.03.,50.0,11.65,38.52,8.13,26.9,40,,,,,,,,,2,1,계단식,38,6.0,6.0,https://new.land.naver.com/complexes/132612?tab=detail&rf=Y,충청남도 논산시 대교동 98-6,충청남도,논산시,대교동,,,충청남도 논산시 강변로 352,0.0,195,45,35.0,0.7
[대교동],132612,2,알칸스빌(도시형),2016.03.,50.0,15.72,51.97,11.14,36.84,10,,,,,,,,,3,2,계단식,51,6.0,6.0,https://new.land.naver.com/complexes/132612?tab=detail&rf=Y,충청남도 논산시 대교동 98-6,충청남도,논산시,대교동,,,충청남도 논산시 강변로 352,0.0,195,45,35.0,0.7
[반월동],117209,1,리츠빌,2006.01.,18.0,33.53,110.85,23.1,76.37,1,,,,,,,,,3,2,계단식,110,10.0,10.0,https://new.land.naver.com/complexes/117209?tab=detail&rf=Y,충청남도 논산시 반월동 144-4,충청남도,논산시,반월동,,,충청남도 논산시 해월로 137,0.0,203,26,18.0,1.0
[반월동],117209,2,리츠빌,2006.01.,18.0,36.38,120.29,25.67,84.89,17,,,,,,,,,3,2,계단식,120,10.0,10.0,https://new.land.naver.com/complexes/117209?tab=detail&rf=Y,충청남도 논산시 반월동 144-4,충청남도,논산시,반월동,,,충청남도 논산시 해월로 137,0.0,203,26,18.0,1.0
[반월동],25706,1,한청리츠빌,2002.12.,116.0,23.48,77.63,18.05,59.7,56,,,,,,,,,3,1,계단식,77,15.0,14.0,https://new.land.naver.com/complexes/25706?tab=detail&rf=Y,충청남도 논산시 반월동 173-3,충청남도,논산시,반월동,,,충청남도 논산시 해월로 137,0.0,198,18,115.0,0.99
[반월동],25706,2,한청리츠빌,2002.12.,116.0,32.15,106.31,25.48,84.25,60,,,,,,,,,3,2,계단식,106,15.0,14.0,https://new.land.naver.com/complexes/25706?tab=detail&rf=Y,충청남도 논산시 반월동 173-3,충청남도,논산시,반월동,,,충청남도 논산시 해월로 137,0.0,198,18,115.0,0.99
[반월동],127015,1,솔리움,2013.04.,19.0,26.86,88.82,23.38,77.31,7,,,,,,,,,3,2,계단식,88,8.0,6.0,https://new.land.naver.com/complexes/127015?tab=detail&rf=Y,충청남도 논산시 반월동 170-4,충청남도,논산시,반월동,,,충청남도 논산시 해월로143번길 5,0.0,235,43,23.0,1.21
[반월동],127015,2,솔리움,2013.04.,19.0,28.81,95.24,25.02,82.74,1,,,,,,,,,3,2,계단식,95,8.0,6.0,https://new.land.naver.com/complexes/127015?tab=detail&rf=Y,충청남도 논산시 반월동 170-4,충청남도,논산시,반월동,,,충청남도 논산시 해월로143번길 5,0.0,235,43,23.0,1.21
[반월동],127015,3,솔리움,2013.04.,19.0,29.59,97.83,25.7,84.99,6,,,,,,,,,3,2,계단식,97B,8.0,6.0,https://new.land.naver.com/complexes/127015?tab=detail&rf=Y,충청남도 논산시 반월동 170-4,충청남도,논산시,반월동,,,충청남도 논산시 해월로143번길 5,0.0,235,43,23.0,1.21
[반월동],127015,4,솔리움,2013.04.,19.0,29.53,97.65,25.67,84.89,5,,,,,,,,,3,2,계단식,97A,8.0,6.0,https://new.land.naver.com/complexes/127015?tab=detail&rf=Y,충청남도 논산시 반월동 170-4,충청남도,논산시,반월동,,,충청남도 논산시 해월로143번길 5,0.0,235,43,23.0,1.21
[반월동],107714,1,논산휴드림(도시형),2013.11.,81.0,12.41,41.05,8.74,28.92,30,,,,,,,,,1,1,복도식,41,12.0,11.0,https://new.land.naver.com/complexes/107714?tab=detail&rf=Y,충청남도 논산시 반월동 120-2,충청남도,논산시,반월동,,,충청남도 논산시 중앙로 448,0.0,526,73,44.0,0.54
[반월동],107714,2,논산휴드림(도시형),2013.11.,81.0,12.57,41.56,8.85,29.26,30,,,,,,,,,2,1,복도식,41B,12.0,11.0,https://new.land.naver.com/complexes/107714?tab=detail&rf=Y,충청남도 논산시 반월동 120-2,충청남도,논산시,반월동,,,충청남도 논산시 중앙로 448,0.0,526,73,44.0,0.54
[반월동],107714,3,논산휴드림(도시형),2013.11.,81.0,12.93,42.75,8.79,29.09,20,,,,,,,,,2,1,복도식,42A,12.0,11.0,https://new.land.naver.com/complexes/107714?tab=detail&rf=Y,충청남도 논산시 반월동 120-2,충청남도,논산시,반월동,,,충청남도 논산시 중앙로 448,0.0,526,73,44.0,0.54
[반월동],107714,4,논산휴드림(도시형),2013.11.,81.0,25.28,83.58,17.72,58.61,1,,,,,,,,,2,1,복도식,83,12.0,11.0,https://new.land.naver.com/complexes/107714?tab=detail&rf=Y,충청남도 논산시 반월동 120-2,충청남도,논산시,반월동,,,충청남도 논산시 중앙로 448,0.0,526,73,44.0,0.54
[부창동],121426,1,홈테크,1991.10.,66.0,13.09,43.29,11.2,37.05,48,,,,,,,,,1,1,계단식,43,6.0,6.0,https://new.land.naver.com/complexes/121426?tab=detail&rf=Y,충청남도 논산시 부창동 140-1,충청남도,논산시,부창동,,,충청남도 논산시 계백로886번길 16,0.0,0,0,0.0,0.0
[부창동],121426,2,홈테크,1991.10.,66.0,14.22,47.01,12.07,39.91,5,,,,,,,,,1,1,계단식,47A,6.0,6.0,https://new.land.naver.com/complexes/121426?tab=detail&rf=Y,충청남도 논산시 부창동 140-1,충청남도,논산시,부창동,,,충청남도 논산시 계백로886번길 16,0.0,0,0,0.0,0.0
[부창동],121426,3,홈테크,1991.10.,66.0,14.42,47.7,12.28,40.6,1,,,,,,,,,1,1,계단식,47B,6.0,6.0,https://new.land.naver.com/complexes/121426?tab=detail&rf=Y,충청남도 논산시 부창동 140-1,충청남도,논산시,부창동,,,충청남도 논산시 계백로886번길 16,0.0,0,0,0.0,0.0
[부창동],121426,4,홈테크,1991.10.,66.0,15.03,49.7,12.88,42.6,6,,,,,,,,,1,1,계단식,49A,6.0,6.0,https://new.land.naver.com/complexes/121426?tab=detail&rf=Y,충청남도 논산시 부창동 140-1,충청남도,논산시,부창동,,,충청남도 논산시 계백로886번길 16,0.0,0,0,0.0,0.0
[부창동],121426,5,홈테크,1991.10.,66.0,15.1,49.93,12.95,42.83,6,,,,,,,,,1,1,계단식,49B,6.0,6.0,https://new.land.naver.com/complexes/121426?tab=detail&rf=Y,충청남도 논산시 부창동 140-1,충청남도,논산시,부창동,,,충청남도 논산시 계백로886번길 16,0.0,0,0,0.0,0.0
[부창동],13794,1,대림,1997.02.,694.0,23.74,78.49,18.11,59.88,386,,,,,,,,,3,1,계단식,78,22.0,17.0,https://new.land.naver.com/complexes/13794?tab=detail&rf=Y,충청남도 논산시 부창동 209-4,충청남도,논산시,부창동,,,충청남도 논산시 대림길 7,0.0,282,18,459.0,0.66
[부창동],13794,2,대림,1997.02.,694.0,31.95,105.62,25.7,84.97,176,,,,,,,,,3,2,계단식,105B,22.0,17.0,https://new.land.naver.com/complexes/13794?tab=detail&rf=Y,충청남도 논산시 부창동 209-4,충청남도,논산시,부창동,,,충청남도 논산시 대림길 7,0.0,282,18,459.0,0.66
[부창동],13794,3,대림,1997.02.,694.0,31.9,105.47,25.65,84.82,22,,,,,,,,,3,2,계단식,105A,22.0,17.0,https://new.land.naver.com/complexes/13794?tab=detail&rf=Y,충청남도 논산시 부창동 209-4,충청남도,논산시,부창동,,,충청남도 논산시 대림길 7,0.0,282,18,459.0,0.66
[부창동],13794,4,대림,1997.02.,694.0,31.95,105.64,25.7,84.99,22,,,,,,,,,3,2,계단식,105C,22.0,17.0,https://new.land.naver.com/complexes/13794?tab=detail&rf=Y,충청남도 논산시 부창동 209-4,충청남도,논산시,부창동,,,충청남도 논산시 대림길 7,0.0,282,18,459.0,0.66
[부창동],13794,5,대림,1997.02.,694.0,38.11,125.99,30.84,101.98,44,,,,,,,,,3,2,계단식,125,22.0,17.0,https://new.land.naver.com/complexes/13794?tab=detail&rf=Y,충청남도 논산시 부창동 209-4,충청남도,논산시,부창동,,,충청남도 논산시 대림길 7,0.0,282,18,459.0,0.66
[부창동],13794,6,대림,1997.02.,694.0,46.2,152.76,38.89,128.58,44,,,,,,,,,4,2,계단식,152,22.0,17.0,https://new.land.naver.com/complexes/13794?tab=detail&rf=Y,충청남도 논산시 부창동 209-4,충청남도,논산시,부창동,,,충청남도 논산시 대림길 7,0.0,282,18,459.0,0.66
[부창동],140856,1,무림,1989.01.,80.0,17.26,57.08,17.26,57.08,2,,,,,,,,,2,1,계단식,57,5.0,5.0,https://new.land.naver.com/complexes/140856?tab=detail&rf=Y,충청남도 논산시 부창동 355-7,충청남도,논산시,부창동,,,충청남도 논산시 해월로9번길 3-6,0.0,0,0,0.0,0.0
[부창동],140856,2,무림,1989.01.,80.0,18.9,62.48,17.26,57.08,77,,,,,,,,,2,1,계단식,62A,5.0,5.0,https://new.land.naver.com/complexes/140856?tab=detail&rf=Y,충청남도 논산시 부창동 355-7,충청남도,논산시,부창동,,,충청남도 논산시 해월로9번길 3-6,0.0,0,0,0.0,0.0
[부창동],140856,3,무림,1989.01.,80.0,19.08,63.08,17.44,57.68,1,,,,,,,,,2,1,계단식,63B,5.0,5.0,https://new.land.naver.com/complexes/140856?tab=detail&rf=Y,충청남도 논산시 부창동 355-7,충청남도,논산시,부창동,,,충청남도 논산시 해월로9번길 3-6,0.0,0,0,0.0,0.0
[부창동],104587,1,모닝빌,2012.04.,210.0,29.73,98.29,23.55,77.87,90,,,,,,,,,3,2,계단식,98,15.0,15.0,https://new.land.naver.com/complexes/104587?tab=detail&rf=Y,충청남도 논산시 부창동 66-2,충청남도,논산시,부창동,,,충청남도 논산시 부창로 69-5,0.0,244,21,234.0,1.11
[부창동],104587,2,모닝빌,2012.04.,210.0,31.58,104.42,24.24,80.16,30,,,,,,,,,3,2,계단식,104B,15.0,15.0,https://new.land.naver.com/complexes/104587?tab=detail&rf=Y,충청남도 논산시 부창동 66-2,충청남도,논산시,부창동,,,충청남도 논산시 부창로 69-5,0.0,244,21,234.0,1.11
[부창동],104587,3,모닝빌,2012.04.,210.0,31.88,105.42,25.68,84.9,60,,,,,,,,,3,2,계단식,105A,15.0,15.0,https://new.land.naver.com/complexes/104587?tab=detail&rf=Y,충청남도 논산시 부창동 66-2,충청남도,논산시,부창동,,,충청남도 논산시 부창로 69-5,0.0,244,21,234.0,1.11
[부창동],104587,4,모닝빌,2012.04.,210.0,33.09,109.41,25.69,84.94,30,,,,,,,,,3,2,계단식,109,15.0,15.0,https://new.land.naver.com/complexes/104587?tab=detail&rf=Y,충청남도 논산시 부창동 66-2,충청남도,논산시,부창동,,,충청남도 논산시 부창로 69-5,0.0,244,21,234.0,1.11
[부창동],6867,1,주공,1989.08.,300.0,13.77,45.54,12.0,39.69,120,,,,,,,,,2,1,계단식,45,5.0,5.0,https://new.land.naver.com/complexes/6867?tab=detail&rf=Y,충청남도 논산시 부창동 274-43,충청남도,논산시,부창동,,,충청남도 논산시 해월로 63-4,0.0,0,0,0.0,0.0
[부창동],6867,2,주공,1989.08.,300.0,13.65,45.15,11.88,39.3,100,,,,,,,,,2,1,복도식,45,5.0,5.0,https://new.land.naver.com/complexes/6867?tab=detail&rf=Y,충청남도 논산시 부창동 274-43,충청남도,논산시,부창동,,,충청남도 논산시 해월로 63-4,0.0,0,0,0.0,0.0
[부창동],6867,3,주공,1989.08.,300.0,15.99,52.86,14.22,47.01,40,,,,,,,,,2,1,복도식,52,5.0,5.0,https://new.land.naver.com/complexes/6867?tab=detail&rf=Y,충청남도 논산시 부창동 274-43,충청남도,논산시,부창동,,,충청남도 논산시 해월로 63-4,0.0,0,0,0.0,0.0
[부창동],6867,4,주공,1989.08.,300.0,15.89,52.53,14.12,46.68,40,,,,,,,,,2,1,계단식,52,5.0,5.0,https://new.land.naver.com/complexes/6867?tab=detail&rf=Y,충청남도 논산시 부창동 274-43,충청남도,논산시,부창동,,,충청남도 논산시 해월로 63-4,0.0,0,0,0.0,0.0
[연무읍],113095,1,연무골든팰리스2차,2018.07.,153.0,24.59,81.32,18.65,61.66,38,,,,,,,,,3,2,계단식,81,20.0,18.0,https://new.land.naver.com/complexes/113095?tab=detail&rf=Y,충청남도 논산시 연무읍 안심리 1201,충청남도,논산시,연무읍,,,충청남도 논산시 안심로 150-22,0.0,242,19,186.0,1.22
[연무읍],113095,2,연무골든팰리스2차,2018.07.,153.0,27.07,89.51,20.71,68.47,40,,,,,,,,,3,2,계단식,89,20.0,18.0,https://new.land.naver.com/complexes/113095?tab=detail&rf=Y,충청남도 논산시 연무읍 안심리 1201,충청남도,논산시,연무읍,,,충청남도 논산시 안심로 150-22,0.0,242,19,186.0,1.22
[연무읍],113095,3,연무골든팰리스2차,2018.07.,153.0,29.43,97.31,22.53,74.48,38,,,,,,,,,3,2,계단식,97,20.0,18.0,https://new.land.naver.com/complexes/113095?tab=detail&rf=Y,충청남도 논산시 연무읍 안심리 1201,충청남도,논산시,연무읍,,,충청남도 논산시 안심로 150-22,0.0,242,19,186.0,1.22
[연무읍],113095,4,연무골든팰리스2차,2018.07.,153.0,33.35,110.26,25.43,84.07,37,,,,,,,,,3,2,계단식,110,20.0,18.0,https://new.land.naver.com/complexes/113095?tab=detail&rf=Y,충청남도 논산시 연무읍 안심리 1201,충청남도,논산시,연무읍,,,충청남도 논산시 안심로 150-22,0.0,242,19,186.0,1.22
[연무읍],142357,1,해동,1984.12.,62.0,18.21,60.21,16.29,53.86,32,,,,,,,,,3,1,계단식,60,4.0,1.0,https://new.land.naver.com/complexes/142357?tab=detail&rf=Y,충청남도 논산시 연무읍 안심리 77-36,충청남도,논산시,연무읍,,,충청남도 논산시 연무로166번길 74-10,0.0,0,0,0.0,0.0
[연무읍],142357,2,해동,1984.12.,62.0,21.15,69.93,19.23,63.58,30,,,,,,,,,3,1,계단식,69,4.0,1.0,https://new.land.naver.com/complexes/142357?tab=detail&rf=Y,충청남도 논산시 연무읍 안심리 77-36,충청남도,논산시,연무읍,,,충청남도 논산시 연무로166번길 74-10,0.0,0,0,0.0,0.0
[연무읍],109762,1,논산월야,1998.07.,276.0,17.41,57.58,12.42,41.06,34,,,,,,,,,2,1,계단식,57,10.0,10.0,https://new.land.naver.com/complexes/109762?tab=detail&rf=Y,충청남도 논산시 연무읍 안심리 1065-34,충청남도,논산시,연무읍,,,충청남도 논산시 안심로 250,126.0,149,19,129.0,0.47
[연무읍],109762,2,논산월야,1998.07.,276.0,25.38,83.93,18.1,59.85,76,,,,,,,,,3,2,계단식,83B,10.0,10.0,https://new.land.naver.com/complexes/109762?tab=detail&rf=Y,충청남도 논산시 연무읍 안심리 1065-34,충청남도,논산시,연무읍,,,충청남도 논산시 안심로 250,126.0,149,19,129.0,0.47
[연무읍],109762,3,논산월야,1998.07.,276.0,25.31,83.68,18.05,59.67,40,,,,,,,,,3,2,계단식,83A,10.0,10.0,https://new.land.naver.com/complexes/109762?tab=detail&rf=Y,충청남도 논산시 연무읍 안심리 1065-34,충청남도,논산시,연무읍,,,충청남도 논산시 안심로 250,126.0,149,19,129.0,0.47
[연무읍],15216,1,기산,1997.05.,360.0,21.45,70.93,17.94,59.32,18,,,,,,,,,2,1,계단식,70,19.0,17.0,https://new.land.naver.com/complexes/15216?tab=detail&rf=Y,충청남도 논산시 연무읍 동산리 903-17,충청남도,논산시,연무읍,,,충청남도 논산시 동안로 868,0.0,387,26,0.0,0.0
[연무읍],15216,2,기산,1997.05.,360.0,21.62,71.48,17.39,57.52,108,,,,,,,,,3,1,계단식,71,19.0,17.0,https://new.land.naver.com/complexes/15216?tab=detail&rf=Y,충청남도 논산시 연무읍 동산리 903-17,충청남도,논산시,연무읍,,,충청남도 논산시 동안로 868,0.0,387,26,0.0,0.0
[연무읍],15216,3,기산,1997.05.,360.0,29.93,98.95,25.66,84.84,180,,,,,,,,,3,2,계단식,98,19.0,17.0,https://new.land.naver.com/complexes/15216?tab=detail&rf=Y,충청남도 논산시 연무읍 동산리 903-17,충청남도,논산시,연무읍,,,충청남도 논산시 동안로 868,0.0,387,26,0.0,0.0
[연무읍],15216,4,기산,1997.05.,360.0,30.68,101.44,25.66,84.84,18,,,,,,,,,3,2,계단식,101,19.0,17.0,https://new.land.naver.com/complexes/15216?tab=detail&rf=Y,충청남도 논산시 연무읍 동산리 903-17,충청남도,논산시,연무읍,,,충청남도 논산시 동안로 868,0.0,387,26,0.0,0.0
[연무읍],15216,5,기산,1997.05.,360.0,43.99,145.43,39.16,129.47,36,,,,,,,,,4,2,계단식,145,19.0,17.0,https://new.land.naver.com/complexes/15216?tab=detail&rf=Y,충청남도 논산시 연무읍 동산리 903-17,충청남도,논산시,연무읍,,,충청남도 논산시 동안로 868,0.0,387,26,0.0,0.0
[연무읍],112939,1,연무골든팰리스,2017.09.,176.0,26.48,87.54,20.57,68.02,66,,,,,,,,,3,1,계단식,87,19.0,17.0,https://new.land.naver.com/complexes/112939?tab=detail&rf=Y,충청남도 논산시 연무읍 동산리 1019,충청남도,논산시,연무읍,,,충청남도 논산시 안심로 150-22,0.0,253,20,212.0,1.2
[연무읍],112939,2,연무골든팰리스,2017.09.,176.0,28.81,95.27,22.46,74.27,37,,,,,,,,,3,2,계단식,95,19.0,17.0,https://new.land.naver.com/complexes/112939?tab=detail&rf=Y,충청남도 논산시 연무읍 동산리 1019,충청남도,논산시,연무읍,,,충청남도 논산시 안심로 150-22,0.0,253,20,212.0,1.2
[연무읍],112939,3,연무골든팰리스,2017.09.,176.0,28.81,95.27,22.46,74.27,1,,,,,,,,,3,2,계단식,95A,19.0,17.0,https://new.land.naver.com/complexes/112939?tab=detail&rf=Y,충청남도 논산시 연무읍 동산리 1019,충청남도,논산시,연무읍,,,충청남도 논산시 안심로 150-22,0.0,253,20,212.0,1.2
[연무읍],112939,4,연무골든팰리스,2017.09.,176.0,32.54,107.58,25.45,84.15,72,,,,,,,,,3,2,계단식,107B,19.0,17.0,https://new.land.naver.com/complexes/112939?tab=detail&rf=Y,충청남도 논산시 연무읍 동산리 1019,충청남도,논산시,연무읍,,,충청남도 논산시 안심로 150-22,0.0,253,20,212.0,1.2
[연무읍],139323,1,한솔리슈빌(도시형),2016.10.,16.0,20.92,69.17,17.82,58.92,8,,,,,,,,,3,1,계단식,69,4.0,4.0,https://new.land.naver.com/complexes/139323?tab=detail&rf=Y,충청남도 논산시 연무읍 동산리 875-5,충청남도,논산시,연무읍,,,충청남도 논산시 동안로887번길 14,0.0,56,19,26.0,1.62
[연무읍],139323,2,한솔리슈빌(도시형),2016.10.,16.0,21.68,71.69,17.82,58.92,8,,,,,,,,,3,1,계단식,71,4.0,4.0,https://new.land.naver.com/complexes/139323?tab=detail&rf=Y,충청남도 논산시 연무읍 동산리 875-5,충청남도,논산시,연무읍,,,충청남도 논산시 동안로887번길 14,0.0,56,19,26.0,1.62
[연무읍],118054,1,모던팰리스(도시형),2017.03.,70.0,21.03,69.53,14.69,48.59,36,,,,,,,,,1,1,복도식,69B,10.0,9.0,https://new.land.naver.com/complexes/118054?tab=detail&rf=Y,충청남도 논산시 연무읍 안심리 19,충청남도,논산시,연무읍,,,충청남도 논산시 연무로166번길 25,0.0,174,24,70.0,1.0
[연무읍],118054,2,모던팰리스(도시형),2017.03.,70.0,21.24,70.23,14.65,48.44,26,,,,,,,,,1,1,계단식,70A,10.0,9.0,https://new.land.naver.com/complexes/118054?tab=detail&rf=Y,충청남도 논산시 연무읍 안심리 19,충청남도,논산시,연무읍,,,충청남도 논산시 연무로166번길 25,0.0,174,24,70.0,1.0
[연무읍],118054,3,모던팰리스(도시형),2017.03.,70.0,21.92,72.48,15.08,49.88,8,,,,,,,,,1,1,계단식,72,10.0,9.0,https://new.land.naver.com/complexes/118054?tab=detail&rf=Y,충청남도 논산시 연무읍 안심리 19,충청남도,논산시,연무읍,,,충청남도 논산시 연무로166번길 25,0.0,174,24,70.0,1.0
[연무읍],118112,1,대화,1993.05.,96.0,20.82,68.83,17.86,59.07,36,,,,,,,,,3,2,계단식,68,12.0,12.0,https://new.land.naver.com/complexes/118112?tab=detail&rf=Y,충청남도 논산시 연무읍 동산리 883-2,충청남도,논산시,연무읍,,,충청남도 논산시 동안로888번길 15,0.0,201,22,49.0,0.51
[연무읍],118112,2,대화,1993.05.,96.0,28.6,94.57,25.65,84.81,60,,,,,,,,,3,2,계단식,94,12.0,12.0,https://new.land.naver.com/complexes/118112?tab=detail&rf=Y,충청남도 논산시 연무읍 동산리 883-2,충청남도,논산시,연무읍,,,충청남도 논산시 동안로888번길 15,0.0,201,22,49.0,0.51
[연산면],136466,1,연산렉스톤,2005.06.,49.0,29.06,96.07,22.53,74.49,49,,,,,,,,,3,2,계단식,96,15.0,11.0,https://new.land.naver.com/complexes/136466?tab=detail&rf=Y,충청남도 논산시 연산면 연산리 156,충청남도,논산시,연산면,,,충청남도 논산시 황산벌로 1486,0.0,247,48,26.0,0.53
[취암동],15217,1,대우,1985.12.,102.0,19.32,63.9,17.69,58.5,102,,,,,,,,,3,1,계단식,63,3.0,3.0,https://new.land.naver.com/complexes/15217?tab=detail&rf=Y,충청남도 논산시 취암동 103-10,충청남도,논산시,취암동,,,충청남도 논산시 중앙로 278,0.0,0,0,0.0,0.0
[취암동],26154,1,주공,2002.08.,408.0,20.71,68.48,13.97,46.2,320,,,,,,,,,2,1,계단식,68,15.0,13.0,https://new.land.naver.com/complexes/26154?tab=detail&rf=Y,충청남도 논산시 취암동 80,충청남도,논산시,취암동,,,충청남도 논산시 중앙로260번길 59-5,0.0,150,15,411.0,1.01
[취암동],26154,2,주공,2002.08.,408.0,22.33,73.82,15.06,49.8,28,,,,,,,,,2,1,계단식,73,15.0,13.0,https://new.land.naver.com/complexes/26154?tab=detail&rf=Y,충청남도 논산시 취암동 80,충청남도,논산시,취암동,,,충청남도 논산시 중앙로260번길 59-5,0.0,150,15,411.0,1.01
[취암동],26154,3,주공,2002.08.,408.0,26.74,88.4,18.04,59.64,60,,,,,,,,,3,1,계단식,88,15.0,13.0,https://new.land.naver.com/complexes/26154?tab=detail&rf=Y,충청남도 논산시 취암동 80,충청남도,논산시,취암동,,,충청남도 논산시 중앙로260번길 59-5,0.0,150,15,411.0,1.01
[취암동],125392,1,논산골든타워,2021.12.,202.0,30.96,102.37,23.21,76.75,64,,,,,,,,,3,2,계단식,102,27.0,27.0,https://new.land.naver.com/complexes/125392?tab=detail&rf=Y,충청남도 논산시 취암동 103-1번지 외 11필지,충청남도,논산시,취암동,,,충청남도 논산시,0.0,494,69,257.0,1.27
[취암동],125392,2,논산골든타워,2021.12.,202.0,33.9,112.08,25.53,84.4,22,,,,,,,,,3,2,계단식,112A,27.0,27.0,https://new.land.naver.com/complexes/125392?tab=detail&rf=Y,충청남도 논산시 취암동 103-1번지 외 11필지,충청남도,논산시,취암동,,,충청남도 논산시,0.0,494,69,257.0,1.27
[취암동],125392,3,논산골든타워,2021.12.,202.0,34.23,113.16,25.66,84.84,68,,,,,,,,,3,2,계단식,113B,27.0,27.0,https://new.land.naver.com/complexes/125392?tab=detail&rf=Y,충청남도 논산시 취암동 103-1번지 외 11필지,충청남도,논산시,취암동,,,충청남도 논산시,0.0,494,69,257.0,1.27
[취암동],125392,4,논산골든타워,2021.12.,202.0,38.64,127.74,29.38,97.13,23,,,,,,,,,3,2,계단식,127,27.0,27.0,https://new.land.naver.com/complexes/125392?tab=detail&rf=Y,충청남도 논산시 취암동 103-1번지 외 11필지,충청남도,논산시,취암동,,,충청남도 논산시,0.0,494,69,257.0,1.27
[취암동],125392,5,논산골든타워,2021.12.,202.0,42.58,140.78,32.64,107.91,23,,,,,,,,,4,2,계단식,140,27.0,27.0,https://new.land.naver.com/complexes/125392?tab=detail&rf=Y,충청남도 논산시 취암동 103-1번지 외 11필지,충청남도,논산시,취암동,,,충청남도 논산시,0.0,494,69,257.0,1.27
[취암동],125392,6,논산골든타워,2021.12.,202.0,58.03,191.84,43.33,143.26,1,,,,,,,,,5,3,계단식,191,27.0,27.0,https://new.land.naver.com/complexes/125392?tab=detail&rf=Y,충청남도 논산시 취암동 103-1번지 외 11필지,충청남도,논산시,취암동,,,충청남도 논산시,0.0,494,69,257.0,1.27
[취암동],125392,7,논산골든타워,2021.12.,202.0,63.3,209.28,47.56,157.24,1,,,,,,,,,5,3,계단식,209,27.0,27.0,https://new.land.naver.com/complexes/125392?tab=detail&rf=Y,충청남도 논산시 취암동 103-1번지 외 11필지,충청남도,논산시,취암동,,,충청남도 논산시,0.0,494,69,257.0,1.27
[취암동],26177,1,취암리슈빌,2007.05.,480.0,35.07,115.95,25.66,84.85,252,,,,,,,,,3,2,계단식,115A,15.0,15.0,https://new.land.naver.com/complexes/26177?tab=detail&rf=Y,충청남도 논산시 취암동 1081,충청남도,논산시,취암동,,,충청남도 논산시 번영로29번길 10,0.0,229,18,639.0,1.33
[취암동],26177,2,취암리슈빌,2007.05.,480.0,35.07,115.96,25.67,84.88,18,,,,,,,,,3,2,계단식,115B,15.0,15.0,https://new.land.naver.com/complexes/26177?tab=detail&rf=Y,충청남도 논산시 취암동 1081,충청남도,논산시,취암동,,,충청남도 논산시 번영로29번길 10,0.0,229,18,639.0,1.33
[취암동],26177,3,취암리슈빌,2007.05.,480.0,39.48,130.52,30.83,101.95,120,,,,,,,,,3,2,계단식,130,15.0,15.0,https://new.land.naver.com/complexes/26177?tab=detail&rf=Y,충청남도 논산시 취암동 1081,충청남도,논산시,취암동,,,충청남도 논산시 번영로29번길 10,0.0,229,18,639.0,1.33
[취암동],26177,4,취암리슈빌,2007.05.,480.0,47.05,155.56,37.57,124.22,60,,,,,,,,,4,2,계단식,155,15.0,15.0,https://new.land.naver.com/complexes/26177?tab=detail&rf=Y,충청남도 논산시 취암동 1081,충청남도,논산시,취암동,,,충청남도 논산시 번영로29번길 10,0.0,229,18,639.0,1.33
[취암동],26177,5,취암리슈빌,2007.05.,480.0,54.38,179.79,43.23,142.94,30,,,,,,,,,4,2,계단식,179,15.0,15.0,https://new.land.naver.com/complexes/26177?tab=detail&rf=Y,충청남도 논산시 취암동 1081,충청남도,논산시,취암동,,,충청남도 논산시 번영로29번길 10,0.0,229,18,639.0,1.33
[취암동],127849,1,화지산,1980.10.,36.0,21.14,69.89,15.25,50.43,17,,,,,,,,,2,1,계단식,69,3.0,3.0,https://new.land.naver.com/complexes/127849?tab=detail&rf=Y,충청남도 논산시 취암동 1046-5,충청남도,논산시,취암동,,,충청남도 논산시 중앙로 428,0.0,0,0,0.0,0.0
[취암동],127849,2,화지산,1980.10.,36.0,23.72,78.44,17.25,57.03,19,,,,,,,,,3,1,복도식,78,3.0,3.0,https://new.land.naver.com/complexes/127849?tab=detail&rf=Y,충청남도 논산시 취암동 1046-5,충청남도,논산시,취암동,,,충청남도 논산시 중앙로 428,0.0,0,0,0.0,0.0
[취암동],15218,1,대화,1990.12.,94.0,17.7,58.53,15.17,50.15,2,,,,,,,,,2,1,복도식,58,10.0,8.0,https://new.land.naver.com/complexes/15218?tab=detail&rf=Y,충청남도 논산시 취암동 312,충청남도,논산시,취암동,,,충청남도 논산시 관촉로251번길 28,0.0,0,0,0.0,0.0
[취암동],15218,2,대화,1990.12.,94.0,31.94,105.61,25.65,84.81,76,,,,,,,,,3,2,계단식,105,10.0,8.0,https://new.land.naver.com/complexes/15218?tab=detail&rf=Y,충청남도 논산시 취암동 312,충청남도,논산시,취암동,,,충청남도 논산시 관촉로251번길 28,0.0,0,0,0.0,0.0
[취암동],15218,3,대화,1990.12.,94.0,41.85,138.35,36.24,119.81,2,,,,,,,,,3,2,계단식,138,10.0,8.0,https://new.land.naver.com/complexes/15218?tab=detail&rf=Y,충청남도 논산시 취암동 312,충청남도,논산시,취암동,,,충청남도 논산시 관촉로251번길 28,0.0,0,0,0.0,0.0
[취암동],15218,4,대화,1990.12.,94.0,47.03,155.5,41.08,135.83,14,,,,,,,,,3,2,계단식,155,10.0,8.0,https://new.land.naver.com/complexes/15218?tab=detail&rf=Y,충청남도 논산시 취암동 312,충청남도,논산시,취암동,,,충청남도 논산시 관촉로251번길 28,0.0,0,0,0.0,0.0
[취암동],108218,1,세중세미클래식,2000.09.,184.0,16.12,53.3,10.97,36.29,184,,,,,,,,,2,1,복도식,53,15.0,14.0,https://new.land.naver.com/complexes/108218?tab=detail&rf=Y,충청남도 논산시 취암동 79,충청남도,논산시,취암동,,,충청남도 논산시 체육로 39,0.0,304,25,139.0,0.76
[취암동],142563,1,남양,1984.12.,40.0,24.42,80.73,22.37,73.98,40,,,,,,,,,3,1,계단식,80,6.0,6.0,https://new.land.naver.com/complexes/142563?tab=detail&rf=Y,충청남도 논산시 취암동 460-8,충청남도,논산시,취암동,,,충청남도 논산시 시민로 318,0.0,0,0,0.0,0.0
[취암동],116011,1,취암모닝빌,2016.05.,157.0,25.0,82.65,18.14,59.97,73,,,,,,,,,3,2,계단식,82A,14.0,10.0,https://new.land.naver.com/complexes/116011?tab=detail&rf=Y,충청남도 논산시 취암동 1103,충청남도,논산시,취암동,,,충청남도 논산시 중앙로 281-6,0.0,247,32,163.0,1.04
[취암동],116011,2,취암모닝빌,2016.05.,157.0,25.21,83.36,18.14,59.99,12,,,,,,,,,3,2,계단식,83D,14.0,10.0,https://new.land.naver.com/complexes/116011?tab=detail&rf=Y,충청남도 논산시 취암동 1103,충청남도,논산시,취암동,,,충청남도 논산시 중앙로 281-6,0.0,247,32,163.0,1.04
[취암동],116011,3,취암모닝빌,2016.05.,157.0,25.12,83.06,18.14,59.99,10,,,,,,,,,3,2,계단식,83C,14.0,10.0,https://new.land.naver.com/complexes/116011?tab=detail&rf=Y,충청남도 논산시 취암동 1103,충청남도,논산시,취암동,,,충청남도 논산시 중앙로 281-6,0.0,247,32,163.0,1.04
[취암동],116011,4,취암모닝빌,2016.05.,157.0,25.18,83.24,18.14,59.97,9,,,,,,,,,3,2,계단식,83B,14.0,10.0,https://new.land.naver.com/complexes/116011?tab=detail&rf=Y,충청남도 논산시 취암동 1103,충청남도,논산시,취암동,,,충청남도 논산시 중앙로 281-6,0.0,247,32,163.0,1.04
[취암동],116011,5,취암모닝빌,2016.05.,157.0,25.57,84.53,18.14,59.99,2,,,,,,,,,3,2,계단식,84,14.0,10.0,https://new.land.naver.com/complexes/116011?tab=detail&rf=Y,충청남도 논산시 취암동 1103,충청남도,논산시,취암동,,,충청남도 논산시 중앙로 281-6,0.0,247,32,163.0,1.04
[취암동],116011,6,취암모닝빌,2016.05.,157.0,33.04,109.25,25.7,84.99,48,,,,,,,,,3,2,계단식,109,14.0,10.0,https://new.land.naver.com/complexes/116011?tab=detail&rf=Y,충청남도 논산시 취암동 1103,충청남도,논산시,취암동,,,충청남도 논산시 중앙로 281-6,0.0,247,32,163.0,1.04
[취암동],116011,7,취암모닝빌,2016.05.,157.0,33.55,110.93,25.7,84.99,2,,,,,,,,,3,2,계단식,110B,14.0,10.0,https://new.land.naver.com/complexes/116011?tab=detail&rf=Y,충청남도 논산시 취암동 1103,충청남도,논산시,취암동,,,충청남도 논산시 중앙로 281-6,0.0,247,32,163.0,1.04
[취암동],116011,8,취암모닝빌,2016.05.,157.0,33.51,110.8,25.7,84.97,1,,,,,,,,,3,2,계단식,110A,14.0,10.0,https://new.land.naver.com/complexes/116011?tab=detail&rf=Y,충청남도 논산시 취암동 1103,충청남도,논산시,취암동,,,충청남도 논산시 중앙로 281-6,0.0,247,32,163.0,1.04
[취암동],123311,1,금화,2012.12.,28.0,21.93,72.52,18.13,59.95,21,,,,,,,,,3,1,계단식,72B,9.0,9.0,https://new.land.naver.com/complexes/123311?tab=detail&rf=Y,충청남도 논산시 취암동 1055-4,충청남도,논산시,취암동,,,충청남도 논산시 중앙로410번길 17,0.0,371,52,24.0,0.86
[취암동],123311,2,금화,2012.12.,28.0,21.89,72.39,18.11,59.87,7,,,,,,,,,3,1,계단식,72A,9.0,9.0,https://new.land.naver.com/complexes/123311?tab=detail&rf=Y,충청남도 논산시 취암동 1055-4,충청남도,논산시,취암동,,,충청남도 논산시 중앙로410번길 17,0.0,371,52,24.0,0.86
[취암동],26152,1,세중참사랑,2002.03.,90.0,34.02,112.47,25.67,84.87,90,,,,,,,,,3,2,계단식,112,15.0,15.0,https://new.land.naver.com/complexes/26152?tab=detail&rf=Y,충청남도 논산시 취암동 83-1,충청남도,논산시,취암동,,,충청남도 논산시 중앙로 266,0.0,231,19,90.0,1.0
[취암동],14081,1,부국,1991.03.,95.0,29.45,97.37,23.83,78.79,5,,,,,,,,,3,2,계단식,97,15.0,9.0,https://new.land.naver.com/complexes/14081?tab=detail&rf=Y,충청남도 논산시 취암동 565,충청남도,논산시,취암동,,,충청남도 논산시 중앙로397번길 6,0.0,257,23,39.0,0.41
[취암동],14081,2,부국,1991.03.,95.0,31.12,102.9,25.14,83.11,17,,,,,,,,,3,2,계단식,102B,15.0,9.0,https://new.land.naver.com/complexes/14081?tab=detail&rf=Y,충청남도 논산시 취암동 565,충청남도,논산시,취암동,,,충청남도 논산시 중앙로397번길 6,0.0,257,23,39.0,0.41
[취암동],14081,3,부국,1991.03.,95.0,30.89,102.12,24.95,82.49,10,,,,,,,,,3,2,계단식,102A,15.0,9.0,https://new.land.naver.com/complexes/14081?tab=detail&rf=Y,충청남도 논산시 취암동 565,충청남도,논산시,취암동,,,충청남도 논산시 중앙로397번길 6,0.0,257,23,39.0,0.41
[취암동],14081,4,부국,1991.03.,95.0,32.56,107.65,26.26,86.81,8,,,,,,,,,3,2,계단식,107,15.0,9.0,https://new.land.naver.com/complexes/14081?tab=detail&rf=Y,충청남도 논산시 취암동 565,충청남도,논산시,취암동,,,충청남도 논산시 중앙로397번길 6,0.0,257,23,39.0,0.41
[취암동],14081,5,부국,1991.03.,95.0,35.0,115.73,28.16,93.1,16,,,,,,,,,3,2,계단식,115,15.0,9.0,https://new.land.naver.com/complexes/14081?tab=detail&rf=Y,충청남도 논산시 취암동 565,충청남도,논산시,취암동,,,충청남도 논산시 중앙로397번길 6,0.0,257,23,39.0,0.41
[취암동],14081,6,부국,1991.03.,95.0,36.68,121.27,29.46,97.42,9,,,,,,,,,3,2,계단식,121,15.0,9.0,https://new.land.naver.com/complexes/14081?tab=detail&rf=Y,충청남도 논산시 취암동 565,충청남도,논산시,취암동,,,충청남도 논산시 중앙로397번길 6,0.0,257,23,39.0,0.41
[취암동],14081,7,부국,1991.03.,95.0,44.16,146.0,35.28,116.64,2,,,,,,,,,4,2,계단식,146,15.0,9.0,https://new.land.naver.com/complexes/14081?tab=detail&rf=Y,충청남도 논산시 취암동 565,충청남도,논산시,취암동,,,충청남도 논산시 중앙로397번길 6,0.0,257,23,39.0,0.41
[취암동],14081,8,부국,1991.03.,95.0,45.71,151.13,36.5,120.69,28,,,,,,,,,4,2,계단식,151,15.0,9.0,https://new.land.naver.com/complexes/14081?tab=detail&rf=Y,충청남도 논산시 취암동 565,충청남도,논산시,취암동,,,충청남도 논산시 중앙로397번길 6,0.0,257,23,39.0,0.41
[화지동],11755,1,조흥로즈빌,2002.07.,296.0,24.26,80.23,18.04,59.65,100,,,,,,,,,3,2,계단식,80,18.0,8.0,https://new.land.naver.com/complexes/11755?tab=detail&rf=Y,충청남도 논산시 화지동 16,충청남도,논산시,화지동,,,충청남도 논산시 해월로259번길 14,0.0,223,20,265.0,0.9
[화지동],11755,2,조흥로즈빌,2002.07.,296.0,34.51,114.1,25.66,84.83,196,,,,,,,,,3,2,계단식,114,18.0,8.0,https://new.land.naver.com/complexes/11755?tab=detail&rf=Y,충청남도 논산시 화지동 16,충청남도,논산시,화지동,,,충청남도 논산시 해월로259번길 14,0.0,223,20,265.0,0.9
[화지동],22101,1,화지오성대,2001.06.,18.0,25.75,85.15,23.37,77.27,5,,,,,,,,,3,2,복도식,85A,5.0,4.0,https://new.land.naver.com/complexes/22101?tab=detail&rf=Y,충청남도 논산시 화지동 24-27,충청남도,논산시,화지동,,,충청남도 논산시 해월로249번길 5,0.0,101,24,13.0,0.72
[화지동],22101,2,화지오성대,2001.06.,18.0,26.38,87.22,23.94,79.15,9,,,,,,,,,3,2,복도식,87B,5.0,4.0,https://new.land.naver.com/complexes/22101?tab=detail&rf=Y,충청남도 논산시 화지동 24-27,충청남도,논산시,화지동,,,충청남도 논산시 해월로249번길 5,0.0,101,24,13.0,0.72
[화지동],22101,3,화지오성대,2001.06.,18.0,28.75,95.07,26.21,86.66,4,,,,,,,,,3,2,계단식,95,5.0,4.0,https://new.land.naver.com/complexes/22101?tab=detail&rf=Y,충청남도 논산시 화지동 24-27,충청남도,논산시,화지동,,,충청남도 논산시 해월로249번길 5,0.0,101,24,13.0,0.72
[화지동],115320,1,논산수린나,2018.03.,307.0,33.76,111.62,25.7,84.99,307,,,,,,,,,3,2,계단식,111,20.0,20.0,https://new.land.naver.com/complexes/115320?tab=detail&rf=Y,충청남도 논산시 화지동 831,충청남도,논산시,화지동,,,충청남도 논산시 해월로 281,0.0,233,19,373.0,1.21
