[교동],6259,1,로얄골든,1989.11.,40.0,23.12,76.43,17.8,58.86,20,,,,,,,,,2,1,계단식,76A,5.0,5.0,https://new.land.naver.com/complexes/6259?tab=detail&rf=Y,강원도 속초시 교동 767-36,강원도,속초시,교동,,,강원도 속초시 만천4길 27,0.0,0,0,0.0,0.0
[교동],6259,2,로얄골든,1989.11.,40.0,23.41,77.42,18.1,59.85,20,,,,,,,,,2,1,계단식,77B,5.0,5.0,https://new.land.naver.com/complexes/6259?tab=detail&rf=Y,강원도 속초시 교동 767-36,강원도,속초시,교동,,,강원도 속초시 만천4길 27,0.0,0,0,0.0,0.0
[교동],6188,1,대명늘푸른,2000.09.,817.0,15.87,52.48,12.04,39.83,144,,,,,,,,,2,1,복도식,52,15.0,12.0,https://new.land.naver.com/complexes/6188?tab=detail&rf=Y,강원도 속초시 교동 783,강원도,속초시,교동,,,강원도 속초시 미시령로3337번길 7,0.0,258,22,674.0,0.82
[교동],6188,2,대명늘푸른,2000.09.,817.0,17.26,57.08,12.9,42.66,2,,,,,,,,,2,1,복도식,57,15.0,12.0,https://new.land.naver.com/complexes/6188?tab=detail&rf=Y,강원도 속초시 교동 783,강원도,속초시,교동,,,강원도 속초시 미시령로3337번길 7,0.0,258,22,674.0,0.82
[교동],6188,3,대명늘푸른,2000.09.,817.0,23.89,78.99,18.13,59.95,491,,,,,,,,,3,1,복도식,78,15.0,12.0,https://new.land.naver.com/complexes/6188?tab=detail&rf=Y,강원도 속초시 교동 783,강원도,속초시,교동,,,강원도 속초시 미시령로3337번길 7,0.0,258,22,674.0,0.82
[교동],6188,4,대명늘푸른,2000.09.,817.0,33.71,111.46,25.59,84.6,180,,,,,,,,,3,2,계단식,111,15.0,12.0,https://new.land.naver.com/complexes/6188?tab=detail&rf=Y,강원도 속초시 교동 783,강원도,속초시,교동,,,강원도 속초시 미시령로3337번길 7,0.0,258,22,674.0,0.82
[교동],19362,1,명지미래힐,2006.08.,377.0,33.17,109.67,25.68,84.92,319,,,,,,,,,3,2,계단식,109,19.0,13.0,https://new.land.naver.com/complexes/19362?tab=detail&rf=Y,강원도 속초시 교동 1027,강원도,속초시,교동,,,강원도 속초시 미시령로3337번길 20,0.0,220,20,397.0,1.05
[교동],19362,2,명지미래힐,2006.08.,377.0,45.96,151.95,35.71,118.05,58,,,,,,,,,4,2,계단식,151,19.0,13.0,https://new.land.naver.com/complexes/19362?tab=detail&rf=Y,강원도 속초시 교동 1027,강원도,속초시,교동,,,강원도 속초시 미시령로3337번길 20,0.0,220,20,397.0,1.05
[교동],27452,1,옥토,1997.12.,93.0,23.89,78.99,17.99,59.49,3,,,,,,,,,3,1,계단식,78A,18.0,8.0,https://new.land.naver.com/complexes/27452?tab=detail&rf=Y,강원도 속초시 교동 781-42,강원도,속초시,교동,,,강원도 속초시 미시령로 3373-4,0.0,226,20,77.0,0.83
[교동],27452,2,옥토,1997.12.,93.0,23.99,79.33,18.07,59.74,60,,,,,,,,,3,1,계단식,79D,18.0,8.0,https://new.land.naver.com/complexes/27452?tab=detail&rf=Y,강원도 속초시 교동 781-42,강원도,속초시,교동,,,강원도 속초시 미시령로 3373-4,0.0,226,20,77.0,0.83
[교동],27452,3,옥토,1997.12.,93.0,23.93,79.14,18.02,59.6,15,,,,,,,,,3,1,계단식,79B,18.0,8.0,https://new.land.naver.com/complexes/27452?tab=detail&rf=Y,강원도 속초시 교동 781-42,강원도,속초시,교동,,,강원도 속초시 미시령로 3373-4,0.0,226,20,77.0,0.83
[교동],27452,4,옥토,1997.12.,93.0,23.95,79.18,18.04,59.64,15,,,,,,,,,3,1,계단식,79C,18.0,8.0,https://new.land.naver.com/complexes/27452?tab=detail&rf=Y,강원도 속초시 교동 781-42,강원도,속초시,교동,,,강원도 속초시 미시령로 3373-4,0.0,226,20,77.0,0.83
[교동],14115,1,속초청초,1993.10.,745.0,17.24,57.01,12.65,41.85,177,,,,,,,,,2,1,계단식,57,15.0,15.0,https://new.land.naver.com/complexes/14115?tab=detail&rf=Y,강원도 속초시 교동 961-1,강원도,속초시,교동,,,강원도 속초시 먹거리길 17,478.0,227,55,408.0,0.55
[교동],14115,2,속초청초,1993.10.,745.0,21.28,70.37,15.62,51.66,90,,,,,,,,,2,1,계단식,70,15.0,15.0,https://new.land.naver.com/complexes/14115?tab=detail&rf=Y,강원도 속초시 교동 961-1,강원도,속초시,교동,,,강원도 속초시 먹거리길 17,478.0,227,55,408.0,0.55
[교동],15820,1,교동협성,1997.12.,156.0,17.07,56.45,8.49,28.07,156,,,,,,,,,2,1,계단식,56,10.0,7.0,https://new.land.naver.com/complexes/15820?tab=detail&rf=Y,강원도 속초시 교동 620,강원도,속초시,교동,,,강원도 속초시 미시령로3359번길 42,0.0,260,35,64.0,0.41
[교동],100768,1,개나리,1991.10.,50.0,18.17,60.07,15.1,49.94,50,,,,,,,,,2,1,복도식,60,5.0,5.0,https://new.land.naver.com/complexes/100768?tab=detail&rf=Y,강원도 속초시 교동 904-1,강원도,속초시,교동,,,강원도 속초시 만천4길 46,0.0,0,0,0.0,0.0
[교동],14554,1,속초대명1차,1991.08.,98.0,25.06,82.86,18.08,59.78,98,,,,,,,,,3,1,계단식,82,15.0,8.0,https://new.land.naver.com/complexes/14554?tab=detail&rf=Y,강원도 속초시 교동 627-135,강원도,속초시,교동,,,강원도 속초시 교동로7길 36,0.0,0,0,0.0,0.0
[교동],6219,1,속초로얄나하나1차,1993.03.,171.0,23.46,77.58,17.13,56.64,20,,,,,,,,,3,1,계단식,77,12.0,12.0,https://new.land.naver.com/complexes/6219?tab=detail&rf=Y,강원도 속초시 교동 904-6,강원도,속초시,교동,,,강원도 속초시 만천1길 43,0.0,257,24,157.0,0.92
[교동],6219,2,속초로얄나하나1차,1993.03.,171.0,24.84,82.14,18.14,59.97,151,,,,,,,,,3,1,계단식,82,12.0,12.0,https://new.land.naver.com/complexes/6219?tab=detail&rf=Y,강원도 속초시 교동 904-6,강원도,속초시,교동,,,강원도 속초시 만천1길 43,0.0,257,24,157.0,0.92
[교동],6254,1,현대2차,1992.09.,255.0,27.24,90.08,22.17,73.32,48,,,,,,,,,3,1,계단식,90,15.0,11.0,https://new.land.naver.com/complexes/6254?tab=detail&rf=Y,강원도 속초시 교동 781-6,강원도,속초시,교동,,,강원도 속초시 미시령로3359번길 4,0.0,190,15,236.0,0.93
[교동],6254,2,현대2차,1992.09.,255.0,31.26,103.36,25.7,84.96,177,,,,,,,,,3,2,계단식,103,15.0,11.0,https://new.land.naver.com/complexes/6254?tab=detail&rf=Y,강원도 속초시 교동 781-6,강원도,속초시,교동,,,강원도 속초시 미시령로3359번길 4,0.0,190,15,236.0,0.93
[교동],6254,3,현대2차,1992.09.,255.0,43.27,143.07,37.28,123.27,30,,,,,,,,,4,2,계단식,143,15.0,11.0,https://new.land.naver.com/complexes/6254?tab=detail&rf=Y,강원도 속초시 교동 781-6,강원도,속초시,교동,,,강원도 속초시 미시령로3359번길 4,0.0,190,15,236.0,0.93
[교동],14555,1,속초대명3차,1994.07.,165.0,24.62,81.4,18.12,59.93,165,,,,,,,,,3,1,복도식,81,15.0,15.0,https://new.land.naver.com/complexes/14555?tab=detail&rf=Y,강원도 속초시 교동 627-306,강원도,속초시,교동,,,강원도 속초시 교동로7길 26,0.0,239,28,165.0,1.0
[교동],101633,1,로얄1차,1986.12.,80.0,16.88,55.81,14.99,49.57,20,,,,,,,,,3,2,계단식,55,5.0,5.0,https://new.land.naver.com/complexes/101633?tab=detail&rf=Y,강원도 속초시 교동 770-7,강원도,속초시,교동,,,강원도 속초시 만천5길 3-40,0.0,0,0,0.0,0.0
[교동],101633,2,로얄1차,1986.12.,80.0,19.82,65.55,17.94,59.31,60,,,,,,,,,3,2,계단식,65,5.0,5.0,https://new.land.naver.com/complexes/101633?tab=detail&rf=Y,강원도 속초시 교동 770-7,강원도,속초시,교동,,,강원도 속초시 만천5길 3-40,0.0,0,0,0.0,0.0
[교동],103901,1,속초석미모닝파크,2005.07.,210.0,30.47,100.76,22.11,73.1,210,,,,,,,,,3,2,계단식,100,15.0,15.0,https://new.land.naver.com/complexes/103901?tab=detail&rf=Y,강원도 속초시 교동 984,강원도,속초시,교동,,,강원도 속초시 수복로 12,0.0,219,20,215.0,1.02
[교동],6213,1,로얄2차,1987.12.,155.0,14.11,46.67,11.08,36.63,50,,,,,,,,,2,1,계단식,46,5.0,5.0,https://new.land.naver.com/complexes/6213?tab=detail&rf=Y,강원도 속초시 교동 800-68,강원도,속초시,교동,,,강원도 속초시 만리공원길 16,0.0,0,0,0.0,0.0
[교동],6213,2,로얄2차,1987.12.,155.0,14.16,46.82,11.12,36.78,50,,,,,,,,,2,1,계단식,46,5.0,5.0,https://new.land.naver.com/complexes/6213?tab=detail&rf=Y,강원도 속초시 교동 800-68,강원도,속초시,교동,,,강원도 속초시 만리공원길 16,0.0,0,0,0.0,0.0
[교동],6213,3,로얄2차,1987.12.,155.0,16.93,55.98,15.04,49.74,55,,,,,,,,,3,1,계단식,55,5.0,5.0,https://new.land.naver.com/complexes/6213?tab=detail&rf=Y,강원도 속초시 교동 800-68,강원도,속초시,교동,,,강원도 속초시 만리공원길 16,0.0,0,0,0.0,0.0
[교동],6203,1,럭키설악타운1차,1991.06.,383.0,25.07,82.9,17.9,59.18,36,,,,,,,,,2,1,계단식,82,15.0,9.0,https://new.land.naver.com/complexes/6203?tab=detail&rf=Y,강원도 속초시 교동 767-224,강원도,속초시,교동,,,강원도 속초시 만천4길 1,0.0,186,15,0.0,0.0
[교동],6203,2,럭키설악타운1차,1991.06.,383.0,28.05,92.75,23.1,76.39,151,,,,,,,,,3,1,계단식,92,15.0,9.0,https://new.land.naver.com/complexes/6203?tab=detail&rf=Y,강원도 속초시 교동 767-224,강원도,속초시,교동,,,강원도 속초시 만천4길 1,0.0,186,15,0.0,0.0
[교동],6203,3,럭키설악타운1차,1991.06.,383.0,31.19,103.12,25.69,84.93,196,,,,,,,,,3,2,계단식,103,15.0,9.0,https://new.land.naver.com/complexes/6203?tab=detail&rf=Y,강원도 속초시 교동 767-224,강원도,속초시,교동,,,강원도 속초시 만천4길 1,0.0,186,15,0.0,0.0
[교동],13536,1,교동현대3차,1998.09.,288.0,23.82,78.76,18.1,59.85,120,,,,,,,,,3,1,계단식,78,15.0,8.0,https://new.land.naver.com/complexes/13536?tab=detail&rf=Y,강원도 속초시 교동 782,강원도,속초시,교동,,,강원도 속초시 미시령로3337번길 6-43,0.0,0,0,0.0,0.0
[교동],13536,2,교동현대3차,1998.09.,288.0,32.44,107.24,25.7,84.97,156,,,,,,,,,3,2,계단식,107,15.0,8.0,https://new.land.naver.com/complexes/13536?tab=detail&rf=Y,강원도 속초시 교동 782,강원도,속초시,교동,,,강원도 속초시 미시령로3337번길 6-43,0.0,0,0,0.0,0.0
[교동],13536,3,교동현대3차,1998.09.,288.0,49.66,164.19,39.35,130.09,12,,,,,,,,,4,3,계단식,164,15.0,8.0,https://new.land.naver.com/complexes/13536?tab=detail&rf=Y,강원도 속초시 교동 782,강원도,속초시,교동,,,강원도 속초시 미시령로3337번길 6-43,0.0,0,0,0.0,0.0
[교동],6250,1,현대1차,1991.11.,445.0,27.81,91.94,22.76,75.24,180,,,,,,,,,3,1,계단식,91,15.0,10.0,https://new.land.naver.com/complexes/6250?tab=detail&rf=Y,강원도 속초시 교동 618-10,강원도,속초시,교동,,,강원도 속초시 미시령로3359번길 9,0.0,188,0,0.0,0.0
[교동],6250,2,현대1차,1991.11.,445.0,31.48,104.09,25.7,84.99,235,,,,,,,,,3,2,계단식,104,15.0,10.0,https://new.land.naver.com/complexes/6250?tab=detail&rf=Y,강원도 속초시 교동 618-10,강원도,속초시,교동,,,강원도 속초시 미시령로3359번길 9,0.0,188,0,0.0,0.0
[교동],6250,3,현대1차,1991.11.,445.0,43.39,143.46,36.89,121.98,30,,,,,,,,,4,2,계단식,143,15.0,10.0,https://new.land.naver.com/complexes/6250?tab=detail&rf=Y,강원도 속초시 교동 618-10,강원도,속초시,교동,,,강원도 속초시 미시령로3359번길 9,0.0,188,0,0.0,0.0
[교동],113086,1,속초교동시티프라디움,2018.08.,274.0,32.01,105.85,25.51,84.34,217,,,,,,,,,3,2,계단식,105A,29.0,24.0,https://new.land.naver.com/complexes/113086?tab=detail&rf=Y,강원도 속초시 교동 1030,강원도,속초시,교동,,,강원도 속초시 미시령로 3307,0.0,261,15,330.0,1.2
[교동],113086,2,속초교동시티프라디움,2018.08.,274.0,32.03,105.89,25.5,84.32,28,,,,,,,,,3,2,계단식,105B,29.0,24.0,https://new.land.naver.com/complexes/113086?tab=detail&rf=Y,강원도 속초시 교동 1030,강원도,속초시,교동,,,강원도 속초시 미시령로 3307,0.0,261,15,330.0,1.2
[교동],113086,3,속초교동시티프라디움,2018.08.,274.0,32.34,106.94,25.54,84.46,29,,,,,,,,,3,2,계단식,106C,29.0,24.0,https://new.land.naver.com/complexes/113086?tab=detail&rf=Y,강원도 속초시 교동 1030,강원도,속초시,교동,,,강원도 속초시 미시령로 3307,0.0,261,15,330.0,1.2
[교동],6233,1,삼환,1994.03.,644.0,22.34,73.88,16.51,54.58,432,,,,,,,,,2,1,복도식,73,12.0,11.0,https://new.land.naver.com/complexes/6233?tab=detail&rf=Y,강원도 속초시 교동 923,강원도,속초시,교동,,,강원도 속초시 밤골3길 39,0.0,0,0,212.0,0.33
[교동],6233,2,삼환,1994.03.,644.0,35.09,116.02,29.16,96.42,120,,,,,,,,,3,2,계단식,116,12.0,11.0,https://new.land.naver.com/complexes/6233?tab=detail&rf=Y,강원도 속초시 교동 923,강원도,속초시,교동,,,강원도 속초시 밤골3길 39,0.0,0,0,212.0,0.33
[교동],6233,3,삼환,1994.03.,644.0,41.89,138.49,36.12,119.41,92,,,,,,,,,4,2,계단식,138,12.0,11.0,https://new.land.naver.com/complexes/6233?tab=detail&rf=Y,강원도 속초시 교동 923,강원도,속초시,교동,,,강원도 속초시 밤골3길 39,0.0,0,0,212.0,0.33
[교동],9532,1,청초대우,1998.06.,535.0,23.51,77.75,18.14,59.97,90,,,,,,,,,2,1,계단식,77A,15.0,14.0,https://new.land.naver.com/complexes/9532?tab=detail&rf=Y,강원도 속초시 교동 961,강원도,속초시,교동,,,강원도 속초시 동해대로 4271,0.0,214,21,0.0,0.0
[교동],9532,2,청초대우,1998.06.,535.0,23.51,77.72,18.13,59.94,90,,,,,,,,,3,1,계단식,77B,15.0,14.0,https://new.land.naver.com/complexes/9532?tab=detail&rf=Y,강원도 속초시 교동 961,강원도,속초시,교동,,,강원도 속초시 동해대로 4271,0.0,214,21,0.0,0.0
[교동],9532,3,청초대우,1998.06.,535.0,26.87,88.85,21.24,70.23,90,,,,,,,,,3,1,계단식,88,15.0,14.0,https://new.land.naver.com/complexes/9532?tab=detail&rf=Y,강원도 속초시 교동 961,강원도,속초시,교동,,,강원도 속초시 동해대로 4271,0.0,214,21,0.0,0.0
[교동],9532,4,청초대우,1998.06.,535.0,31.7,104.82,25.7,84.99,118,,,,,,,,,3,2,계단식,104,15.0,14.0,https://new.land.naver.com/complexes/9532?tab=detail&rf=Y,강원도 속초시 교동 961,강원도,속초시,교동,,,강원도 속초시 동해대로 4271,0.0,214,21,0.0,0.0
[교동],9532,5,청초대우,1998.06.,535.0,32.51,107.48,25.7,84.97,147,,,,,,,,,3,2,계단식,107,15.0,14.0,https://new.land.naver.com/complexes/9532?tab=detail&rf=Y,강원도 속초시 교동 961,강원도,속초시,교동,,,강원도 속초시 동해대로 4271,0.0,214,21,0.0,0.0
[교동],6208,1,럭키설악타운2차,1992.12.,270.0,30.62,101.24,25.7,84.99,180,,,,,,,,,3,2,계단식,101,15.0,15.0,https://new.land.naver.com/complexes/6208?tab=detail&rf=Y,강원도 속초시 교동 620-13,강원도,속초시,교동,,,강원도 속초시 미시령로 3409,0.0,246,19,0.0,0.0
[교동],6208,2,럭키설악타운2차,1992.12.,270.0,39.73,131.34,33.35,110.26,60,,,,,,,,,4,2,계단식,131,15.0,15.0,https://new.land.naver.com/complexes/6208?tab=detail&rf=Y,강원도 속초시 교동 620-13,강원도,속초시,교동,,,강원도 속초시 미시령로 3409,0.0,246,19,0.0,0.0
[교동],6208,3,럭키설악타운2차,1992.12.,270.0,46.34,153.21,38.9,128.62,30,,,,,,,,,4,2,계단식,153,15.0,15.0,https://new.land.naver.com/complexes/6208?tab=detail&rf=Y,강원도 속초시 교동 620-13,강원도,속초시,교동,,,강원도 속초시 미시령로 3409,0.0,246,19,0.0,0.0
[교동],6199,1,교동럭키,1986.09.,210.0,25.73,85.06,19.46,64.36,90,,,,,,,,,2,1,계단식,85,5.0,3.0,https://new.land.naver.com/complexes/6199?tab=detail&rf=Y,강원도 속초시 교동 800-14,강원도,속초시,교동,,,강원도 속초시 만리공원길 6,0.0,0,0,0.0,0.0
[교동],6199,2,교동럭키,1986.09.,210.0,28.96,95.76,21.91,72.46,90,,,,,,,,,3,1,계단식,95,5.0,3.0,https://new.land.naver.com/complexes/6199?tab=detail&rf=Y,강원도 속초시 교동 800-14,강원도,속초시,교동,,,강원도 속초시 만리공원길 6,0.0,0,0,0.0,0.0
[교동],6199,3,교동럭키,1986.09.,210.0,33.42,110.48,25.28,83.6,30,,,,,,,,,3,2,계단식,110,5.0,3.0,https://new.land.naver.com/complexes/6199?tab=detail&rf=Y,강원도 속초시 교동 800-14,강원도,속초시,교동,,,강원도 속초시 만리공원길 6,0.0,0,0,0.0,0.0
[교동],6191,1,동부,1997.09.,668.0,24.69,81.63,18.15,60.0,325,,,,,,,,,3,1,계단식,81,21.0,8.0,https://new.land.naver.com/complexes/6191?tab=detail&rf=Y,강원도 속초시 교동 781-1,강원도,속초시,교동,,,강원도 속초시 미시령로3359번길 15,0.0,227,19,459.0,0.69
[교동],6191,2,동부,1997.09.,668.0,32.62,107.86,25.7,84.96,275,,,,,,,,,3,2,계단식,107,21.0,8.0,https://new.land.naver.com/complexes/6191?tab=detail&rf=Y,강원도 속초시 교동 781-1,강원도,속초시,교동,,,강원도 속초시 미시령로3359번길 15,0.0,227,19,459.0,0.69
[교동],6191,3,동부,1997.09.,668.0,45.81,151.46,38.31,126.65,68,,,,,,,,,4,2,계단식,151,21.0,8.0,https://new.land.naver.com/complexes/6191?tab=detail&rf=Y,강원도 속초시 교동 781-1,강원도,속초시,교동,,,강원도 속초시 미시령로3359번길 15,0.0,227,19,459.0,0.69
[교동],104321,1,하우스토리,2011.12.,661.0,16.01,52.93,10.69,35.35,85,,,,,,,,,2,1,계단식,52,20.0,20.0,https://new.land.naver.com/complexes/104321?tab=detail&rf=Y,강원도 속초시 교동 1029,강원도,속초시,교동,,,강원도 속초시 동해대로 4284,0.0,272,21,647.0,0.98
[교동],104321,2,하우스토리,2011.12.,661.0,24.18,79.94,18.0,59.51,158,,,,,,,,,3,2,계단식,79A,20.0,20.0,https://new.land.naver.com/complexes/104321?tab=detail&rf=Y,강원도 속초시 교동 1029,강원도,속초시,교동,,,강원도 속초시 동해대로 4284,0.0,272,21,647.0,0.98
[교동],104321,3,하우스토리,2011.12.,661.0,24.33,80.46,18.09,59.82,36,,,,,,,,,3,2,계단식,80B,20.0,20.0,https://new.land.naver.com/complexes/104321?tab=detail&rf=Y,강원도 속초시 교동 1029,강원도,속초시,교동,,,강원도 속초시 동해대로 4284,0.0,272,21,647.0,0.98
[교동],104321,4,하우스토리,2011.12.,661.0,32.65,107.95,25.7,84.99,298,,,,,,,,,3,2,계단식,107A,20.0,20.0,https://new.land.naver.com/complexes/104321?tab=detail&rf=Y,강원도 속초시 교동 1029,강원도,속초시,교동,,,강원도 속초시 동해대로 4284,0.0,272,21,647.0,0.98
[교동],104321,5,하우스토리,2011.12.,661.0,32.5,107.44,25.52,84.37,26,,,,,,,,,3,2,계단식,107B,20.0,20.0,https://new.land.naver.com/complexes/104321?tab=detail&rf=Y,강원도 속초시 교동 1029,강원도,속초시,교동,,,강원도 속초시 동해대로 4284,0.0,272,21,647.0,0.98
[교동],104321,6,하우스토리,2011.12.,661.0,42.69,141.15,34.66,114.6,58,,,,,,,,,4,2,계단식,141,20.0,20.0,https://new.land.naver.com/complexes/104321?tab=detail&rf=Y,강원도 속초시 교동 1029,강원도,속초시,교동,,,강원도 속초시 동해대로 4284,0.0,272,21,647.0,0.98
[교동],132139,1,골든렉시움,2020.05.,48.0,32.46,107.33,25.43,84.08,12,,,,,,,,,3,2,계단식,107B,13.0,13.0,https://new.land.naver.com/complexes/132139?tab=detail&rf=Y,강원도 속초시 교동 658-82,강원도,속초시,교동,,,강원도 속초시 교동로1길 15,0.0,359,46,51.0,1.06
[교동],132139,2,골든렉시움,2020.05.,48.0,32.5,107.47,25.67,84.87,12,,,,,,,,,3,2,계단식,107C,13.0,13.0,https://new.land.naver.com/complexes/132139?tab=detail&rf=Y,강원도 속초시 교동 658-82,강원도,속초시,교동,,,강원도 속초시 교동로1길 15,0.0,359,46,51.0,1.06
[교동],132139,3,골든렉시움,2020.05.,48.0,32.8,108.46,25.65,84.81,24,,,,,,,,,3,2,계단식,108A,13.0,13.0,https://new.land.naver.com/complexes/132139?tab=detail&rf=Y,강원도 속초시 교동 658-82,강원도,속초시,교동,,,강원도 속초시 교동로1길 15,0.0,359,46,51.0,1.06
[교동],122245,1,삼호,1995.10.,340.0,15.32,50.67,12.06,39.9,208,,,,,,,,,2,1,계단식,50,12.0,4.0,https://new.land.naver.com/complexes/122245?tab=detail&rf=Y,강원도 속초시 교동 924,강원도,속초시,교동,,,강원도 속초시 밤골3길 27,0.0,166,33,113.0,0.33
[교동],122245,2,삼호,1995.10.,340.0,17.94,59.32,13.08,43.26,132,,,,,,,,,2,1,계단식,59,12.0,4.0,https://new.land.naver.com/complexes/122245?tab=detail&rf=Y,강원도 속초시 교동 924,강원도,속초시,교동,,,강원도 속초시 밤골3길 27,0.0,166,33,113.0,0.33
[교동],124671,1,속초교동블루핀(도시형),2019.03.,235.0,8.19,27.08,4.55,15.07,119,,,,,,,,,1,1,계단식,27A,20.0,19.0,https://new.land.naver.com/complexes/124671?tab=detail&rf=Y,강원도 속초시 교동 658-42,강원도,속초시,교동,,,강원도 속초시 교동로1길 17,0.0,838,66,182.0,0.77
[교동],124671,2,속초교동블루핀(도시형),2019.03.,235.0,8.19,27.08,4.55,15.07,34,,,,,,,,,1,1,계단식,27B,20.0,19.0,https://new.land.naver.com/complexes/124671?tab=detail&rf=Y,강원도 속초시 교동 658-42,강원도,속초시,교동,,,강원도 속초시 교동로1길 17,0.0,838,66,182.0,0.77
[교동],124671,3,속초교동블루핀(도시형),2019.03.,235.0,13.18,43.59,7.52,24.88,49,,,,,,,,,1,1,계단식,43A,20.0,19.0,https://new.land.naver.com/complexes/124671?tab=detail&rf=Y,강원도 속초시 교동 658-42,강원도,속초시,교동,,,강원도 속초시 교동로1길 17,0.0,838,66,182.0,0.77
[교동],124671,4,속초교동블루핀(도시형),2019.03.,235.0,13.18,43.59,7.52,24.88,33,,,,,,,,,1,1,계단식,43B,20.0,19.0,https://new.land.naver.com/complexes/124671?tab=detail&rf=Y,강원도 속초시 교동 658-42,강원도,속초시,교동,,,강원도 속초시 교동로1길 17,0.0,838,66,182.0,0.77
[교동],130687,1,프레지던트인텔빌라트,1996.04.,18.0,30.34,100.32,27.58,91.2,1,,,,,,,,,3,2,계단식,100,6.0,6.0,https://new.land.naver.com/complexes/130687?tab=detail&rf=Y,강원도 속초시 교동 767-257,강원도,속초시,교동,,,강원도 속초시 만천4길 19-1,0.0,162,30,20.0,1.11
[교동],130687,2,프레지던트인텔빌라트,1996.04.,18.0,31.46,104.0,28.7,94.88,1,,,,,,,,,3,2,복도식,104,6.0,6.0,https://new.land.naver.com/complexes/130687?tab=detail&rf=Y,강원도 속초시 교동 767-257,강원도,속초시,교동,,,강원도 속초시 만천4길 19-1,0.0,162,30,20.0,1.11
[교동],130687,3,프레지던트인텔빌라트,1996.04.,18.0,37.77,124.88,34.5,114.08,5,,,,,,,,,4,2,계단식,124A,6.0,6.0,https://new.land.naver.com/complexes/130687?tab=detail&rf=Y,강원도 속초시 교동 767-257,강원도,속초시,교동,,,강원도 속초시 만천4길 19-1,0.0,162,30,20.0,1.11
[교동],130687,4,프레지던트인텔빌라트,1996.04.,18.0,37.78,124.92,34.52,114.12,5,,,,,,,,,4,2,계단식,124B,6.0,6.0,https://new.land.naver.com/complexes/130687?tab=detail&rf=Y,강원도 속초시 교동 767-257,강원도,속초시,교동,,,강원도 속초시 만천4길 19-1,0.0,162,30,20.0,1.11
[교동],130687,5,프레지던트인텔빌라트,1996.04.,18.0,38.1,125.96,32.94,108.92,1,,,,,,,,,4,2,계단식,125C,6.0,6.0,https://new.land.naver.com/complexes/130687?tab=detail&rf=Y,강원도 속초시 교동 767-257,강원도,속초시,교동,,,강원도 속초시 만천4길 19-1,0.0,162,30,20.0,1.11
[교동],130687,6,프레지던트인텔빌라트,1996.04.,18.0,49.52,163.73,43.35,143.33,5,,,,,,,,,5,3,계단식,163,6.0,6.0,https://new.land.naver.com/complexes/130687?tab=detail&rf=Y,강원도 속초시 교동 767-257,강원도,속초시,교동,,,강원도 속초시 만천4길 19-1,0.0,162,30,20.0,1.11
[교동],119391,1,속초미소지움더뷰,2021.03.,368.0,27.39,90.55,20.3,67.14,1,,,,,,,,,2,1,계단식,90,35.0,35.0,https://new.land.naver.com/complexes/119391?tab=detail&rf=Y,강원도 속초시 교동 1033,강원도,속초시,교동,,,강원도 속초시 중앙로17번길 11,0.0,640,56,417.0,1.13
[교동],119391,2,속초미소지움더뷰,2021.03.,368.0,29.82,98.6,22.49,74.38,164,,,,,,,,,3,2,계단식,98,35.0,35.0,https://new.land.naver.com/complexes/119391?tab=detail&rf=Y,강원도 속초시 교동 1033,강원도,속초시,교동,,,강원도 속초시 중앙로17번길 11,0.0,640,56,417.0,1.13
[교동],119391,3,속초미소지움더뷰,2021.03.,368.0,33.62,111.17,25.66,84.83,165,,,,,,,,,3,2,계단식,111A,35.0,35.0,https://new.land.naver.com/complexes/119391?tab=detail&rf=Y,강원도 속초시 교동 1033,강원도,속초시,교동,,,강원도 속초시 중앙로17번길 11,0.0,640,56,417.0,1.13
[교동],119391,4,속초미소지움더뷰,2021.03.,368.0,33.78,111.7,25.69,84.95,33,,,,,,,,,3,2,계단식,111B,35.0,35.0,https://new.land.naver.com/complexes/119391?tab=detail&rf=Y,강원도 속초시 교동 1033,강원도,속초시,교동,,,강원도 속초시 중앙로17번길 11,0.0,640,56,417.0,1.13
[교동],119391,5,속초미소지움더뷰,2021.03.,368.0,59.61,197.08,43.98,145.42,5,,,,,,,,,3,2,계단식,197,35.0,35.0,https://new.land.naver.com/complexes/119391?tab=detail&rf=Y,강원도 속초시 교동 1033,강원도,속초시,교동,,,강원도 속초시 중앙로17번길 11,0.0,640,56,417.0,1.13
[교동],123881,1,로얄맨션,1988.11.,30.0,30.74,101.65,25.52,84.37,10,,,,,,,,,3,2,계단식,101,5.0,5.0,https://new.land.naver.com/complexes/123881?tab=detail&rf=Y,강원도 속초시 교동 767-33,강원도,속초시,교동,,,강원도 속초시 만천4길 28,0.0,0,0,0.0,0.0
[교동],123881,2,로얄맨션,1988.11.,30.0,38.66,127.83,33.43,110.54,10,,,,,,,,,3,2,계단식,127,5.0,5.0,https://new.land.naver.com/complexes/123881?tab=detail&rf=Y,강원도 속초시 교동 767-33,강원도,속초시,교동,,,강원도 속초시 만천4길 28,0.0,0,0,0.0,0.0
[교동],123881,3,로얄맨션,1988.11.,30.0,44.21,146.15,38.98,128.86,10,,,,,,,,,3,2,계단식,146,5.0,5.0,https://new.land.naver.com/complexes/123881?tab=detail&rf=Y,강원도 속초시 교동 767-33,강원도,속초시,교동,,,강원도 속초시 만천4길 28,0.0,0,0,0.0,0.0
[교동],6247,1,교동주공2단지,1990.06.,590.0,15.09,49.91,12.0,39.69,110,,,,,,,,,2,1,계단식,49B,5.0,5.0,https://new.land.naver.com/complexes/6247?tab=detail&rf=Y,강원도 속초시 교동 898,강원도,속초시,교동,,,강원도 속초시 번영로43번길 52,0.0,125,23,590.0,1.0
[교동],6247,2,교동주공2단지,1990.06.,590.0,15.05,49.78,11.97,39.6,110,,,,,,,,,2,1,계단식,49D,5.0,5.0,https://new.land.naver.com/complexes/6247?tab=detail&rf=Y,강원도 속초시 교동 898,강원도,속초시,교동,,,강원도 속초시 번영로43번길 52,0.0,125,23,590.0,1.0
[교동],6247,3,교동주공2단지,1990.06.,590.0,14.96,49.48,11.88,39.3,100,,,,,,,,,2,1,계단식,49A,5.0,5.0,https://new.land.naver.com/complexes/6247?tab=detail&rf=Y,강원도 속초시 교동 898,강원도,속초시,교동,,,강원도 속초시 번영로43번길 52,0.0,125,23,590.0,1.0
[교동],6247,4,교동주공2단지,1990.06.,590.0,15.18,50.21,12.09,39.99,70,,,,,,,,,2,1,계단식,50C,5.0,5.0,https://new.land.naver.com/complexes/6247?tab=detail&rf=Y,강원도 속초시 교동 898,강원도,속초시,교동,,,강원도 속초시 번영로43번길 52,0.0,125,23,590.0,1.0
[교동],6247,5,교동주공2단지,1990.06.,590.0,17.5,57.87,14.21,46.98,70,,,,,,,,,3,1,계단식,57A,5.0,5.0,https://new.land.naver.com/complexes/6247?tab=detail&rf=Y,강원도 속초시 교동 898,강원도,속초시,교동,,,강원도 속초시 번영로43번길 52,0.0,125,23,590.0,1.0
[교동],6247,6,교동주공2단지,1990.06.,590.0,17.41,57.57,14.12,46.68,60,,,,,,,,,3,1,계단식,57,5.0,5.0,https://new.land.naver.com/complexes/6247?tab=detail&rf=Y,강원도 속초시 교동 898,강원도,속초시,교동,,,강원도 속초시 번영로43번길 52,0.0,125,23,590.0,1.0
[교동],6247,7,교동주공2단지,1990.06.,590.0,17.52,57.93,14.22,47.01,30,,,,,,,,,3,1,계단식,57B,5.0,5.0,https://new.land.naver.com/complexes/6247?tab=detail&rf=Y,강원도 속초시 교동 898,강원도,속초시,교동,,,강원도 속초시 번영로43번길 52,0.0,125,23,590.0,1.0
[교동],6247,8,교동주공2단지,1990.06.,590.0,17.61,58.23,14.31,47.31,39,,,,,,,,,3,1,계단식,58D,5.0,5.0,https://new.land.naver.com/complexes/6247?tab=detail&rf=Y,강원도 속초시 교동 898,강원도,속초시,교동,,,강원도 속초시 번영로43번길 52,0.0,125,23,590.0,1.0
[교동],6247,9,교동주공2단지,1990.06.,590.0,17.61,58.22,14.3,47.3,1,,,,,,,,,3,1,계단식,58C,5.0,5.0,https://new.land.naver.com/complexes/6247?tab=detail&rf=Y,강원도 속초시 교동 898,강원도,속초시,교동,,,강원도 속초시 번영로43번길 52,0.0,125,23,590.0,1.0
[교동],14553,1,속초로얄나하나2차,1995.06.,157.0,26.48,87.54,18.14,59.97,135,,,,,,,,,3,1,계단식,87,13.0,7.0,https://new.land.naver.com/complexes/14553?tab=detail&rf=Y,강원도 속초시 교동 904-5,강원도,속초시,교동,,,강원도 속초시 만천8길 7,0.0,227,23,77.0,0.49
[교동],14553,2,속초로얄나하나2차,1995.06.,157.0,32.29,106.75,25.69,84.93,22,,,,,,,,,3,1,계단식,106,13.0,7.0,https://new.land.naver.com/complexes/14553?tab=detail&rf=Y,강원도 속초시 교동 904-5,강원도,속초시,교동,,,강원도 속초시 만천8길 7,0.0,227,23,77.0,0.49
[교동],6235,1,서울대명1차,1991.07.,181.0,27.58,91.18,21.53,71.19,32,,,,,,,,,3,1,계단식,91,15.0,9.0,https://new.land.naver.com/complexes/6235?tab=detail&rf=Y,강원도 속초시 교동 628-1,강원도,속초시,교동,,,강원도 속초시 번영로43번길 11,0.0,284,0,181.0,1.0
[교동],6235,2,서울대명1차,1991.07.,181.0,32.89,108.74,25.68,84.9,149,,,,,,,,,3,2,계단식,108,15.0,9.0,https://new.land.naver.com/complexes/6235?tab=detail&rf=Y,강원도 속초시 교동 628-1,강원도,속초시,교동,,,강원도 속초시 번영로43번길 11,0.0,284,0,181.0,1.0
[교동],6239,1,설악현대,1992.05.,423.0,23.55,77.87,19.17,63.4,57,,,,,,,,,2,1,계단식,77,15.0,9.0,https://new.land.naver.com/complexes/6239?tab=detail&rf=Y,강원도 속초시 교동 619-33,강원도,속초시,교동,,,강원도 속초시 미시령로3389번길 10,0.0,247,18,423.0,1.0
[교동],6239,2,설악현대,1992.05.,423.0,26.42,87.37,21.51,71.13,139,,,,,,,,,3,1,계단식,87,15.0,9.0,https://new.land.naver.com/complexes/6239?tab=detail&rf=Y,강원도 속초시 교동 619-33,강원도,속초시,교동,,,강원도 속초시 미시령로3389번길 10,0.0,247,18,423.0,1.0
[교동],6239,3,설악현대,1992.05.,423.0,27.23,90.03,22.17,73.3,84,,,,,,,,,2,1,계단식,90,15.0,9.0,https://new.land.naver.com/complexes/6239?tab=detail&rf=Y,강원도 속초시 교동 619-33,강원도,속초시,교동,,,강원도 속초시 미시령로3389번길 10,0.0,247,18,423.0,1.0
[교동],6239,4,설악현대,1992.05.,423.0,31.43,103.93,25.59,84.61,56,,,,,,,,,3,2,복도식,103,15.0,9.0,https://new.land.naver.com/complexes/6239?tab=detail&rf=Y,강원도 속초시 교동 619-33,강원도,속초시,교동,,,강원도 속초시 미시령로3389번길 10,0.0,247,18,423.0,1.0
[교동],6239,5,설악현대,1992.05.,423.0,31.54,104.28,25.68,84.9,87,,,,,,,,,3,2,계단식,104,15.0,9.0,https://new.land.naver.com/complexes/6239?tab=detail&rf=Y,강원도 속초시 교동 619-33,강원도,속초시,교동,,,강원도 속초시 미시령로3389번길 10,0.0,247,18,423.0,1.0
[금호동],139422,1,성진주택,1983.02.,102.0,16.32,53.98,16.32,53.98,60,,,,,,,,,2,1,계단식,53,3.0,3.0,https://new.land.naver.com/complexes/139422?tab=detail&rf=Y,강원도 속초시 금호동 625-88,강원도,속초시,금호동,,,강원도 속초시 번영로67번길 17,0.0,0,0,0.0,0.0
[금호동],139422,2,성진주택,1983.02.,102.0,19.88,65.73,19.88,65.73,24,,,,,,,,,3,2,계단식,65B,3.0,3.0,https://new.land.naver.com/complexes/139422?tab=detail&rf=Y,강원도 속초시 금호동 625-88,강원도,속초시,금호동,,,강원도 속초시 번영로67번길 17,0.0,0,0,0.0,0.0
[금호동],139422,3,성진주택,1983.02.,102.0,19.86,65.67,19.86,65.67,18,,,,,,,,,3,2,계단식,65A,3.0,3.0,https://new.land.naver.com/complexes/139422?tab=detail&rf=Y,강원도 속초시 금호동 625-88,강원도,속초시,금호동,,,강원도 속초시 번영로67번길 17,0.0,0,0,0.0,0.0
[금호동],18273,1,속초e-편한세상,2006.05.,449.0,33.04,109.24,25.7,84.97,330,,,,,,,,,3,2,계단식,109,15.0,15.0,https://new.land.naver.com/complexes/18273?tab=detail&rf=Y,강원도 속초시 금호동 627,강원도,속초시,금호동,,,강원도 속초시 미시령로 3439,0.0,193,17,537.0,1.2
[금호동],18273,2,속초e-편한세상,2006.05.,449.0,45.42,150.15,36.51,120.72,119,,,,,,,,,4,2,계단식,150,15.0,15.0,https://new.land.naver.com/complexes/18273?tab=detail&rf=Y,강원도 속초시 금호동 627,강원도,속초시,금호동,,,강원도 속초시 미시령로 3439,0.0,193,17,537.0,1.2
[금호동],102165,1,로얄금호맨션,1994.04.,135.0,24.99,82.62,18.14,59.97,135,,,,,,,,,2,1,계단식,82,15.0,15.0,https://new.land.naver.com/complexes/102165?tab=detail&rf=Y,강원도 속초시 금호동 605-3,강원도,속초시,금호동,,,강원도 속초시 미시령로 3421,0.0,357,29,64.0,0.47
[금호동],102723,1,보람레이크더하임,2008.05.,110.0,54.71,180.89,47.41,156.76,110,,,,,,,,,4,2,복도식,180,15.0,11.0,https://new.land.naver.com/complexes/102723?tab=detail&rf=Y,강원도 속초시 금호동 629,강원도,속초시,금호동,,,강원도 속초시 영랑호반길 115-13,0.0,250,21,233.0,2.12
[금호동],6261,1,금호대명2차,1993.05.,200.0,24.37,80.58,17.96,59.4,85,,,,,,,,,3,1,복도식,80,15.0,10.0,https://new.land.naver.com/complexes/6261?tab=detail&rf=Y,강원도 속초시 금호동 622-66,강원도,속초시,금호동,,,강원도 속초시 미시령로 3429,0.0,224,21,117.0,0.58
[금호동],6261,2,금호대명2차,1993.05.,200.0,31.07,102.73,25.6,84.63,115,,,,,,,,,3,2,계단식,102,15.0,10.0,https://new.land.naver.com/complexes/6261?tab=detail&rf=Y,강원도 속초시 금호동 622-66,강원도,속초시,금호동,,,강원도 속초시 미시령로 3429,0.0,224,21,117.0,0.58
[금호동],14556,1,속초대명2차,1992.11.,99.0,25.38,83.92,18.11,59.89,99,,,,,,,,,3,2,계단식,83,10.0,10.0,https://new.land.naver.com/complexes/14556?tab=detail&rf=Y,강원도 속초시 금호동 625,강원도,속초시,금호동,,,강원도 속초시 번영로67번길 25,0.0,243,32,0.0,0.0
[금호동],23207,1,생모리츠,2011.12.,251.0,18.24,60.3,13.68,45.23,18,,,,,,,,,2,1,계단식,60,19.0,16.0,https://new.land.naver.com/complexes/23207?tab=detail&rf=Y,강원도 속초시 금호동 630,강원도,속초시,금호동,,,강원도 속초시 수복로 174,0.0,333,22,252.0,1.0
[금호동],23207,2,생모리츠,2011.12.,251.0,26.34,87.09,19.94,65.92,94,,,,,,,,,3,2,계단식,87,19.0,16.0,https://new.land.naver.com/complexes/23207?tab=detail&rf=Y,강원도 속초시 금호동 630,강원도,속초시,금호동,,,강원도 속초시 수복로 174,0.0,333,22,252.0,1.0
[금호동],23207,3,생모리츠,2011.12.,251.0,33.09,109.4,25.7,84.99,84,,,,,,,,,3,2,계단식,109,19.0,16.0,https://new.land.naver.com/complexes/23207?tab=detail&rf=Y,강원도 속초시 금호동 630,강원도,속초시,금호동,,,강원도 속초시 수복로 174,0.0,333,22,252.0,1.0
[금호동],23207,4,생모리츠,2011.12.,251.0,50.17,165.87,39.39,130.24,55,,,,,,,,,5,2,계단식,165,19.0,16.0,https://new.land.naver.com/complexes/23207?tab=detail&rf=Y,강원도 속초시 금호동 630,강원도,속초시,금호동,,,강원도 속초시 수복로 174,0.0,333,22,252.0,1.0
[노학동],124946,1,속초테르바움,2020.04.,199.0,28.82,95.3,22.49,74.37,16,,,,,,,,,3,2,계단식,95B,4.0,1.0,https://new.land.naver.com/complexes/124946?tab=detail&rf=Y,강원도 속초시 노학동 1326,강원도,속초시,노학동,,,강원도 속초시 관광로 344,0.0,0,0,0.0,0.0
[노학동],124946,2,속초테르바움,2020.04.,199.0,29.07,96.11,22.66,74.93,108,,,,,,,,,3,2,계단식,96A,4.0,1.0,https://new.land.naver.com/complexes/124946?tab=detail&rf=Y,강원도 속초시 노학동 1326,강원도,속초시,노학동,,,강원도 속초시 관광로 344,0.0,0,0,0.0,0.0
[노학동],124946,3,속초테르바움,2020.04.,199.0,32.7,108.12,25.6,84.63,66,,,,,,,,,4,2,계단식,108,4.0,1.0,https://new.land.naver.com/complexes/124946?tab=detail&rf=Y,강원도 속초시 노학동 1326,강원도,속초시,노학동,,,강원도 속초시 관광로 344,0.0,0,0,0.0,0.0
[노학동],124946,4,속초테르바움,2020.04.,199.0,42.03,138.96,32.28,106.74,3,,,,,,,,,3,2,계단식,138,4.0,1.0,https://new.land.naver.com/complexes/124946?tab=detail&rf=Y,강원도 속초시 노학동 1326,강원도,속초시,노학동,,,강원도 속초시 관광로 344,0.0,0,0,0.0,0.0
[노학동],124946,5,속초테르바움,2020.04.,199.0,44.04,145.59,33.98,112.35,6,,,,,,,,,3,2,계단식,145,4.0,1.0,https://new.land.naver.com/complexes/124946?tab=detail&rf=Y,강원도 속초시 노학동 1326,강원도,속초시,노학동,,,강원도 속초시 관광로 344,0.0,0,0,0.0,0.0
[노학동],122328,1,하이디,2017.12.,96.0,15.69,51.88,11.76,38.89,48,,,,,,,,,1,1,계단식,51,4.0,4.0,https://new.land.naver.com/complexes/122328?tab=detail&rf=Y,강원도 속초시 노학동 1073-126,강원도,속초시,노학동,,,강원도 속초시 울산바위길 9-17,0.0,0,0,68.0,0.71
[노학동],122328,2,하이디,2017.12.,96.0,18.91,62.52,14.17,46.87,48,,,,,,,,,1,1,계단식,62,4.0,4.0,https://new.land.naver.com/complexes/122328?tab=detail&rf=Y,강원도 속초시 노학동 1073-126,강원도,속초시,노학동,,,강원도 속초시 울산바위길 9-17,0.0,0,0,68.0,0.71
[동명동],131668,1,속초디오션자이,2023.08.,454.0,35.52,117.45,25.7,84.97,112,,,,,,,,,3,2,계단식,117A,43.0,40.0,https://new.land.naver.com/complexes/131668?tab=detail&rf=Y,강원도 속초시 동명동 361-1번지 외 23필지,강원도,속초시,동명동,,,강원도 속초시,0.0,798,72,601.0,1.32
[동명동],131668,2,속초디오션자이,2023.08.,454.0,35.4,117.03,25.7,84.99,112,,,,,,,,,3,2,계단식,117C,43.0,40.0,https://new.land.naver.com/complexes/131668?tab=detail&rf=Y,강원도 속초시 동명동 361-1번지 외 23필지,강원도,속초시,동명동,,,강원도 속초시,0.0,798,72,601.0,1.32
[동명동],131668,3,속초디오션자이,2023.08.,454.0,35.58,117.63,25.7,84.98,112,,,,,,,,,3,2,계단식,117D,43.0,40.0,https://new.land.naver.com/complexes/131668?tab=detail&rf=Y,강원도 속초시 동명동 361-1번지 외 23필지,강원도,속초시,동명동,,,강원도 속초시,0.0,798,72,601.0,1.32
[동명동],131668,4,속초디오션자이,2023.08.,454.0,35.71,118.05,25.7,84.98,112,,,,,,,,,3,2,계단식,118B,43.0,40.0,https://new.land.naver.com/complexes/131668?tab=detail&rf=Y,강원도 속초시 동명동 361-1번지 외 23필지,강원도,속초시,동명동,,,강원도 속초시,0.0,798,72,601.0,1.32
[동명동],131668,5,속초디오션자이,2023.08.,454.0,56.66,187.32,39.92,131.98,3,,,,,,,,,4,2,계단식,187B,43.0,40.0,https://new.land.naver.com/complexes/131668?tab=detail&rf=Y,강원도 속초시 동명동 361-1번지 외 23필지,강원도,속초시,동명동,,,강원도 속초시,0.0,798,72,601.0,1.32
[동명동],131668,6,속초디오션자이,2023.08.,454.0,57.06,188.66,39.92,131.98,3,,,,,,,,,3,2,계단식,188A,43.0,40.0,https://new.land.naver.com/complexes/131668?tab=detail&rf=Y,강원도 속초시 동명동 361-1번지 외 23필지,강원도,속초시,동명동,,,강원도 속초시,0.0,798,72,601.0,1.32
[동명동],110383,1,e편한세상영랑호,2017.10.,497.0,30.18,99.77,22.57,74.64,50,,,,,,,,,3,2,계단식,99,29.0,26.0,https://new.land.naver.com/complexes/110383?tab=detail&rf=Y,강원도 속초시 동명동 596,강원도,속초시,동명동,,,강원도 속초시 번영로129번길 22,0.0,261,15,563.0,1.13
[동명동],110383,2,e편한세상영랑호,2017.10.,497.0,34.16,112.93,25.69,84.94,112,,,,,,,,,3,2,계단식,112A,29.0,26.0,https://new.land.naver.com/complexes/110383?tab=detail&rf=Y,강원도 속초시 동명동 596,강원도,속초시,동명동,,,강원도 속초시 번영로129번길 22,0.0,261,15,563.0,1.13
[동명동],110383,3,e편한세상영랑호,2017.10.,497.0,34.45,113.91,25.68,84.91,218,,,,,,,,,3,2,계단식,113C,29.0,26.0,https://new.land.naver.com/complexes/110383?tab=detail&rf=Y,강원도 속초시 동명동 596,강원도,속초시,동명동,,,강원도 속초시 번영로129번길 22,0.0,261,15,563.0,1.13
[동명동],110383,4,e편한세상영랑호,2017.10.,497.0,34.22,113.15,25.69,84.94,57,,,,,,,,,3,2,계단식,113B,29.0,26.0,https://new.land.naver.com/complexes/110383?tab=detail&rf=Y,강원도 속초시 동명동 596,강원도,속초시,동명동,,,강원도 속초시 번영로129번길 22,0.0,261,15,563.0,1.13
[동명동],110383,5,e편한세상영랑호,2017.10.,497.0,46.23,152.84,34.72,114.78,53,,,,,,,,,4,2,계단식,152,29.0,26.0,https://new.land.naver.com/complexes/110383?tab=detail&rf=Y,강원도 속초시 동명동 596,강원도,속초시,동명동,,,강원도 속초시 번영로129번길 22,0.0,261,15,563.0,1.13
[동명동],110383,6,e편한세상영랑호,2017.10.,497.0,58.04,191.87,43.08,142.43,2,,,,,,,,,4,2,계단식,191B,29.0,26.0,https://new.land.naver.com/complexes/110383?tab=detail&rf=Y,강원도 속초시 동명동 596,강원도,속초시,동명동,,,강원도 속초시 번영로129번길 22,0.0,261,15,563.0,1.13
[동명동],110383,7,e편한세상영랑호,2017.10.,497.0,57.91,191.45,43.16,142.7,1,,,,,,,,,4,2,계단식,191C,29.0,26.0,https://new.land.naver.com/complexes/110383?tab=detail&rf=Y,강원도 속초시 동명동 596,강원도,속초시,동명동,,,강원도 속초시 번영로129번길 22,0.0,261,15,563.0,1.13
[동명동],110383,8,e편한세상영랑호,2017.10.,497.0,58.51,193.44,43.18,142.76,4,,,,,,,,,4,2,계단식,193A,29.0,26.0,https://new.land.naver.com/complexes/110383?tab=detail&rf=Y,강원도 속초시 동명동 596,강원도,속초시,동명동,,,강원도 속초시 번영로129번길 22,0.0,261,15,563.0,1.13
[동명동],122331,1,속초인트레빌하버뷰(도시형),2019.04.,28.0,21.25,70.25,13.83,45.75,7,,,,,,,,,1,1,복도식,70,13.0,13.0,https://new.land.naver.com/complexes/122331?tab=detail&rf=Y,강원도 속초시 동명동 287,강원도,속초시,동명동,,,강원도 속초시 법대로 20,0.0,219,30,18.0,0.64
[동명동],122331,2,속초인트레빌하버뷰(도시형),2019.04.,28.0,21.87,72.31,14.24,47.09,21,,,,,,,,,1,1,복도식,72,13.0,13.0,https://new.land.naver.com/complexes/122331?tab=detail&rf=Y,강원도 속초시 동명동 287,강원도,속초시,동명동,,,강원도 속초시 법대로 20,0.0,219,30,18.0,0.64
[동명동],143652,1,아레테영랑(도시형),2019.10.,49.0,15.16,50.12,12.03,39.78,1,,,,,,,,,2,1,계단식,50,11.0,10.0,https://new.land.naver.com/complexes/143652?tab=detail&rf=Y,강원도 속초시 동명동 562,강원도,속초시,동명동,,,강원도 속초시 번영로 139,0.0,170,21,52.0,1.06
[동명동],143652,2,아레테영랑(도시형),2019.10.,49.0,17.53,57.97,13.91,46.01,1,,,,,,,,,2,1,계단식,57A,11.0,10.0,https://new.land.naver.com/complexes/143652?tab=detail&rf=Y,강원도 속초시 동명동 562,강원도,속초시,동명동,,,강원도 속초시 번영로 139,0.0,170,21,52.0,1.06
[동명동],143652,3,아레테영랑(도시형),2019.10.,49.0,17.85,59.04,14.17,46.87,6,,,,,,,,,2,1,계단식,59B,11.0,10.0,https://new.land.naver.com/complexes/143652?tab=detail&rf=Y,강원도 속초시 동명동 562,강원도,속초시,동명동,,,강원도 속초시 번영로 139,0.0,170,21,52.0,1.06
[동명동],143652,4,아레테영랑(도시형),2019.10.,49.0,18.75,61.99,14.88,49.2,30,,,,,,,,,2,1,계단식,61A,11.0,10.0,https://new.land.naver.com/complexes/143652?tab=detail&rf=Y,강원도 속초시 동명동 562,강원도,속초시,동명동,,,강원도 속초시 번영로 139,0.0,170,21,52.0,1.06
[동명동],143652,5,아레테영랑(도시형),2019.10.,49.0,18.48,61.1,14.67,48.5,10,,,,,,,,,2,1,계단식,61C,11.0,10.0,https://new.land.naver.com/complexes/143652?tab=detail&rf=Y,강원도 속초시 동명동 562,강원도,속초시,동명동,,,강원도 속초시 번영로 139,0.0,170,21,52.0,1.06
[동명동],143652,6,아레테영랑(도시형),2019.10.,49.0,19.01,62.85,15.08,49.88,1,,,,,,,,,2,1,계단식,62B,11.0,10.0,https://new.land.naver.com/complexes/143652?tab=detail&rf=Y,강원도 속초시 동명동 562,강원도,속초시,동명동,,,강원도 속초시 번영로 139,0.0,170,21,52.0,1.06
[동명동],117961,1,속초더-조은펠리스,2015.11.,19.0,42.38,140.1,38.77,128.19,6,,,,,,,,,4,2,계단식,140,7.0,6.0,https://new.land.naver.com/complexes/117961?tab=detail&rf=Y,강원도 속초시 동명동 595-2,강원도,속초시,동명동,,,강원도 속초시 번영로105번길 77,0.0,161,26,26.0,1.37
[동명동],117961,2,속초더-조은펠리스,2015.11.,19.0,48.95,161.83,44.79,148.07,6,,,,,,,,,4,2,계단식,161A,7.0,6.0,https://new.land.naver.com/complexes/117961?tab=detail&rf=Y,강원도 속초시 동명동 595-2,강원도,속초시,동명동,,,강원도 속초시 번영로105번길 77,0.0,161,26,26.0,1.37
[동명동],117961,3,속초더-조은펠리스,2015.11.,19.0,49.33,163.1,45.14,149.23,6,,,,,,,,,4,2,계단식,163B,7.0,6.0,https://new.land.naver.com/complexes/117961?tab=detail&rf=Y,강원도 속초시 동명동 595-2,강원도,속초시,동명동,,,강원도 속초시 번영로105번길 77,0.0,161,26,26.0,1.37
[동명동],117961,4,속초더-조은펠리스,2015.11.,19.0,59.66,197.23,54.6,180.51,1,,,,,,,,,5,3,계단식,197,7.0,6.0,https://new.land.naver.com/complexes/117961?tab=detail&rf=Y,강원도 속초시 동명동 595-2,강원도,속초시,동명동,,,강원도 속초시 번영로105번길 77,0.0,161,26,26.0,1.37
[동명동],6265,1,대명타워영랑호,1997.11.,188.0,25.35,83.81,18.12,59.93,128,,,,,,,,,3,2,계단식,83,15.0,6.0,https://new.land.naver.com/complexes/6265?tab=detail&rf=Y,강원도 속초시 동명동 512,강원도,속초시,동명동,,,강원도 속초시 영랑호반길 103,0.0,299,24,131.0,0.7
[동명동],6265,2,대명타워영랑호,1997.11.,188.0,31.02,102.57,25.68,84.9,60,,,,,,,,,3,2,계단식,102,15.0,6.0,https://new.land.naver.com/complexes/6265?tab=detail&rf=Y,강원도 속초시 동명동 512,강원도,속초시,동명동,,,강원도 속초시 영랑호반길 103,0.0,299,24,131.0,0.7
[동명동],144617,1,속초동명휴티스오션시티,2023.12.,90.0,24.16,79.88,18.1,59.84,31,,,,,,,,,3,2,계단식,79A,20.0,17.0,https://new.land.naver.com/complexes/144617?tab=detail&rf=Y,강원도 속초시 동명동 306-10번지 일원,강원도,속초시,동명동,,,강원도 속초시,0.0,180,33,105.0,1.17
[동명동],144617,2,속초동명휴티스오션시티,2023.12.,90.0,24.03,79.45,18.13,59.95,18,,,,,,,,,3,2,계단식,79B,20.0,17.0,https://new.land.naver.com/complexes/144617?tab=detail&rf=Y,강원도 속초시 동명동 306-10번지 일원,강원도,속초시,동명동,,,강원도 속초시,0.0,180,33,105.0,1.17
[동명동],144617,3,속초동명휴티스오션시티,2023.12.,90.0,24.16,79.88,18.02,59.59,18,,,,,,,,,3,2,계단식,79C,20.0,17.0,https://new.land.naver.com/complexes/144617?tab=detail&rf=Y,강원도 속초시 동명동 306-10번지 일원,강원도,속초시,동명동,,,강원도 속초시,0.0,180,33,105.0,1.17
[동명동],144617,4,속초동명휴티스오션시티,2023.12.,90.0,24.44,80.82,18.12,59.91,18,,,,,,,,,3,2,계단식,80D,20.0,17.0,https://new.land.naver.com/complexes/144617?tab=detail&rf=Y,강원도 속초시 동명동 306-10번지 일원,강원도,속초시,동명동,,,강원도 속초시,0.0,180,33,105.0,1.17
[동명동],144617,5,속초동명휴티스오션시티,2023.12.,90.0,40.33,133.35,29.92,98.92,1,,,,,,,,,4,2,계단식,133PC,20.0,17.0,https://new.land.naver.com/complexes/144617?tab=detail&rf=Y,강원도 속초시 동명동 306-10번지 일원,강원도,속초시,동명동,,,강원도 속초시,0.0,180,33,105.0,1.17
[동명동],144617,6,속초동명휴티스오션시티,2023.12.,90.0,40.83,134.98,30.02,99.27,1,,,,,,,,,4,2,계단식,134PD,20.0,17.0,https://new.land.naver.com/complexes/144617?tab=detail&rf=Y,강원도 속초시 동명동 306-10번지 일원,강원도,속초시,동명동,,,강원도 속초시,0.0,180,33,105.0,1.17
[동명동],144617,7,속초동명휴티스오션시티,2023.12.,90.0,44.7,147.8,33.66,111.28,1,,,,,,,,,4,2,계단식,147PB,20.0,17.0,https://new.land.naver.com/complexes/144617?tab=detail&rf=Y,강원도 속초시 동명동 306-10번지 일원,강원도,속초시,동명동,,,강원도 속초시,0.0,180,33,105.0,1.17
[동명동],144617,8,속초동명휴티스오션시티,2023.12.,90.0,46.26,152.94,34.64,114.52,2,,,,,,,,,4,2,계단식,152PA,20.0,17.0,https://new.land.naver.com/complexes/144617?tab=detail&rf=Y,강원도 속초시 동명동 306-10번지 일원,강원도,속초시,동명동,,,강원도 속초시,0.0,180,33,105.0,1.17
[동명동],101637,1,설악타워맨션,1989.07.,84.0,25.05,82.83,19.42,64.2,37,,,,,,,,,3,1,계단식,82A,13.0,13.0,https://new.land.naver.com/complexes/101637?tab=detail&rf=Y,강원도 속초시 동명동 514,강원도,속초시,동명동,,,강원도 속초시 번영로129번길 6,0.0,0,0,0.0,0.0
[동명동],101637,2,설악타워맨션,1989.07.,84.0,25.07,82.88,19.43,64.25,1,,,,,,,,,3,1,계단식,82B,13.0,13.0,https://new.land.naver.com/complexes/101637?tab=detail&rf=Y,강원도 속초시 동명동 514,강원도,속초시,동명동,,,강원도 속초시 번영로129번길 6,0.0,0,0,0.0,0.0
[동명동],101637,3,설악타워맨션,1989.07.,84.0,28.56,94.44,22.14,73.2,25,,,,,,,,,3,1,계단식,94A,13.0,13.0,https://new.land.naver.com/complexes/101637?tab=detail&rf=Y,강원도 속초시 동명동 514,강원도,속초시,동명동,,,강원도 속초시 번영로129번길 6,0.0,0,0,0.0,0.0
[동명동],101637,4,설악타워맨션,1989.07.,84.0,28.74,95.03,22.27,73.65,8,,,,,,,,,3,1,계단식,95B,13.0,13.0,https://new.land.naver.com/complexes/101637?tab=detail&rf=Y,강원도 속초시 동명동 514,강원도,속초시,동명동,,,강원도 속초시 번영로129번길 6,0.0,0,0,0.0,0.0
[동명동],101637,5,설악타워맨션,1989.07.,84.0,33.14,109.58,25.69,84.93,13,,,,,,,,,3,1,계단식,109,13.0,13.0,https://new.land.naver.com/complexes/101637?tab=detail&rf=Y,강원도 속초시 동명동 514,강원도,속초시,동명동,,,강원도 속초시 번영로129번길 6,0.0,0,0,0.0,0.0
[동명동],102345,1,영금정,1991.08.,50.0,18.83,62.26,15.29,50.56,20,,,,,,,,,2,1,계단식,62,5.0,5.0,https://new.land.naver.com/complexes/102345?tab=detail&rf=Y,강원도 속초시 동명동 1-148,강원도,속초시,동명동,,,강원도 속초시 영랑해안길 6,0.0,0,0,0.0,0.0
[동명동],102345,2,영금정,1991.08.,50.0,21.56,71.3,17.98,59.46,30,,,,,,,,,3,1,계단식,71,5.0,5.0,https://new.land.naver.com/complexes/102345?tab=detail&rf=Y,강원도 속초시 동명동 1-148,강원도,속초시,동명동,,,강원도 속초시 영랑해안길 6,0.0,0,0,0.0,0.0
[동명동],134151,1,속초롯데캐슬인더스카이,2023.02.,568.0,24.47,80.92,18.11,59.88,37,,,,,,,,,3,2,계단식,80,29.0,11.0,https://new.land.naver.com/complexes/134151?tab=detail&rf=Y,강원도 속초시 동명동 436-1 일원,강원도,속초시,동명동,,,강원도 속초시 우렁3길 20,0.0,0,0,730.0,1.29
[동명동],134151,2,속초롯데캐슬인더스카이,2023.02.,568.0,32.21,106.49,24.18,79.94,149,,,,,,,,,3,2,계단식,106A,29.0,11.0,https://new.land.naver.com/complexes/134151?tab=detail&rf=Y,강원도 속초시 동명동 436-1 일원,강원도,속초시,동명동,,,강원도 속초시 우렁3길 20,0.0,0,0,730.0,1.29
[동명동],134151,3,속초롯데캐슬인더스카이,2023.02.,568.0,32.14,106.28,24.12,79.75,24,,,,,,,,,3,2,계단식,106B,29.0,11.0,https://new.land.naver.com/complexes/134151?tab=detail&rf=Y,강원도 속초시 동명동 436-1 일원,강원도,속초시,동명동,,,강원도 속초시 우렁3길 20,0.0,0,0,730.0,1.29
[동명동],134151,4,속초롯데캐슬인더스카이,2023.02.,568.0,34.27,113.32,25.7,84.98,195,,,,,,,,,3,2,계단식,113A,29.0,11.0,https://new.land.naver.com/complexes/134151?tab=detail&rf=Y,강원도 속초시 동명동 436-1 일원,강원도,속초시,동명동,,,강원도 속초시 우렁3길 20,0.0,0,0,730.0,1.29
[동명동],134151,5,속초롯데캐슬인더스카이,2023.02.,568.0,34.2,113.09,25.7,84.96,24,,,,,,,,,3,2,계단식,113D,29.0,11.0,https://new.land.naver.com/complexes/134151?tab=detail&rf=Y,강원도 속초시 동명동 436-1 일원,강원도,속초시,동명동,,,강원도 속초시 우렁3길 20,0.0,0,0,730.0,1.29
[동명동],134151,6,속초롯데캐슬인더스카이,2023.02.,568.0,34.55,114.22,25.65,84.81,84,,,,,,,,,3,2,계단식,114C,29.0,11.0,https://new.land.naver.com/complexes/134151?tab=detail&rf=Y,강원도 속초시 동명동 436-1 일원,강원도,속초시,동명동,,,강원도 속초시 우렁3길 20,0.0,0,0,730.0,1.29
[동명동],134151,7,속초롯데캐슬인더스카이,2023.02.,568.0,34.67,114.64,25.59,84.6,49,,,,,,,,,3,2,계단식,114B,29.0,11.0,https://new.land.naver.com/complexes/134151?tab=detail&rf=Y,강원도 속초시 동명동 436-1 일원,강원도,속초시,동명동,,,강원도 속초시 우렁3길 20,0.0,0,0,730.0,1.29
[동명동],134151,8,속초롯데캐슬인더스카이,2023.02.,568.0,48.11,159.07,35.59,117.67,2,,,,,,,,,3,3,계단식,159A,29.0,11.0,https://new.land.naver.com/complexes/134151?tab=detail&rf=Y,강원도 속초시 동명동 436-1 일원,강원도,속초시,동명동,,,강원도 속초시 우렁3길 20,0.0,0,0,730.0,1.29
[동명동],134151,9,속초롯데캐슬인더스카이,2023.02.,568.0,48.46,160.2,35.57,117.59,1,,,,,,,,,4,3,계단식,160B,29.0,11.0,https://new.land.naver.com/complexes/134151?tab=detail&rf=Y,강원도 속초시 동명동 436-1 일원,강원도,속초시,동명동,,,강원도 속초시 우렁3길 20,0.0,0,0,730.0,1.29
[동명동],134151,10,속초롯데캐슬인더스카이,2023.02.,568.0,52.54,173.71,38.98,128.86,1,,,,,,,,,4,3,계단식,173C,29.0,11.0,https://new.land.naver.com/complexes/134151?tab=detail&rf=Y,강원도 속초시 동명동 436-1 일원,강원도,속초시,동명동,,,강원도 속초시 우렁3길 20,0.0,0,0,730.0,1.29
[동명동],134151,11,속초롯데캐슬인더스카이,2023.02.,568.0,52.94,175.03,38.76,128.16,1,,,,,,,,,4,3,계단식,175A,29.0,11.0,https://new.land.naver.com/complexes/134151?tab=detail&rf=Y,강원도 속초시 동명동 436-1 일원,강원도,속초시,동명동,,,강원도 속초시 우렁3길 20,0.0,0,0,730.0,1.29
[동명동],134151,12,속초롯데캐슬인더스카이,2023.02.,568.0,52.99,175.18,39.01,128.97,1,,,,,,,,,4,3,계단식,175B,29.0,11.0,https://new.land.naver.com/complexes/134151?tab=detail&rf=Y,강원도 속초시 동명동 436-1 일원,강원도,속초시,동명동,,,강원도 속초시 우렁3길 20,0.0,0,0,730.0,1.29
[설악동],136222,1,현대설악빌리지,1990.12.,140.0,15.19,50.22,11.65,38.52,36,,,,,,,,,2,1,계단식,50,3.0,3.0,https://new.land.naver.com/complexes/136222?tab=detail&rf=Y,강원도 속초시 설악동 348-2,강원도,속초시,설악동,,,강원도 속초시 청봉로1길 21,0.0,0,0,0.0,0.0
[설악동],136222,2,현대설악빌리지,1990.12.,140.0,18.86,62.36,14.81,48.96,12,,,,,,,,,2,1,계단식,62,3.0,3.0,https://new.land.naver.com/complexes/136222?tab=detail&rf=Y,강원도 속초시 설악동 348-2,강원도,속초시,설악동,,,강원도 속초시 청봉로1길 21,0.0,0,0,0.0,0.0
[설악동],136222,3,현대설악빌리지,1990.12.,140.0,20.26,67.0,18.18,60.11,24,,,,,,,,,2,1,계단식,67,3.0,3.0,https://new.land.naver.com/complexes/136222?tab=detail&rf=Y,강원도 속초시 설악동 348-2,강원도,속초시,설악동,,,강원도 속초시 청봉로1길 21,0.0,0,0,0.0,0.0
[설악동],136222,4,현대설악빌리지,1990.12.,140.0,20.53,67.87,14.81,48.96,2,,,,,,,,,2,1,계단식,67,3.0,3.0,https://new.land.naver.com/complexes/136222?tab=detail&rf=Y,강원도 속초시 설악동 348-2,강원도,속초시,설악동,,,강원도 속초시 청봉로1길 21,0.0,0,0,0.0,0.0
[설악동],136222,5,현대설악빌리지,1990.12.,140.0,23.39,77.33,18.7,61.83,42,,,,,,,,,3,1,계단식,77,3.0,3.0,https://new.land.naver.com/complexes/136222?tab=detail&rf=Y,강원도 속초시 설악동 348-2,강원도,속초시,설악동,,,강원도 속초시 청봉로1길 21,0.0,0,0,0.0,0.0
[설악동],136222,6,현대설악빌리지,1990.12.,140.0,28.88,95.5,23.39,77.34,12,,,,,,,,,3,2,계단식,95A,3.0,3.0,https://new.land.naver.com/complexes/136222?tab=detail&rf=Y,강원도 속초시 설악동 348-2,강원도,속초시,설악동,,,강원도 속초시 청봉로1길 21,0.0,0,0,0.0,0.0
[설악동],136222,7,현대설악빌리지,1990.12.,140.0,28.75,95.05,26.98,89.2,12,,,,,,,,,3,2,계단식,95B,3.0,3.0,https://new.land.naver.com/complexes/136222?tab=detail&rf=Y,강원도 속초시 설악동 348-2,강원도,속초시,설악동,,,강원도 속초시 청봉로1길 21,0.0,0,0,0.0,0.0
[영랑동],100419,1,속초동현,1991.06.,92.0,31.06,102.68,25.7,84.96,56,,,,,,,,,3,2,계단식,102,15.0,9.0,https://new.land.naver.com/complexes/100419?tab=detail&rf=Y,강원도 속초시 영랑동 200,강원도,속초시,영랑동,,,강원도 속초시 영랑로7길 13,0.0,0,0,0.0,0.0
[영랑동],100419,2,속초동현,1991.06.,92.0,32.01,105.84,25.7,84.96,36,,,,,,,,,3,2,계단식,105,15.0,9.0,https://new.land.naver.com/complexes/100419?tab=detail&rf=Y,강원도 속초시 영랑동 200,강원도,속초시,영랑동,,,강원도 속초시 영랑로7길 13,0.0,0,0,0.0,0.0
[영랑동],27870,1,대명드림빌,2004.11.,110.0,28.16,93.12,17.7,58.54,26,,,,,,,,,3,2,계단식,93,15.0,13.0,https://new.land.naver.com/complexes/27870?tab=detail&rf=Y,강원도 속초시 영랑동 180-1,강원도,속초시,영랑동,,,강원도 속초시 영랑로 23,0.0,0,0,122.0,1.11
[영랑동],27870,2,대명드림빌,2004.11.,110.0,37.45,123.83,25.52,84.37,84,,,,,,,,,3,2,계단식,123,15.0,13.0,https://new.land.naver.com/complexes/27870?tab=detail&rf=Y,강원도 속초시 영랑동 180-1,강원도,속초시,영랑동,,,강원도 속초시 영랑로 23,0.0,0,0,122.0,1.11
[영랑동],13581,1,양우비치타워맨션,1990.11.,218.0,18.32,60.59,13.24,43.78,1,,,,,,,,,2,1,복도식,60,15.0,8.0,https://new.land.naver.com/complexes/13581?tab=detail&rf=Y,강원도 속초시 영랑동 157,강원도,속초시,영랑동,,,강원도 속초시 영랑로4길 10,0.0,0,0,0.0,0.0
[영랑동],13581,2,양우비치타워맨션,1990.11.,218.0,25.11,83.02,18.14,59.98,137,,,,,,,,,3,1,복도식,83,15.0,8.0,https://new.land.naver.com/complexes/13581?tab=detail&rf=Y,강원도 속초시 영랑동 157,강원도,속초시,영랑동,,,강원도 속초시 영랑로4길 10,0.0,0,0,0.0,0.0
[영랑동],13581,3,양우비치타워맨션,1990.11.,218.0,35.37,116.94,25.55,84.49,61,,,,,,,,,3,2,복도식,116,15.0,8.0,https://new.land.naver.com/complexes/13581?tab=detail&rf=Y,강원도 속초시 영랑동 157,강원도,속초시,영랑동,,,강원도 속초시 영랑로4길 10,0.0,0,0,0.0,0.0
[영랑동],13581,4,양우비치타워맨션,1990.11.,218.0,44.49,147.08,32.14,106.27,19,,,,,,,,,4,2,복도식,147,15.0,8.0,https://new.land.naver.com/complexes/13581?tab=detail&rf=Y,강원도 속초시 영랑동 157,강원도,속초시,영랑동,,,강원도 속초시 영랑로4길 10,0.0,0,0,0.0,0.0
[영랑동],102346,1,송하,1988.02.,133.0,15.36,50.79,12.07,39.93,55,,,,,,,,,2,1,계단식,50A,5.0,3.0,https://new.land.naver.com/complexes/102346?tab=detail&rf=Y,강원도 속초시 영랑동 160-1,강원도,속초시,영랑동,,,강원도 속초시 영랑로3길 22,0.0,0,0,0.0,0.0
[영랑동],102346,2,송하,1988.02.,133.0,15.51,51.3,12.23,40.44,40,,,,,,,,,2,1,계단식,51B,5.0,3.0,https://new.land.naver.com/complexes/102346?tab=detail&rf=Y,강원도 속초시 영랑동 160-1,강원도,속초시,영랑동,,,강원도 속초시 영랑로3길 22,0.0,0,0,0.0,0.0
[영랑동],102346,3,송하,1988.02.,133.0,16.52,54.63,12.43,41.1,12,,,,,,,,,2,1,계단식,54,5.0,3.0,https://new.land.naver.com/complexes/102346?tab=detail&rf=Y,강원도 속초시 영랑동 160-1,강원도,속초시,영랑동,,,강원도 속초시 영랑로3길 22,0.0,0,0,0.0,0.0
[영랑동],102346,4,송하,1988.02.,133.0,17.79,58.84,14.41,47.64,20,,,,,,,,,3,1,계단식,58,5.0,3.0,https://new.land.naver.com/complexes/102346?tab=detail&rf=Y,강원도 속초시 영랑동 160-1,강원도,속초시,영랑동,,,강원도 속초시 영랑로3길 22,0.0,0,0,0.0,0.0
[영랑동],102346,5,송하,1988.02.,133.0,19.39,64.11,14.42,47.67,6,,,,,,,,,3,1,계단식,64,5.0,3.0,https://new.land.naver.com/complexes/102346?tab=detail&rf=Y,강원도 속초시 영랑동 160-1,강원도,속초시,영랑동,,,강원도 속초시 영랑로3길 22,0.0,0,0,0.0,0.0
[영랑동],126763,1,무궁화,1990.11.,30.0,25.37,83.88,20.47,67.7,30,,,,,,,,,3,1,계단식,83,5.0,5.0,https://new.land.naver.com/complexes/126763?tab=detail&rf=Y,강원도 속초시 영랑동 216-2,강원도,속초시,영랑동,,,강원도 속초시 영랑로2길 11,0.0,0,0,0.0,0.0
[장사동],142042,1,속초영랑호엘크루라테라,2023.01.,200.0,28.32,93.63,22.35,73.9,24,,,,,,,,,3,2,계단식,93A,4.0,4.0,https://new.land.naver.com/complexes/142042?tab=detail&rf=Y,강원도 속초시 장사동 산 278-7번지 일원,강원도,속초시,장사동,,,강원도 속초시,0.0,0,0,298.0,1.49
[장사동],142042,2,속초영랑호엘크루라테라,2023.01.,200.0,28.32,93.63,22.35,73.9,24,,,,,,,,,3,2,계단식,93C,4.0,4.0,https://new.land.naver.com/complexes/142042?tab=detail&rf=Y,강원도 속초시 장사동 산 278-7번지 일원,강원도,속초시,장사동,,,강원도 속초시,0.0,0,0,298.0,1.49
[장사동],142042,3,속초영랑호엘크루라테라,2023.01.,200.0,29.27,96.78,23.15,76.56,48,,,,,,,,,3,2,계단식,96B,4.0,4.0,https://new.land.naver.com/complexes/142042?tab=detail&rf=Y,강원도 속초시 장사동 산 278-7번지 일원,강원도,속초시,장사동,,,강원도 속초시,0.0,0,0,298.0,1.49
[장사동],142042,4,속초영랑호엘크루라테라,2023.01.,200.0,31.88,105.4,25.15,83.17,18,,,,,,,,,3,2,계단식,105A,4.0,4.0,https://new.land.naver.com/complexes/142042?tab=detail&rf=Y,강원도 속초시 장사동 산 278-7번지 일원,강원도,속초시,장사동,,,강원도 속초시,0.0,0,0,298.0,1.49
[장사동],142042,5,속초영랑호엘크루라테라,2023.01.,200.0,31.88,105.4,25.15,83.17,18,,,,,,,,,3,2,계단식,105C,4.0,4.0,https://new.land.naver.com/complexes/142042?tab=detail&rf=Y,강원도 속초시 장사동 산 278-7번지 일원,강원도,속초시,장사동,,,강원도 속초시,0.0,0,0,298.0,1.49
[장사동],142042,6,속초영랑호엘크루라테라,2023.01.,200.0,32.45,107.29,25.64,84.77,36,,,,,,,,,3,2,계단식,107B,4.0,4.0,https://new.land.naver.com/complexes/142042?tab=detail&rf=Y,강원도 속초시 장사동 산 278-7번지 일원,강원도,속초시,장사동,,,강원도 속초시,0.0,0,0,298.0,1.49
[장사동],142042,7,속초영랑호엘크루라테라,2023.01.,200.0,40.73,134.65,32.39,107.09,8,,,,,,,,,3,2,계단식,134A,4.0,4.0,https://new.land.naver.com/complexes/142042?tab=detail&rf=Y,강원도 속초시 장사동 산 278-7번지 일원,강원도,속초시,장사동,,,강원도 속초시,0.0,0,0,298.0,1.49
[장사동],142042,8,속초영랑호엘크루라테라,2023.01.,200.0,40.73,134.65,32.39,107.09,8,,,,,,,,,3,2,계단식,134C,4.0,4.0,https://new.land.naver.com/complexes/142042?tab=detail&rf=Y,강원도 속초시 장사동 산 278-7번지 일원,강원도,속초시,장사동,,,강원도 속초시,0.0,0,0,298.0,1.49
[장사동],142042,9,속초영랑호엘크루라테라,2023.01.,200.0,41.76,138.08,33.27,109.99,16,,,,,,,,,3,2,계단식,138B,4.0,4.0,https://new.land.naver.com/complexes/142042?tab=detail&rf=Y,강원도 속초시 장사동 산 278-7번지 일원,강원도,속초시,장사동,,,강원도 속초시,0.0,0,0,298.0,1.49
[장사동],143439,1,우림,1986.11.,60.0,20.69,68.4,18.94,62.64,60,,,,,,,,,3,2,계단식,68,3.0,3.0,https://new.land.naver.com/complexes/143439?tab=detail&rf=Y,강원도 속초시 장사동 518-7,강원도,속초시,장사동,,,강원도 속초시 중앙로 437-6,0.0,43,14,0.0,0.0
[장사동],108623,1,속초대희지센트,2013.07.,99.0,32.04,105.94,25.67,84.87,87,,,,,,,,,3,2,계단식,105A,6.0,6.0,https://new.land.naver.com/complexes/108623?tab=detail&rf=Y,강원도 속초시 장사동 650,강원도,속초시,장사동,,,강원도 속초시 사진길 34,0.0,119,28,100.0,1.01
[장사동],108623,2,속초대희지센트,2013.07.,99.0,32.26,106.66,25.7,84.98,6,,,,,,,,,3,2,계단식,106B,6.0,6.0,https://new.land.naver.com/complexes/108623?tab=detail&rf=Y,강원도 속초시 장사동 650,강원도,속초시,장사동,,,강원도 속초시 사진길 34,0.0,119,28,100.0,1.01
[장사동],108623,3,속초대희지센트,2013.07.,99.0,40.52,133.97,32.64,107.93,6,,,,,,,,,4,2,계단식,133,6.0,6.0,https://new.land.naver.com/complexes/108623?tab=detail&rf=Y,강원도 속초시 장사동 650,강원도,속초시,장사동,,,강원도 속초시 사진길 34,0.0,119,28,100.0,1.01
[장사동],136544,1,인트라움,2018.04.,28.0,58.94,194.85,48.9,161.67,8,,,,,,,,,5,3,계단식,194,4.0,3.0,https://new.land.naver.com/complexes/136544?tab=detail&rf=Y,강원도 속초시 장사동 647-16,강원도,속초시,장사동,,,강원도 속초시 영랑호반길 575,0.0,64,19,76.0,2.71
[장사동],136544,2,인트라움,2018.04.,28.0,59.56,196.9,49.41,163.37,9,,,,,,,,,5,3,계단식,196A,4.0,3.0,https://new.land.naver.com/complexes/136544?tab=detail&rf=Y,강원도 속초시 장사동 647-16,강원도,속초시,장사동,,,강원도 속초시 영랑호반길 575,0.0,64,19,76.0,2.71
[장사동],136544,3,인트라움,2018.04.,28.0,59.56,196.92,49.42,163.39,3,,,,,,,,,5,3,계단식,196B,4.0,3.0,https://new.land.naver.com/complexes/136544?tab=detail&rf=Y,강원도 속초시 장사동 647-16,강원도,속초시,장사동,,,강원도 속초시 영랑호반길 575,0.0,64,19,76.0,2.71
[장사동],136544,4,인트라움,2018.04.,28.0,60.18,198.96,49.93,165.08,8,,,,,,,,,5,3,계단식,198C,4.0,3.0,https://new.land.naver.com/complexes/136544?tab=detail&rf=Y,강원도 속초시 장사동 647-16,강원도,속초시,장사동,,,강원도 속초시 영랑호반길 575,0.0,64,19,76.0,2.71
[장사동],144261,1,영랑호수빌Ⅱ,2017.05.,16.0,23.69,78.33,18.02,59.58,8,,,,,,,,,3,1,복도식,78B,5.0,5.0,https://new.land.naver.com/complexes/144261?tab=detail&rf=Y,강원도 속초시 장사동 645-4,강원도,속초시,장사동,,,강원도 속초시 중앙로419번길 33,0.0,118,35,13.0,0.81
[장사동],144261,2,영랑호수빌Ⅱ,2017.05.,16.0,23.62,78.1,17.97,59.41,4,,,,,,,,,3,1,복도식,78A,5.0,5.0,https://new.land.naver.com/complexes/144261?tab=detail&rf=Y,강원도 속초시 장사동 645-4,강원도,속초시,장사동,,,강원도 속초시 중앙로419번길 33,0.0,118,35,13.0,0.81
[장사동],144261,3,영랑호수빌Ⅱ,2017.05.,16.0,28.54,94.36,21.71,71.78,4,,,,,,,,,3,2,복도식,94,5.0,5.0,https://new.land.naver.com/complexes/144261?tab=detail&rf=Y,강원도 속초시 장사동 645-4,강원도,속초시,장사동,,,강원도 속초시 중앙로419번길 33,0.0,118,35,13.0,0.81
[조양동],114121,1,부영6차,1995.07.,440.0,16.9,55.88,12.1,40.0,45,,,,,,,,,2,1,계단식,55,13.0,12.0,https://new.land.naver.com/complexes/114121?tab=detail&rf=Y,강원도 속초시 조양동 1502,강원도,속초시,조양동,,,강원도 속초시 조양로 163,11.0,195,22,211.0,0.48
[조양동],114121,2,부영6차,1995.07.,440.0,21.12,69.85,15.12,50.0,325,,,,,,,,,2,1,계단식,69,13.0,12.0,https://new.land.naver.com/complexes/114121?tab=detail&rf=Y,강원도 속초시 조양동 1502,강원도,속초시,조양동,,,강원도 속초시 조양로 163,11.0,195,22,211.0,0.48
[조양동],114121,3,부영6차,1995.07.,440.0,25.35,83.82,18.15,60.0,59,,,,,,,,,3,1,계단식,83,13.0,12.0,https://new.land.naver.com/complexes/114121?tab=detail&rf=Y,강원도 속초시 조양동 1502,강원도,속초시,조양동,,,강원도 속초시 조양로 163,11.0,195,22,211.0,0.48
[조양동],10833,1,설악빌리지,1990.05.,222.0,23.67,78.27,19.39,64.13,18,,,,,,,,,3,1,계단식,78,3.0,3.0,https://new.land.naver.com/complexes/10833?tab=detail&rf=Y,강원도 속초시 조양동 590-1,강원도,속초시,조양동,,,강원도 속초시 청대마을길 5,0.0,0,0,0.0,0.0
[조양동],10833,2,설악빌리지,1990.05.,222.0,26.48,87.54,22.01,72.78,144,,,,,,,,,3,1,계단식,87,3.0,3.0,https://new.land.naver.com/complexes/10833?tab=detail&rf=Y,강원도 속초시 조양동 590-1,강원도,속초시,조양동,,,강원도 속초시 청대마을길 5,0.0,0,0,0.0,0.0
[조양동],10833,3,설악빌리지,1990.05.,222.0,30.6,101.17,25.7,84.99,60,,,,,,,,,3,2,계단식,101,3.0,3.0,https://new.land.naver.com/complexes/10833?tab=detail&rf=Y,강원도 속초시 조양동 590-1,강원도,속초시,조양동,,,강원도 속초시 청대마을길 5,0.0,0,0,0.0,0.0
[조양동],11870,1,조양대명타워4차,1996.07.,118.0,26.1,86.31,18.12,59.93,118,,,,,,,,,3,2,복도식,86,15.0,15.0,https://new.land.naver.com/complexes/11870?tab=detail&rf=Y,강원도 속초시 조양동 579,강원도,속초시,조양동,,,강원도 속초시 청대로232번길 15-19,0.0,339,28,69.0,0.58
[조양동],100771,1,진덕설악맨션,1990.11.,105.0,19.59,64.79,13.92,46.04,45,,,,,,,,,2,1,계단식,64,15.0,15.0,https://new.land.naver.com/complexes/100771?tab=detail&rf=Y,강원도 속초시 조양동 1377-10,강원도,속초시,조양동,,,강원도 속초시 조양로22번길 4,0.0,0,0,0.0,0.0
[조양동],100771,2,진덕설악맨션,1990.11.,105.0,25.53,84.42,18.14,59.99,60,,,,,,,,,3,1,계단식,84,15.0,15.0,https://new.land.naver.com/complexes/100771?tab=detail&rf=Y,강원도 속초시 조양동 1377-10,강원도,속초시,조양동,,,강원도 속초시 조양로22번길 4,0.0,0,0,0.0,0.0
[조양동],107849,1,속초조양양우내안애,2016.01.,443.0,24.3,80.35,18.08,59.78,174,,,,,,,,,3,2,계단식,80A,15.0,15.0,https://new.land.naver.com/complexes/107849?tab=detail&rf=Y,강원도 속초시 조양동 1569,강원도,속초시,조양동,,,강원도 속초시 온정로1길 30,0.0,228,25,436.0,0.98
[조양동],107849,2,속초조양양우내안애,2016.01.,443.0,24.71,81.69,18.13,59.95,82,,,,,,,,,3,2,계단식,81C,15.0,15.0,https://new.land.naver.com/complexes/107849?tab=detail&rf=Y,강원도 속초시 조양동 1569,강원도,속초시,조양동,,,강원도 속초시 온정로1길 30,0.0,228,25,436.0,0.98
[조양동],107849,3,속초조양양우내안애,2016.01.,443.0,24.69,81.63,18.14,59.99,42,,,,,,,,,3,2,계단식,81D,15.0,15.0,https://new.land.naver.com/complexes/107849?tab=detail&rf=Y,강원도 속초시 조양동 1569,강원도,속초시,조양동,,,강원도 속초시 온정로1길 30,0.0,228,25,436.0,0.98
[조양동],107849,4,속초조양양우내안애,2016.01.,443.0,24.6,81.33,18.14,59.99,28,,,,,,,,,3,2,계단식,81B,15.0,15.0,https://new.land.naver.com/complexes/107849?tab=detail&rf=Y,강원도 속초시 조양동 1569,강원도,속초시,조양동,,,강원도 속초시 온정로1길 30,0.0,228,25,436.0,0.98
[조양동],107849,5,속초조양양우내안애,2016.01.,443.0,28.02,92.66,20.62,68.18,115,,,,,,,,,3,2,계단식,92,15.0,15.0,https://new.land.naver.com/complexes/107849?tab=detail&rf=Y,강원도 속초시 조양동 1569,강원도,속초시,조양동,,,강원도 속초시 온정로1길 30,0.0,228,25,436.0,0.98
[조양동],107849,6,속초조양양우내안애,2016.01.,443.0,41.23,136.32,30.72,101.58,2,,,,,,,,,3,2,계단식,136,15.0,15.0,https://new.land.naver.com/complexes/107849?tab=detail&rf=Y,강원도 속초시 조양동 1569,강원도,속초시,조양동,,,강원도 속초시 온정로1길 30,0.0,228,25,436.0,0.98
[조양동],22952,1,속초조양코아루,2006.10.,224.0,33.03,109.22,25.7,84.98,114,,,,,,,,,3,2,계단식,109A,15.0,12.0,https://new.land.naver.com/complexes/22952?tab=detail&rf=Y,강원도 속초시 조양동 1563,강원도,속초시,조양동,,,강원도 속초시 청대마을길 20,0.0,224,19,280.0,1.25
[조양동],22952,2,속초조양코아루,2006.10.,224.0,33.42,110.5,25.63,84.73,30,,,,,,,,,3,2,계단식,110B,15.0,12.0,https://new.land.naver.com/complexes/22952?tab=detail&rf=Y,강원도 속초시 조양동 1563,강원도,속초시,조양동,,,강원도 속초시 청대마을길 20,0.0,224,19,280.0,1.25
[조양동],22952,3,속초조양코아루,2006.10.,224.0,46.13,152.51,36.32,120.09,80,,,,,,,,,4,2,계단식,152,15.0,12.0,https://new.land.naver.com/complexes/22952?tab=detail&rf=Y,강원도 속초시 조양동 1563,강원도,속초시,조양동,,,강원도 속초시 청대마을길 20,0.0,224,19,280.0,1.25
[조양동],113423,1,속초조양동ES아뜨리움,2017.04.,232.0,24.13,79.78,18.11,59.87,89,,,,,,,,,3,2,계단식,79,18.0,13.0,https://new.land.naver.com/complexes/113423?tab=detail&rf=Y,강원도 속초시 조양동 1571,강원도,속초시,조양동,,,강원도 속초시 조양로 40,0.0,205,29,270.0,1.16
[조양동],113423,2,속초조양동ES아뜨리움,2017.04.,232.0,30.43,100.61,22.85,75.55,15,,,,,,,,,3,2,계단식,100,18.0,13.0,https://new.land.naver.com/complexes/113423?tab=detail&rf=Y,강원도 속초시 조양동 1571,강원도,속초시,조양동,,,강원도 속초시 조양로 40,0.0,205,29,270.0,1.16
[조양동],113423,3,속초조양동ES아뜨리움,2017.04.,232.0,31.95,105.64,24.03,79.46,128,,,,,,,,,3,2,계단식,105,18.0,13.0,https://new.land.naver.com/complexes/113423?tab=detail&rf=Y,강원도 속초시 조양동 1571,강원도,속초시,조양동,,,강원도 속초시 조양로 40,0.0,205,29,270.0,1.16
[조양동],106143,1,조양주공1단지,2000.04.,708.0,23.34,77.17,18.14,59.99,708,,,,,,,,,3,1,계단식,77,15.0,12.0,https://new.land.naver.com/complexes/106143?tab=detail&rf=Y,강원도 속초시 조양동 1217-1,강원도,속초시,조양동,,,강원도 속초시 온정로 6,0.0,187,18,0.0,0.0
[조양동],119542,1,속초양우내안애오션스카이,2021.03.,320.0,34.46,113.93,25.59,84.62,32,,,,,,,,,3,2,계단식,113D,37.0,37.0,https://new.land.naver.com/complexes/119542?tab=detail&rf=Y,강원도 속초시 조양동 1587,강원도,속초시,조양동,,,강원도 속초시 청호로 8,0.0,0,0,441.0,1.38
[조양동],119542,2,속초양우내안애오션스카이,2021.03.,320.0,34.65,114.57,25.64,84.79,64,,,,,,,,,3,2,계단식,114A,37.0,37.0,https://new.land.naver.com/complexes/119542?tab=detail&rf=Y,강원도 속초시 조양동 1587,강원도,속초시,조양동,,,강원도 속초시 청호로 8,0.0,0,0,441.0,1.38
[조양동],119542,3,속초양우내안애오션스카이,2021.03.,320.0,34.75,114.89,25.69,84.95,64,,,,,,,,,3,2,계단식,114C,37.0,37.0,https://new.land.naver.com/complexes/119542?tab=detail&rf=Y,강원도 속초시 조양동 1587,강원도,속초시,조양동,,,강원도 속초시 청호로 8,0.0,0,0,441.0,1.38
[조양동],119542,4,속초양우내안애오션스카이,2021.03.,320.0,34.87,115.29,25.7,84.99,128,,,,,,,,,3,2,계단식,115B,37.0,37.0,https://new.land.naver.com/complexes/119542?tab=detail&rf=Y,강원도 속초시 조양동 1587,강원도,속초시,조양동,,,강원도 속초시 청호로 8,0.0,0,0,441.0,1.38
[조양동],119542,5,속초양우내안애오션스카이,2021.03.,320.0,45.38,150.04,33.97,112.33,32,,,,,,,,,3,2,계단식,150,37.0,37.0,https://new.land.naver.com/complexes/119542?tab=detail&rf=Y,강원도 속초시 조양동 1587,강원도,속초시,조양동,,,강원도 속초시 청호로 8,0.0,0,0,441.0,1.38
[조양동],126744,1,대광로제비앙,2009.12.,362.0,33.01,109.15,25.66,84.85,168,,,,,,,,,3,2,계단식,109A1,17.0,9.0,https://new.land.naver.com/complexes/126744?tab=detail&rf=Y,강원도 속초시 조양동 1568,강원도,속초시,조양동,,,강원도 속초시 온정로1길 11-8,0.0,251,20,382.0,1.06
[조양동],126744,2,대광로제비앙,2009.12.,362.0,33.65,111.24,25.66,84.85,128,,,,,,,,,3,2,계단식,111B1,17.0,9.0,https://new.land.naver.com/complexes/126744?tab=detail&rf=Y,강원도 속초시 조양동 1568,강원도,속초시,조양동,,,강원도 속초시 온정로1길 11-8,0.0,251,20,382.0,1.06
[조양동],126744,3,대광로제비앙,2009.12.,362.0,34.38,113.67,25.66,84.85,17,,,,,,,,,3,2,계단식,113B,17.0,9.0,https://new.land.naver.com/complexes/126744?tab=detail&rf=Y,강원도 속초시 조양동 1568,강원도,속초시,조양동,,,강원도 속초시 온정로1길 11-8,0.0,251,20,382.0,1.06
[조양동],126744,4,대광로제비앙,2009.12.,362.0,34.33,113.5,25.7,84.97,17,,,,,,,,,3,2,계단식,113D,17.0,9.0,https://new.land.naver.com/complexes/126744?tab=detail&rf=Y,강원도 속초시 조양동 1568,강원도,속초시,조양동,,,강원도 속초시 온정로1길 11-8,0.0,251,20,382.0,1.06
[조양동],126744,5,대광로제비앙,2009.12.,362.0,34.31,113.43,25.7,84.97,16,,,,,,,,,3,2,계단식,113A,17.0,9.0,https://new.land.naver.com/complexes/126744?tab=detail&rf=Y,강원도 속초시 조양동 1568,강원도,속초시,조양동,,,강원도 속초시 온정로1길 11-8,0.0,251,20,382.0,1.06
[조양동],126744,6,대광로제비앙,2009.12.,362.0,34.3,113.39,25.66,84.85,16,,,,,,,,,3,2,계단식,113C,17.0,9.0,https://new.land.naver.com/complexes/126744?tab=detail&rf=Y,강원도 속초시 조양동 1568,강원도,속초시,조양동,,,강원도 속초시 온정로1길 11-8,0.0,251,20,382.0,1.06
[조양동],6269,1,부영3차,1996.10.,1320.0,24.38,80.6,18.11,59.9,810,,,,,,,,,3,1,복도식,80,15.0,15.0,https://new.land.naver.com/complexes/6269?tab=detail&rf=Y,강원도 속초시 조양동 1499,강원도,속초시,조양동,,,강원도 속초시 소평로 162,0.0,218,20,1196.0,0.91
[조양동],6269,2,부영3차,1996.10.,1320.0,31.45,103.98,25.67,84.88,210,,,,,,,,,3,2,계단식,103,15.0,15.0,https://new.land.naver.com/complexes/6269?tab=detail&rf=Y,강원도 속초시 조양동 1499,강원도,속초시,조양동,,,강원도 속초시 소평로 162,0.0,218,20,1196.0,0.91
[조양동],6269,3,부영3차,1996.10.,1320.0,47.41,156.76,40.48,133.83,120,,,,,,,,,4,2,계단식,156,15.0,15.0,https://new.land.naver.com/complexes/6269?tab=detail&rf=Y,강원도 속초시 조양동 1499,강원도,속초시,조양동,,,강원도 속초시 소평로 162,0.0,218,20,1196.0,0.91
[조양동],6269,4,부영3차,1996.10.,1320.0,58.08,192.02,50.37,166.53,180,,,,,,,,,5,2,계단식,192,15.0,15.0,https://new.land.naver.com/complexes/6269?tab=detail&rf=Y,강원도 속초시 조양동 1499,강원도,속초시,조양동,,,강원도 속초시 소평로 162,0.0,218,20,1196.0,0.91
[조양동],113743,1,속초KCC스위첸,2019.02.,847.0,24.89,82.31,18.11,59.9,219,,,,,,,,,3,2,계단식,82A,29.0,16.0,https://new.land.naver.com/complexes/113743?tab=detail&rf=Y,강원도 속초시 조양동 1572,강원도,속초시,조양동,,,강원도 속초시 청대로 40,0.0,281,20,963.0,1.14
[조양동],113743,2,속초KCC스위첸,2019.02.,847.0,24.89,82.31,18.11,59.9,44,,,,,,,,,3,2,계단식,82B,29.0,16.0,https://new.land.naver.com/complexes/113743?tab=detail&rf=Y,강원도 속초시 조양동 1572,강원도,속초시,조양동,,,강원도 속초시 청대로 40,0.0,281,20,963.0,1.14
[조양동],113743,3,속초KCC스위첸,2019.02.,847.0,30.88,102.11,22.54,74.52,191,,,,,,,,,3,2,계단식,102,29.0,16.0,https://new.land.naver.com/complexes/113743?tab=detail&rf=Y,강원도 속초시 조양동 1572,강원도,속초시,조양동,,,강원도 속초시 청대로 40,0.0,281,20,963.0,1.14
[조양동],113743,4,속초KCC스위첸,2019.02.,847.0,34.88,115.32,25.7,84.97,378,,,,,,,,,4,2,계단식,115A,29.0,16.0,https://new.land.naver.com/complexes/113743?tab=detail&rf=Y,강원도 속초시 조양동 1572,강원도,속초시,조양동,,,강원도 속초시 청대로 40,0.0,281,20,963.0,1.14
[조양동],113743,5,속초KCC스위첸,2019.02.,847.0,34.95,115.54,25.7,84.97,15,,,,,,,,,4,2,계단식,115B,29.0,16.0,https://new.land.naver.com/complexes/113743?tab=detail&rf=Y,강원도 속초시 조양동 1572,강원도,속초시,조양동,,,강원도 속초시 청대로 40,0.0,281,20,963.0,1.14
[조양동],112706,1,부영5차,1995.07.,1030.0,16.88,55.82,12.1,40.0,104,,,,,,,,,2,1,계단식,55,15.0,12.0,https://new.land.naver.com/complexes/112706?tab=detail&rf=Y,강원도 속초시 조양동 1501,강원도,속초시,조양동,,,강원도 속초시 청대로204번길 40,0.0,219,18,0.0,0.0
[조양동],112706,2,부영5차,1995.07.,1030.0,21.1,69.78,15.12,50.0,881,,,,,,,,,2,1,계단식,69,15.0,12.0,https://new.land.naver.com/complexes/112706?tab=detail&rf=Y,강원도 속초시 조양동 1501,강원도,속초시,조양동,,,강원도 속초시 청대로204번길 40,0.0,219,18,0.0,0.0
[조양동],112706,3,부영5차,1995.07.,1030.0,25.33,83.74,18.15,60.0,45,,,,,,,,,3,1,계단식,83,15.0,12.0,https://new.land.naver.com/complexes/112706?tab=detail&rf=Y,강원도 속초시 조양동 1501,강원도,속초시,조양동,,,강원도 속초시 청대로204번길 40,0.0,219,18,0.0,0.0
[조양동],112705,1,부영2차,1997.10.,220.0,20.59,68.08,15.1,49.92,220,,,,,,,,,2,1,계단식,68,15.0,10.0,https://new.land.naver.com/complexes/112705?tab=detail&rf=Y,강원도 속초시 조양동 1540-1,강원도,속초시,조양동,,,강원도 속초시 조양로142번길 6,0.0,0,0,155.0,0.7
[조양동],100769,1,부영1차,1998.11.,120.0,32.21,106.5,25.63,84.76,120,,,,,,,,,3,2,계단식,106,12.0,12.0,https://new.land.naver.com/complexes/100769?tab=detail&rf=Y,강원도 속초시 조양동 1540,강원도,속초시,조양동,,,강원도 속초시 조양로142번길 12,0.0,0,0,248.0,2.07
[조양동],6271,1,한신,1990.11.,135.0,19.08,63.09,13.55,44.82,30,,,,,,,,,2,1,복도식,63,10.0,9.0,https://new.land.naver.com/complexes/6271?tab=detail&rf=Y,강원도 속초시 조양동 1463-4,강원도,속초시,조양동,,,강원도 속초시 해오름로 149,0.0,222,0,135.0,1.0
[조양동],6271,2,한신,1990.11.,135.0,21.78,72.0,15.56,51.45,49,,,,,,,,,2,1,복도식,72,10.0,9.0,https://new.land.naver.com/complexes/6271?tab=detail&rf=Y,강원도 속초시 조양동 1463-4,강원도,속초시,조양동,,,강원도 속초시 해오름로 149,0.0,222,0,135.0,1.0
[조양동],6271,3,한신,1990.11.,135.0,25.67,84.88,18.24,60.3,27,,,,,,,,,2,1,복도식,84B,10.0,9.0,https://new.land.naver.com/complexes/6271?tab=detail&rf=Y,강원도 속초시 조양동 1463-4,강원도,속초시,조양동,,,강원도 속초시 해오름로 149,0.0,222,0,135.0,1.0
[조양동],6271,4,한신,1990.11.,135.0,25.46,84.17,18.19,60.15,9,,,,,,,,,2,1,복도식,84A,10.0,9.0,https://new.land.naver.com/complexes/6271?tab=detail&rf=Y,강원도 속초시 조양동 1463-4,강원도,속초시,조양동,,,강원도 속초시 해오름로 149,0.0,222,0,135.0,1.0
[조양동],6271,5,한신,1990.11.,135.0,36.17,119.59,25.7,84.96,20,,,,,,,,,3,2,복도식,119,10.0,9.0,https://new.land.naver.com/complexes/6271?tab=detail&rf=Y,강원도 속초시 조양동 1463-4,강원도,속초시,조양동,,,강원도 속초시 해오름로 149,0.0,222,0,135.0,1.0
[조양동],25736,1,조양주공2단지,1998.08.,587.0,16.66,55.08,12.02,39.74,89,,,,,,,,,2,1,복도식,55,15.0,12.0,https://new.land.naver.com/complexes/25736?tab=detail&rf=Y,강원도 속초시 조양동 1215-1,강원도,속초시,조양동,,,강원도 속초시 온정로 24,0.0,0,0,0.0,0.0
[조양동],25736,2,조양주공2단지,1998.08.,587.0,20.64,68.26,15.01,49.62,498,,,,,,,,,2,1,복도식,68,15.0,12.0,https://new.land.naver.com/complexes/25736?tab=detail&rf=Y,강원도 속초시 조양동 1215-1,강원도,속초시,조양동,,,강원도 속초시 온정로 24,0.0,0,0,0.0,0.0
[조양동],10130,1,동명,1989.07.,240.0,14.68,48.55,11.93,39.45,100,,,,,,,,,2,1,계단식,48,5.0,5.0,https://new.land.naver.com/complexes/10130?tab=detail&rf=Y,강원도 속초시 조양동 1292-1,강원도,속초시,조양동,,,강원도 속초시 동해대로 3933-6,0.0,0,0,0.0,0.0
[조양동],10130,2,동명,1989.07.,240.0,17.6,58.2,14.62,48.36,100,,,,,,,,,2,1,계단식,58,5.0,5.0,https://new.land.naver.com/complexes/10130?tab=detail&rf=Y,강원도 속초시 조양동 1292-1,강원도,속초시,조양동,,,강원도 속초시 동해대로 3933-6,0.0,0,0,0.0,0.0
[조양동],10130,3,동명,1989.07.,240.0,20.52,67.84,17.32,57.27,40,,,,,,,,,3,1,계단식,67,5.0,5.0,https://new.land.naver.com/complexes/10130?tab=detail&rf=Y,강원도 속초시 조양동 1292-1,강원도,속초시,조양동,,,강원도 속초시 동해대로 3933-6,0.0,0,0,0.0,0.0
[조양동],117836,1,대명,1989.01.,40.0,24.45,80.84,18.13,59.96,40,,,,,,,,,3,1,복도식,80,5.0,5.0,https://new.land.naver.com/complexes/117836?tab=detail&rf=Y,강원도 속초시 조양동 587-1,강원도,속초시,조양동,,,강원도 속초시 청대마을길 10-3,0.0,0,0,0.0,0.0
[조양동],118995,1,속초조양휴먼빌,2020.04.,379.0,31.39,103.78,23.98,79.29,108,,,,,,,,,3,2,계단식,103,29.0,8.0,https://new.land.naver.com/complexes/118995?tab=detail&rf=Y,강원도 속초시 조양동 1585,강원도,속초시,조양동,,,강원도 속초시 논산길 17,0.0,0,0,427.0,1.13
[조양동],118995,2,속초조양휴먼빌,2020.04.,379.0,33.19,109.72,25.49,84.28,271,,,,,,,,,3,2,계단식,109,29.0,8.0,https://new.land.naver.com/complexes/118995?tab=detail&rf=Y,강원도 속초시 조양동 1585,강원도,속초시,조양동,,,강원도 속초시 논산길 17,0.0,0,0,427.0,1.13
[조양동],114182,1,속초조양동효성해링턴플레이스,2019.08.,651.0,25.76,85.19,18.14,59.98,198,,,,,,,,,3,2,계단식,85A,29.0,12.0,https://new.land.naver.com/complexes/114182?tab=detail&rf=Y,강원도 속초시 조양동 1582,강원도,속초시,조양동,,,강원도 속초시 청대로 210,0.0,0,0,754.0,1.16
[조양동],114182,2,속초조양동효성해링턴플레이스,2019.08.,651.0,25.88,85.57,18.14,59.98,19,,,,,,,,,3,2,계단식,85B,29.0,12.0,https://new.land.naver.com/complexes/114182?tab=detail&rf=Y,강원도 속초시 조양동 1582,강원도,속초시,조양동,,,강원도 속초시 청대로 210,0.0,0,0,754.0,1.16
[조양동],114182,3,속초조양동효성해링턴플레이스,2019.08.,651.0,29.75,98.35,22.68,74.99,115,,,,,,,,,3,2,계단식,98,29.0,12.0,https://new.land.naver.com/complexes/114182?tab=detail&rf=Y,강원도 속초시 조양동 1582,강원도,속초시,조양동,,,강원도 속초시 청대로 210,0.0,0,0,754.0,1.16
[조양동],114182,4,속초조양동효성해링턴플레이스,2019.08.,651.0,32.65,107.94,25.7,84.98,140,,,,,,,,,4,2,계단식,107A,29.0,12.0,https://new.land.naver.com/complexes/114182?tab=detail&rf=Y,강원도 속초시 조양동 1582,강원도,속초시,조양동,,,강원도 속초시 청대로 210,0.0,0,0,754.0,1.16
[조양동],114182,5,속초조양동효성해링턴플레이스,2019.08.,651.0,32.71,108.15,25.7,84.99,132,,,,,,,,,3,2,계단식,108B,29.0,12.0,https://new.land.naver.com/complexes/114182?tab=detail&rf=Y,강원도 속초시 조양동 1582,강원도,속초시,조양동,,,강원도 속초시 청대로 210,0.0,0,0,754.0,1.16
[조양동],114182,6,속초조양동효성해링턴플레이스,2019.08.,651.0,43.33,143.27,36.32,120.09,42,,,,,,,,,4,2,계단식,143,29.0,12.0,https://new.land.naver.com/complexes/114182?tab=detail&rf=Y,강원도 속초시 조양동 1582,강원도,속초시,조양동,,,강원도 속초시 청대로 210,0.0,0,0,754.0,1.16
[조양동],114182,7,속초조양동효성해링턴플레이스,2019.08.,651.0,53.59,177.16,41.72,137.94,3,,,,,,,,,4,3,계단식,177P,29.0,12.0,https://new.land.naver.com/complexes/114182?tab=detail&rf=Y,강원도 속초시 조양동 1582,강원도,속초시,조양동,,,강원도 속초시 청대로 210,0.0,0,0,754.0,1.16
[조양동],114182,8,속초조양동효성해링턴플레이스,2019.08.,651.0,54.65,180.68,42.85,141.67,2,,,,,,,,,5,3,계단식,180P,29.0,12.0,https://new.land.naver.com/complexes/114182?tab=detail&rf=Y,강원도 속초시 조양동 1582,강원도,속초시,조양동,,,강원도 속초시 청대로 210,0.0,0,0,754.0,1.16
[조양동],116007,1,속초서희스타힐스더베이,2020.01.,232.0,33.2,109.76,25.68,84.91,58,,,,,,,,,3,2,계단식,109A,31.0,31.0,https://new.land.naver.com/complexes/116007?tab=detail&rf=Y,강원도 속초시 조양동 1459,강원도,속초시,조양동,,,강원도 속초시 동해대로 3958,0.0,802,63,263.0,1.13
[조양동],116007,2,속초서희스타힐스더베이,2020.01.,232.0,33.53,110.86,25.68,84.91,58,,,,,,,,,3,2,계단식,110B,31.0,31.0,https://new.land.naver.com/complexes/116007?tab=detail&rf=Y,강원도 속초시 조양동 1459,강원도,속초시,조양동,,,강원도 속초시 동해대로 3958,0.0,802,63,263.0,1.13
[조양동],116007,3,속초서희스타힐스더베이,2020.01.,232.0,37.27,123.23,29.33,96.98,58,,,,,,,,,3,2,계단식,123A,31.0,31.0,https://new.land.naver.com/complexes/116007?tab=detail&rf=Y,강원도 속초시 조양동 1459,강원도,속초시,조양동,,,강원도 속초시 동해대로 3958,0.0,802,63,263.0,1.13
[조양동],116007,4,속초서희스타힐스더베이,2020.01.,232.0,37.64,124.44,29.11,96.25,58,,,,,,,,,3,2,계단식,124B,31.0,31.0,https://new.land.naver.com/complexes/116007?tab=detail&rf=Y,강원도 속초시 조양동 1459,강원도,속초시,조양동,,,강원도 속초시 동해대로 3958,0.0,802,63,263.0,1.13
[조양동],129508,1,속초2차아이파크,2022.05.,578.0,31.48,104.09,24.0,79.36,191,,,,,,,,,3,2,계단식,104,29.0,16.0,https://new.land.naver.com/complexes/129508?tab=detail&rf=Y,강원도 속초시 조양동 415번지 일원,강원도,속초시,조양동,,,강원도 속초시,0.0,0,0,766.0,1.33
[조양동],129508,2,속초2차아이파크,2022.05.,578.0,33.77,111.66,25.68,84.92,326,,,,,,,,,3,2,계단식,111A,29.0,16.0,https://new.land.naver.com/complexes/129508?tab=detail&rf=Y,강원도 속초시 조양동 415번지 일원,강원도,속초시,조양동,,,강원도 속초시,0.0,0,0,766.0,1.33
[조양동],129508,3,속초2차아이파크,2022.05.,578.0,34.07,112.65,25.68,84.9,52,,,,,,,,,3,2,계단식,112B,29.0,16.0,https://new.land.naver.com/complexes/129508?tab=detail&rf=Y,강원도 속초시 조양동 415번지 일원,강원도,속초시,조양동,,,강원도 속초시,0.0,0,0,766.0,1.33
[조양동],129508,4,속초2차아이파크,2022.05.,578.0,44.99,148.75,34.26,113.27,3,,,,,,,,,3,3,계단식,148,29.0,16.0,https://new.land.naver.com/complexes/129508?tab=detail&rf=Y,강원도 속초시 조양동 415번지 일원,강원도,속초시,조양동,,,강원도 속초시,0.0,0,0,766.0,1.33
[조양동],129508,5,속초2차아이파크,2022.05.,578.0,49.94,165.12,37.49,123.94,2,,,,,,,,,4,3,계단식,165A,29.0,16.0,https://new.land.naver.com/complexes/129508?tab=detail&rf=Y,강원도 속초시 조양동 415번지 일원,강원도,속초시,조양동,,,강원도 속초시,0.0,0,0,766.0,1.33
[조양동],129508,6,속초2차아이파크,2022.05.,578.0,50.08,165.57,38.08,125.89,2,,,,,,,,,3,3,계단식,165B,29.0,16.0,https://new.land.naver.com/complexes/129508?tab=detail&rf=Y,강원도 속초시 조양동 415번지 일원,강원도,속초시,조양동,,,강원도 속초시,0.0,0,0,766.0,1.33
[조양동],129508,7,속초2차아이파크,2022.05.,578.0,62.45,206.47,47.31,156.42,2,,,,,,,,,4,3,계단식,206,29.0,16.0,https://new.land.naver.com/complexes/129508?tab=detail&rf=Y,강원도 속초시 조양동 415번지 일원,강원도,속초시,조양동,,,강원도 속초시,0.0,0,0,766.0,1.33
[조양동],139949,1,속초조양코아루아리스타(도시형),2021.08.,296.0,10.06,33.28,6.48,21.45,75,,,,,,,,,1,1,복도식,33A-5,28.0,28.0,https://new.land.naver.com/complexes/139949?tab=detail&rf=Y,강원도 속초시 조양동 1411-146,강원도,속초시,조양동,,,강원도 속초시 동해대로 4008,0.0,878,67,164.0,0.55
[조양동],139949,2,속초조양코아루아리스타(도시형),2021.08.,296.0,10.06,33.28,6.48,21.45,30,,,,,,,,,1,1,복도식,33A-7,28.0,28.0,https://new.land.naver.com/complexes/139949?tab=detail&rf=Y,강원도 속초시 조양동 1411-146,강원도,속초시,조양동,,,강원도 속초시 동해대로 4008,0.0,878,67,164.0,0.55
[조양동],139949,3,속초조양코아루아리스타(도시형),2021.08.,296.0,10.05,33.25,6.44,21.32,28,,,,,,,,,1,1,복도식,33A-3,28.0,28.0,https://new.land.naver.com/complexes/139949?tab=detail&rf=Y,강원도 속초시 조양동 1411-146,강원도,속초시,조양동,,,강원도 속초시 동해대로 4008,0.0,878,67,164.0,0.55
[조양동],139949,4,속초조양코아루아리스타(도시형),2021.08.,296.0,10.04,33.22,6.43,21.28,15,,,,,,,,,1,1,복도식,33A-2,28.0,28.0,https://new.land.naver.com/complexes/139949?tab=detail&rf=Y,강원도 속초시 조양동 1411-146,강원도,속초시,조양동,,,강원도 속초시 동해대로 4008,0.0,878,67,164.0,0.55
[조양동],139949,5,속초조양코아루아리스타(도시형),2021.08.,296.0,10.06,33.28,6.48,21.45,15,,,,,,,,,1,1,복도식,33A-4,28.0,28.0,https://new.land.naver.com/complexes/139949?tab=detail&rf=Y,강원도 속초시 조양동 1411-146,강원도,속초시,조양동,,,강원도 속초시 동해대로 4008,0.0,878,67,164.0,0.55
[조양동],139949,6,속초조양코아루아리스타(도시형),2021.08.,296.0,10.06,33.28,6.48,21.45,15,,,,,,,,,1,1,복도식,33A-6,28.0,28.0,https://new.land.naver.com/complexes/139949?tab=detail&rf=Y,강원도 속초시 조양동 1411-146,강원도,속초시,조양동,,,강원도 속초시 동해대로 4008,0.0,878,67,164.0,0.55
[조양동],139949,7,속초조양코아루아리스타(도시형),2021.08.,296.0,10.06,33.28,6.48,21.45,15,,,,,,,,,1,1,복도식,33A-8,28.0,28.0,https://new.land.naver.com/complexes/139949?tab=detail&rf=Y,강원도 속초시 조양동 1411-146,강원도,속초시,조양동,,,강원도 속초시 동해대로 4008,0.0,878,67,164.0,0.55
[조양동],139949,8,속초조양코아루아리스타(도시형),2021.08.,296.0,10.04,33.22,6.41,21.22,13,,,,,,,,,1,1,복도식,33A-1,28.0,28.0,https://new.land.naver.com/complexes/139949?tab=detail&rf=Y,강원도 속초시 조양동 1411-146,강원도,속초시,조양동,,,강원도 속초시 동해대로 4008,0.0,878,67,164.0,0.55
[조양동],139949,9,속초조양코아루아리스타(도시형),2021.08.,296.0,10.47,34.64,6.66,22.04,13,,,,,,,,,1,1,복도식,34A-9,28.0,28.0,https://new.land.naver.com/complexes/139949?tab=detail&rf=Y,강원도 속초시 조양동 1411-146,강원도,속초시,조양동,,,강원도 속초시 동해대로 4008,0.0,878,67,164.0,0.55
[조양동],139949,10,속초조양코아루아리스타(도시형),2021.08.,296.0,10.96,36.26,6.96,23.04,30,,,,,,,,,1,1,복도식,36A,28.0,28.0,https://new.land.naver.com/complexes/139949?tab=detail&rf=Y,강원도 속초시 조양동 1411-146,강원도,속초시,조양동,,,강원도 속초시 동해대로 4008,0.0,878,67,164.0,0.55
[조양동],139949,11,속초조양코아루아리스타(도시형),2021.08.,296.0,15.0,49.61,9.77,32.33,15,,,,,,,,,1,1,복도식,49A-1,28.0,28.0,https://new.land.naver.com/complexes/139949?tab=detail&rf=Y,강원도 속초시 조양동 1411-146,강원도,속초시,조양동,,,강원도 속초시 동해대로 4008,0.0,878,67,164.0,0.55
[조양동],139949,12,속초조양코아루아리스타(도시형),2021.08.,296.0,15.03,49.71,9.83,32.52,13,,,,,,,,,1,1,복도식,49A-2,28.0,28.0,https://new.land.naver.com/complexes/139949?tab=detail&rf=Y,강원도 속초시 조양동 1411-146,강원도,속초시,조양동,,,강원도 속초시 동해대로 4008,0.0,878,67,164.0,0.55
[조양동],139949,13,속초조양코아루아리스타(도시형),2021.08.,296.0,16.82,55.63,10.83,35.83,15,,,,,,,,,1,1,복도식,55A,28.0,28.0,https://new.land.naver.com/complexes/139949?tab=detail&rf=Y,강원도 속초시 조양동 1411-146,강원도,속초시,조양동,,,강원도 속초시 동해대로 4008,0.0,878,67,164.0,0.55
[조양동],139949,14,속초조양코아루아리스타(도시형),2021.08.,296.0,19.3,63.83,12.27,40.59,1,,,,,,,,,1,1,복도식,63A-1,28.0,28.0,https://new.land.naver.com/complexes/139949?tab=detail&rf=Y,강원도 속초시 조양동 1411-146,강원도,속초시,조양동,,,강원도 속초시 동해대로 4008,0.0,878,67,164.0,0.55
[조양동],139949,15,속초조양코아루아리스타(도시형),2021.08.,296.0,19.28,63.76,12.22,40.42,1,,,,,,,,,1,1,복도식,63A-2,28.0,28.0,https://new.land.naver.com/complexes/139949?tab=detail&rf=Y,강원도 속초시 조양동 1411-146,강원도,속초시,조양동,,,강원도 속초시 동해대로 4008,0.0,878,67,164.0,0.55
[조양동],139949,16,속초조양코아루아리스타(도시형),2021.08.,296.0,20.03,66.24,12.69,41.98,1,,,,,,,,,1,1,복도식,66A,28.0,28.0,https://new.land.naver.com/complexes/139949?tab=detail&rf=Y,강원도 속초시 조양동 1411-146,강원도,속초시,조양동,,,강원도 속초시 동해대로 4008,0.0,878,67,164.0,0.55
[조양동],139949,17,속초조양코아루아리스타(도시형),2021.08.,296.0,22.87,75.63,14.79,48.92,1,,,,,,,,,1,1,복도식,75A,28.0,28.0,https://new.land.naver.com/complexes/139949?tab=detail&rf=Y,강원도 속초시 조양동 1411-146,강원도,속초시,조양동,,,강원도 속초시 동해대로 4008,0.0,878,67,164.0,0.55
[조양동],22093,1,삼성쉐르빌,2006.10.,226.0,33.38,110.38,25.7,84.99,172,,,,,,,,,3,2,계단식,110,15.0,11.0,https://new.land.naver.com/complexes/22093?tab=detail&rf=Y,강원도 속초시 조양동 1561,강원도,속초시,조양동,,,강원도 속초시 청대로 207,0.0,219,21,267.0,1.18
[조양동],22093,2,삼성쉐르빌,2006.10.,226.0,49.31,163.02,39.91,131.95,24,,,,,,,,,4,2,계단식,163,15.0,11.0,https://new.land.naver.com/complexes/22093?tab=detail&rf=Y,강원도 속초시 조양동 1561,강원도,속초시,조양동,,,강원도 속초시 청대로 207,0.0,219,21,267.0,1.18
[조양동],22093,3,삼성쉐르빌,2006.10.,226.0,49.98,165.25,39.92,131.97,30,,,,,,,,,4,2,계단식,165,15.0,11.0,https://new.land.naver.com/complexes/22093?tab=detail&rf=Y,강원도 속초시 조양동 1561,강원도,속초시,조양동,,,강원도 속초시 청대로 207,0.0,219,21,267.0,1.18
[조양동],25391,1,성호,2001.02.,1728.0,21.42,70.81,15.01,49.65,420,,,,,,,,,2,1,계단식,70,20.0,10.0,https://new.land.naver.com/complexes/25391?tab=detail&rf=Y,강원도 속초시 조양동 1294-23,강원도,속초시,조양동,,,강원도 속초시 청대로 8,0.0,357,21,1308.0,0.76
[조양동],25391,2,성호,2001.02.,1728.0,25.78,85.23,18.07,59.76,1308,,,,,,,,,3,1,계단식,85,20.0,10.0,https://new.land.naver.com/complexes/25391?tab=detail&rf=Y,강원도 속초시 조양동 1294-23,강원도,속초시,조양동,,,강원도 속초시 청대로 8,0.0,357,21,1308.0,0.76
[조양동],119365,1,속초자이,2020.05.,874.0,24.53,81.12,18.11,59.89,79,,,,,,,,,3,2,계단식,81,29.0,12.0,https://new.land.naver.com/complexes/119365?tab=detail&rf=Y,강원도 속초시 조양동 1586,강원도,속초시,조양동,,,강원도 속초시 조양로 181,0.0,0,0,1075.0,1.23
[조양동],119365,2,속초자이,2020.05.,874.0,25.52,84.38,18.89,62.46,15,,,,,,,,,3,2,계단식,84,29.0,12.0,https://new.land.naver.com/complexes/119365?tab=detail&rf=Y,강원도 속초시 조양동 1586,강원도,속초시,조양동,,,강원도 속초시 조양로 181,0.0,0,0,1075.0,1.23
[조양동],119365,3,속초자이,2020.05.,874.0,30.24,99.97,22.66,74.91,144,,,,,,,,,3,2,계단식,99A,29.0,12.0,https://new.land.naver.com/complexes/119365?tab=detail&rf=Y,강원도 속초시 조양동 1586,강원도,속초시,조양동,,,강원도 속초시 조양로 181,0.0,0,0,1075.0,1.23
[조양동],119365,4,속초자이,2020.05.,874.0,30.44,100.65,22.63,74.84,129,,,,,,,,,3,2,계단식,100B,29.0,12.0,https://new.land.naver.com/complexes/119365?tab=detail&rf=Y,강원도 속초시 조양동 1586,강원도,속초시,조양동,,,강원도 속초시 조양로 181,0.0,0,0,1075.0,1.23
[조양동],119365,5,속초자이,2020.05.,874.0,33.46,110.62,25.05,82.81,16,,,,,,,,,3,2,계단식,110TB,29.0,12.0,https://new.land.naver.com/complexes/119365?tab=detail&rf=Y,강원도 속초시 조양동 1586,강원도,속초시,조양동,,,강원도 속초시 조양로 181,0.0,0,0,1075.0,1.23
[조양동],119365,6,속초자이,2020.05.,874.0,33.29,110.06,25.09,82.97,10,,,,,,,,,3,2,계단식,110TA,29.0,12.0,https://new.land.naver.com/complexes/119365?tab=detail&rf=Y,강원도 속초시 조양동 1586,강원도,속초시,조양동,,,강원도 속초시 조양로 181,0.0,0,0,1075.0,1.23
[조양동],119365,7,속초자이,2020.05.,874.0,34.29,113.37,25.7,84.99,295,,,,,,,,,3,2,계단식,113A,29.0,12.0,https://new.land.naver.com/complexes/119365?tab=detail&rf=Y,강원도 속초시 조양동 1586,강원도,속초시,조양동,,,강원도 속초시 조양로 181,0.0,0,0,1075.0,1.23
[조양동],119365,8,속초자이,2020.05.,874.0,34.7,114.74,25.69,84.93,154,,,,,,,,,3,2,계단식,114B,29.0,12.0,https://new.land.naver.com/complexes/119365?tab=detail&rf=Y,강원도 속초시 조양동 1586,강원도,속초시,조양동,,,강원도 속초시 조양로 181,0.0,0,0,1075.0,1.23
[조양동],119365,9,속초자이,2020.05.,874.0,34.68,114.67,25.67,84.87,26,,,,,,,,,3,2,계단식,114C,29.0,12.0,https://new.land.naver.com/complexes/119365?tab=detail&rf=Y,강원도 속초시 조양동 1586,강원도,속초시,조양동,,,강원도 속초시 조양로 181,0.0,0,0,1075.0,1.23
[조양동],119365,10,속초자이,2020.05.,874.0,53.09,175.51,39.14,129.41,3,,,,,,,,,4,2,계단식,175PH,29.0,12.0,https://new.land.naver.com/complexes/119365?tab=detail&rf=Y,강원도 속초시 조양동 1586,강원도,속초시,조양동,,,강원도 속초시 조양로 181,0.0,0,0,1075.0,1.23
[조양동],119365,11,속초자이,2020.05.,874.0,58.22,192.47,42.77,141.41,3,,,,,,,,,4,2,계단식,192PH,29.0,12.0,https://new.land.naver.com/complexes/119365?tab=detail&rf=Y,강원도 속초시 조양동 1586,강원도,속초시,조양동,,,강원도 속초시 조양로 181,0.0,0,0,1075.0,1.23
[조양동],114122,1,부영9차,1995.07.,440.0,16.84,55.69,12.1,40.0,60,,,,,,,,,2,1,계단식,55,15.0,10.0,https://new.land.naver.com/complexes/114122?tab=detail&rf=Y,강원도 속초시 조양동 1505,강원도,속초시,조양동,,,강원도 속초시 조양로142번길 13,3.0,235,25,0.0,0.0
[조양동],114122,2,부영9차,1995.07.,440.0,21.05,69.61,15.12,50.0,317,,,,,,,,,2,1,계단식,69,15.0,10.0,https://new.land.naver.com/complexes/114122?tab=detail&rf=Y,강원도 속초시 조양동 1505,강원도,속초시,조양동,,,강원도 속초시 조양로142번길 13,3.0,235,25,0.0,0.0
[조양동],114122,3,부영9차,1995.07.,440.0,25.27,83.54,18.15,60.0,60,,,,,,,,,3,1,계단식,83,15.0,10.0,https://new.land.naver.com/complexes/114122?tab=detail&rf=Y,강원도 속초시 조양동 1505,강원도,속초시,조양동,,,강원도 속초시 조양로142번길 13,3.0,235,25,0.0,0.0
[조양동],124998,1,속초서희스타힐스더베이2차,2021.09.,186.0,31.38,103.76,23.52,77.78,62,,,,,,,,,3,2,계단식,103B,34.0,34.0,https://new.land.naver.com/complexes/124998?tab=detail&rf=Y,강원도 속초시 조양동 1390-2번지 외 6필지,강원도,속초시,조양동,,,강원도 속초시 동해대로 3959,0.0,701,49,231.0,1.24
[조양동],124998,2,속초서희스타힐스더베이2차,2021.09.,186.0,31.37,103.71,23.31,77.07,60,,,,,,,,,3,2,계단식,103A,34.0,34.0,https://new.land.naver.com/complexes/124998?tab=detail&rf=Y,강원도 속초시 조양동 1390-2번지 외 6필지,강원도,속초시,조양동,,,강원도 속초시 동해대로 3959,0.0,701,49,231.0,1.24
[조양동],124998,3,속초서희스타힐스더베이2차,2021.09.,186.0,34.37,113.62,25.7,84.99,62,,,,,,,,,3,2,계단식,113,34.0,34.0,https://new.land.naver.com/complexes/124998?tab=detail&rf=Y,강원도 속초시 조양동 1390-2번지 외 6필지,강원도,속초시,조양동,,,강원도 속초시 동해대로 3959,0.0,701,49,231.0,1.24
[조양동],124998,4,속초서희스타힐스더베이2차,2021.09.,186.0,49.25,162.82,36.75,121.5,2,,,,,,,,,-,-,계단식,162,34.0,34.0,https://new.land.naver.com/complexes/124998?tab=detail&rf=Y,강원도 속초시 조양동 1390-2번지 외 6필지,강원도,속초시,조양동,,,강원도 속초시 동해대로 3959,0.0,701,49,231.0,1.24
[중앙동],122108,1,힐스테이트속초센트럴,2021.10.,256.0,31.2,103.16,23.87,78.92,32,,,,,,,,,3,2,계단식,103A,36.0,35.0,https://new.land.naver.com/complexes/122108?tab=detail&rf=Y,강원도 속초시 중앙동 468-19,강원도,속초시,중앙동,,,강원도 속초시,0.0,871,75,312.0,1.22
[중앙동],122108,2,힐스테이트속초센트럴,2021.10.,256.0,31.17,103.06,23.87,78.94,32,,,,,,,,,3,2,계단식,103B,36.0,35.0,https://new.land.naver.com/complexes/122108?tab=detail&rf=Y,강원도 속초시 중앙동 468-19,강원도,속초시,중앙동,,,강원도 속초시,0.0,871,75,312.0,1.22
[중앙동],122108,3,힐스테이트속초센트럴,2021.10.,256.0,33.42,110.5,25.62,84.7,32,,,,,,,,,3,2,계단식,110C,36.0,35.0,https://new.land.naver.com/complexes/122108?tab=detail&rf=Y,강원도 속초시 중앙동 468-19,강원도,속초시,중앙동,,,강원도 속초시,0.0,871,75,312.0,1.22
[중앙동],122108,4,힐스테이트속초센트럴,2021.10.,256.0,33.81,111.78,25.7,84.98,62,,,,,,,,,3,2,계단식,111B,36.0,35.0,https://new.land.naver.com/complexes/122108?tab=detail&rf=Y,강원도 속초시 중앙동 468-19,강원도,속초시,중앙동,,,강원도 속초시,0.0,871,75,312.0,1.22
[중앙동],122108,5,힐스테이트속초센트럴,2021.10.,256.0,33.58,111.03,25.69,84.94,48,,,,,,,,,3,2,계단식,111A,36.0,35.0,https://new.land.naver.com/complexes/122108?tab=detail&rf=Y,강원도 속초시 중앙동 468-19,강원도,속초시,중앙동,,,강원도 속초시,0.0,871,75,312.0,1.22
[중앙동],122108,6,힐스테이트속초센트럴,2021.10.,256.0,33.67,111.32,25.65,84.8,32,,,,,,,,,3,2,계단식,111D,36.0,35.0,https://new.land.naver.com/complexes/122108?tab=detail&rf=Y,강원도 속초시 중앙동 468-19,강원도,속초시,중앙동,,,강원도 속초시,0.0,871,75,312.0,1.22
[중앙동],122108,7,힐스테이트속초센트럴,2021.10.,256.0,40.98,135.5,31.46,104.02,14,,,,,,,,,3,2,계단식,135,36.0,35.0,https://new.land.naver.com/complexes/122108?tab=detail&rf=Y,강원도 속초시 중앙동 468-19,강원도,속초시,중앙동,,,강원도 속초시,0.0,871,75,312.0,1.22
[중앙동],122108,8,힐스테이트속초센트럴,2021.10.,256.0,45.66,150.97,34.67,114.62,1,,,,,,,,,3,2,계단식,150D,36.0,35.0,https://new.land.naver.com/complexes/122108?tab=detail&rf=Y,강원도 속초시 중앙동 468-19,강원도,속초시,중앙동,,,강원도 속초시,0.0,871,75,312.0,1.22
[중앙동],122108,9,힐스테이트속초센트럴,2021.10.,256.0,45.9,151.75,34.77,114.95,1,,,,,,,,,3,2,계단식,151A,36.0,35.0,https://new.land.naver.com/complexes/122108?tab=detail&rf=Y,강원도 속초시 중앙동 468-19,강원도,속초시,중앙동,,,강원도 속초시,0.0,871,75,312.0,1.22
[중앙동],122108,10,힐스테이트속초센트럴,2021.10.,256.0,45.93,151.86,34.72,114.78,1,,,,,,,,,3,2,계단식,151B,36.0,35.0,https://new.land.naver.com/complexes/122108?tab=detail&rf=Y,강원도 속초시 중앙동 468-19,강원도,속초시,중앙동,,,강원도 속초시,0.0,871,75,312.0,1.22
[중앙동],122108,11,힐스테이트속초센트럴,2021.10.,256.0,45.97,151.98,34.68,114.66,1,,,,,,,,,3,2,계단식,151C,36.0,35.0,https://new.land.naver.com/complexes/122108?tab=detail&rf=Y,강원도 속초시 중앙동 468-19,강원도,속초시,중앙동,,,강원도 속초시,0.0,871,75,312.0,1.22
[청학동],100773,1,금강,1983.03.,73.0,18.05,59.67,18.05,59.67,50,,,,,,,,,3,1,계단식,59,5.0,5.0,https://new.land.naver.com/complexes/100773?tab=detail&rf=Y,강원도 속초시 청학동 632-30,강원도,속초시,청학동,,,강원도 속초시 번영로 42,0.0,0,0,0.0,0.0
[청학동],100773,2,금강,1983.03.,73.0,19.81,65.52,19.81,65.52,5,,,,,,,,,3,1,계단식,65,5.0,5.0,https://new.land.naver.com/complexes/100773?tab=detail&rf=Y,강원도 속초시 청학동 632-30,강원도,속초시,청학동,,,강원도 속초시 번영로 42,0.0,0,0,0.0,0.0
[청학동],100773,3,금강,1983.03.,73.0,21.74,71.87,21.74,71.87,12,,,,,,,,,3,1,계단식,71,5.0,5.0,https://new.land.naver.com/complexes/100773?tab=detail&rf=Y,강원도 속초시 청학동 632-30,강원도,속초시,청학동,,,강원도 속초시 번영로 42,0.0,0,0,0.0,0.0
[청학동],100773,4,금강,1983.03.,73.0,23.5,77.71,23.5,77.71,3,,,,,,,,,3,1,계단식,77,5.0,5.0,https://new.land.naver.com/complexes/100773?tab=detail&rf=Y,강원도 속초시 청학동 632-30,강원도,속초시,청학동,,,강원도 속초시 번영로 42,0.0,0,0,0.0,0.0
[청학동],100773,5,금강,1983.03.,73.0,25.37,83.89,25.37,83.89,3,,,,,,,,,3,1,계단식,83,5.0,5.0,https://new.land.naver.com/complexes/100773?tab=detail&rf=Y,강원도 속초시 청학동 632-30,강원도,속초시,청학동,,,강원도 속초시 번영로 42,0.0,0,0,0.0,0.0
[청학동],125248,1,대명맨션,1990.05.,40.0,26.99,89.25,21.09,69.72,10,,,,,,,,,3,2,계단식,89,5.0,5.0,https://new.land.naver.com/complexes/125248?tab=detail&rf=Y,강원도 속초시 청학동 642-5,강원도,속초시,청학동,,,강원도 속초시 청학로3길 6,0.0,0,0,0.0,0.0
[청학동],125248,2,대명맨션,1990.05.,40.0,29.01,95.91,22.76,75.24,20,,,,,,,,,3,2,계단식,95,5.0,5.0,https://new.land.naver.com/complexes/125248?tab=detail&rf=Y,강원도 속초시 청학동 642-5,강원도,속초시,청학동,,,강원도 속초시 청학로3길 6,0.0,0,0,0.0,0.0
[청학동],125248,3,대명맨션,1990.05.,40.0,29.7,98.21,23.33,77.13,10,,,,,,,,,3,2,계단식,98,5.0,5.0,https://new.land.naver.com/complexes/125248?tab=detail&rf=Y,강원도 속초시 청학동 642-5,강원도,속초시,청학동,,,강원도 속초시 청학로3길 6,0.0,0,0,0.0,0.0
[청호동],111624,1,속초청호아이파크,2018.01.,687.0,24.8,82.0,18.14,59.98,134,,,,,,,,,3,2,계단식,82A,29.0,11.0,https://new.land.naver.com/complexes/111624?tab=detail&rf=Y,강원도 속초시 청호동 1356,강원도,속초시,청호동,,,강원도 속초시 청호로 22,0.0,248,18,824.0,1.2
[청호동],111624,2,속초청호아이파크,2018.01.,687.0,24.95,82.49,18.11,59.88,43,,,,,,,,,3,2,계단식,82B,29.0,11.0,https://new.land.naver.com/complexes/111624?tab=detail&rf=Y,강원도 속초시 청호동 1356,강원도,속초시,청호동,,,강원도 속초시 청호로 22,0.0,248,18,824.0,1.2
[청호동],111624,3,속초청호아이파크,2018.01.,687.0,31.13,102.93,22.98,75.97,28,,,,,,,,,3,2,계단식,102B,29.0,11.0,https://new.land.naver.com/complexes/111624?tab=detail&rf=Y,강원도 속초시 청호동 1356,강원도,속초시,청호동,,,강원도 속초시 청호로 22,0.0,248,18,824.0,1.2
[청호동],111624,4,속초청호아이파크,2018.01.,687.0,31.21,103.18,22.98,75.97,64,,,,,,,,,3,2,계단식,103A,29.0,11.0,https://new.land.naver.com/complexes/111624?tab=detail&rf=Y,강원도 속초시 청호동 1356,강원도,속초시,청호동,,,강원도 속초시 청호로 22,0.0,248,18,824.0,1.2
[청호동],111624,5,속초청호아이파크,2018.01.,687.0,34.88,115.32,25.69,84.94,235,,,,,,,,,3,2,계단식,115A,29.0,11.0,https://new.land.naver.com/complexes/111624?tab=detail&rf=Y,강원도 속초시 청호동 1356,강원도,속초시,청호동,,,강원도 속초시 청호로 22,0.0,248,18,824.0,1.2
[청호동],111624,6,속초청호아이파크,2018.01.,687.0,34.96,115.58,25.65,84.82,151,,,,,,,,,3,2,계단식,115B,29.0,11.0,https://new.land.naver.com/complexes/111624?tab=detail&rf=Y,강원도 속초시 청호동 1356,강원도,속초시,청호동,,,강원도 속초시 청호로 22,0.0,248,18,824.0,1.2
[청호동],111624,7,속초청호아이파크,2018.01.,687.0,43.25,142.98,31.99,105.78,16,,,,,,,,,4,2,계단식,142A,29.0,11.0,https://new.land.naver.com/complexes/111624?tab=detail&rf=Y,강원도 속초시 청호동 1356,강원도,속초시,청호동,,,강원도 속초시 청호로 22,0.0,248,18,824.0,1.2
[청호동],111624,8,속초청호아이파크,2018.01.,687.0,43.25,142.98,31.99,105.78,11,,,,,,,,,4,2,계단식,142C,29.0,11.0,https://new.land.naver.com/complexes/111624?tab=detail&rf=Y,강원도 속초시 청호동 1356,강원도,속초시,청호동,,,강원도 속초시 청호로 22,0.0,248,18,824.0,1.2
[청호동],111624,9,속초청호아이파크,2018.01.,687.0,43.25,142.98,31.99,105.78,5,,,,,,,,,4,2,계단식,142B,29.0,11.0,https://new.land.naver.com/complexes/111624?tab=detail&rf=Y,강원도 속초시 청호동 1356,강원도,속초시,청호동,,,강원도 속초시 청호로 22,0.0,248,18,824.0,1.2
