[갈천동],127723,1,일성트루엘시그니처,2022.01.,885.0,24.83,82.11,18.01,59.57,263,,,,,,,,,3,2,계단식,82B,28.0,28.0,https://new.land.naver.com/complexes/127723?tab=detail&rf=Y,강원도 삼척시 갈천동 102-1,강원도,삼척시,갈천동,,,강원도 삼척시,0.0,177,0,1116.0,1.26
[갈천동],127723,2,일성트루엘시그니처,2022.01.,885.0,25.07,82.89,18.07,59.74,108,,,,,,,,,3,2,계단식,82A,28.0,28.0,https://new.land.naver.com/complexes/127723?tab=detail&rf=Y,강원도 삼척시 갈천동 102-1,강원도,삼척시,갈천동,,,강원도 삼척시,0.0,177,0,1116.0,1.26
[갈천동],127723,3,일성트루엘시그니처,2022.01.,885.0,31.21,103.19,22.67,74.97,133,,,,,,,,,3,2,계단식,103A,28.0,28.0,https://new.land.naver.com/complexes/127723?tab=detail&rf=Y,강원도 삼척시 갈천동 102-1,강원도,삼척시,갈천동,,,강원도 삼척시,0.0,177,0,1116.0,1.26
[갈천동],127723,4,일성트루엘시그니처,2022.01.,885.0,31.21,103.19,22.67,74.97,45,,,,,,,,,3,2,계단식,103B,28.0,28.0,https://new.land.naver.com/complexes/127723?tab=detail&rf=Y,강원도 삼척시 갈천동 102-1,강원도,삼척시,갈천동,,,강원도 삼척시,0.0,177,0,1116.0,1.26
[갈천동],127723,5,일성트루엘시그니처,2022.01.,885.0,34.73,114.82,25.59,84.6,326,,,,,,,,,3,2,계단식,114,28.0,28.0,https://new.land.naver.com/complexes/127723?tab=detail&rf=Y,강원도 삼척시 갈천동 102-1,강원도,삼척시,갈천동,,,강원도 삼척시,0.0,177,0,1116.0,1.26
[갈천동],127723,6,일성트루엘시그니처,2022.01.,885.0,51.22,169.34,37.43,123.76,4,,,,,,,,,4,3,계단식,169,28.0,28.0,https://new.land.naver.com/complexes/127723?tab=detail&rf=Y,강원도 삼척시 갈천동 102-1,강원도,삼척시,갈천동,,,강원도 삼척시,0.0,177,0,1116.0,1.26
[갈천동],127723,7,일성트루엘시그니처,2022.01.,885.0,59.4,196.37,43.53,143.91,1,,,,,,,,,4,3,계단식,196B,28.0,28.0,https://new.land.naver.com/complexes/127723?tab=detail&rf=Y,강원도 삼척시 갈천동 102-1,강원도,삼척시,갈천동,,,강원도 삼척시,0.0,177,0,1116.0,1.26
[갈천동],127723,8,일성트루엘시그니처,2022.01.,885.0,60.04,198.48,43.46,143.68,5,,,,,,,,,4,3,계단식,198A,28.0,28.0,https://new.land.naver.com/complexes/127723?tab=detail&rf=Y,강원도 삼척시 갈천동 102-1,강원도,삼척시,갈천동,,,강원도 삼척시,0.0,177,0,1116.0,1.26
[건지동],107012,1,삼척건지코아루플러스,2015.06.,326.0,23.51,77.75,18.09,59.82,21,,,,,,,,,3,2,계단식,77,19.0,8.0,https://new.land.naver.com/complexes/107012?tab=detail&rf=Y,강원도 삼척시 건지동 176,강원도,삼척시,건지동,,,강원도 삼척시 엑스포로 173,0.0,245,27,389.0,1.19
[건지동],107012,2,삼척건지코아루플러스,2015.06.,326.0,29.53,97.65,22.77,75.3,125,,,,,,,,,3,2,계단식,97,19.0,8.0,https://new.land.naver.com/complexes/107012?tab=detail&rf=Y,강원도 삼척시 건지동 176,강원도,삼척시,건지동,,,강원도 삼척시 엑스포로 173,0.0,245,27,389.0,1.19
[건지동],107012,3,삼척건지코아루플러스,2015.06.,326.0,33.13,109.53,25.64,84.77,51,,,,,,,,,3,2,계단식,109A,19.0,8.0,https://new.land.naver.com/complexes/107012?tab=detail&rf=Y,강원도 삼척시 건지동 176,강원도,삼척시,건지동,,,강원도 삼척시 엑스포로 173,0.0,245,27,389.0,1.19
[건지동],107012,4,삼척건지코아루플러스,2015.06.,326.0,33.49,110.74,25.64,84.78,51,,,,,,,,,3,2,계단식,110B,19.0,8.0,https://new.land.naver.com/complexes/107012?tab=detail&rf=Y,강원도 삼척시 건지동 176,강원도,삼척시,건지동,,,강원도 삼척시 엑스포로 173,0.0,245,27,389.0,1.19
[건지동],107012,5,삼척건지코아루플러스,2015.06.,326.0,33.31,110.12,25.68,84.9,44,,,,,,,,,3,2,계단식,110AA,19.0,8.0,https://new.land.naver.com/complexes/107012?tab=detail&rf=Y,강원도 삼척시 건지동 176,강원도,삼척시,건지동,,,강원도 삼척시 엑스포로 173,0.0,245,27,389.0,1.19
[건지동],107012,6,삼척건지코아루플러스,2015.06.,326.0,33.48,110.71,25.68,84.92,17,,,,,,,,,3,2,계단식,110C,19.0,8.0,https://new.land.naver.com/complexes/107012?tab=detail&rf=Y,강원도 삼척시 건지동 176,강원도,삼척시,건지동,,,강원도 삼척시 엑스포로 173,0.0,245,27,389.0,1.19
[건지동],107012,7,삼척건지코아루플러스,2015.06.,326.0,33.84,111.9,25.66,84.83,17,,,,,,,,,3,2,계단식,111D,19.0,8.0,https://new.land.naver.com/complexes/107012?tab=detail&rf=Y,강원도 삼척시 건지동 176,강원도,삼척시,건지동,,,강원도 삼척시 엑스포로 173,0.0,245,27,389.0,1.19
[교동],110674,1,교동지웰,2017.12.,612.0,24.38,80.61,18.09,59.81,147,,,,,,,,,3,2,계단식,80A,20.0,14.0,https://new.land.naver.com/complexes/110674?tab=detail&rf=Y,강원도 삼척시 교동 788,강원도,삼척시,교동,,,강원도 삼척시 동해대로 4183,0.0,228,30,785.0,1.28
[교동],110674,2,교동지웰,2017.12.,612.0,24.7,81.67,18.13,59.96,35,,,,,,,,,3,2,계단식,81B,20.0,14.0,https://new.land.naver.com/complexes/110674?tab=detail&rf=Y,강원도 삼척시 교동 788,강원도,삼척시,교동,,,강원도 삼척시 동해대로 4183,0.0,228,30,785.0,1.28
[교동],110674,3,교동지웰,2017.12.,612.0,29.68,98.13,21.87,72.31,121,,,,,,,,,3,2,계단식,98B,20.0,14.0,https://new.land.naver.com/complexes/110674?tab=detail&rf=Y,강원도 삼척시 교동 788,강원도,삼척시,교동,,,강원도 삼척시 동해대로 4183,0.0,228,30,785.0,1.28
[교동],110674,4,교동지웰,2017.12.,612.0,29.66,98.07,21.99,72.71,69,,,,,,,,,3,2,계단식,98A,20.0,14.0,https://new.land.naver.com/complexes/110674?tab=detail&rf=Y,강원도 삼척시 교동 788,강원도,삼척시,교동,,,강원도 삼척시 동해대로 4183,0.0,228,30,785.0,1.28
[교동],110674,5,교동지웰,2017.12.,612.0,34.33,113.51,25.7,84.98,110,,,,,,,,,3,2,계단식,113A,20.0,14.0,https://new.land.naver.com/complexes/110674?tab=detail&rf=Y,강원도 삼척시 교동 788,강원도,삼척시,교동,,,강원도 삼척시 동해대로 4183,0.0,228,30,785.0,1.28
[교동],110674,6,교동지웰,2017.12.,612.0,34.67,114.64,25.67,84.86,130,,,,,,,,,3,2,계단식,114B,20.0,14.0,https://new.land.naver.com/complexes/110674?tab=detail&rf=Y,강원도 삼척시 교동 788,강원도,삼척시,교동,,,강원도 삼척시 동해대로 4183,0.0,228,30,785.0,1.28
[교동],114995,1,우평아트리움(도시형),2014.01.,54.0,18.66,61.71,11.35,37.55,18,,,,,,,,,2,1,계단식,61B,10.0,10.0,https://new.land.naver.com/complexes/114995?tab=detail&rf=Y,강원도 삼척시 교동 659,강원도,삼척시,교동,,,강원도 삼척시 대학로 83,0.0,248,32,35.0,0.65
[교동],114995,2,우평아트리움(도시형),2014.01.,54.0,18.56,61.38,11.25,37.22,9,,,,,,,,,2,1,계단식,61A,10.0,10.0,https://new.land.naver.com/complexes/114995?tab=detail&rf=Y,강원도 삼척시 교동 659,강원도,삼척시,교동,,,강원도 삼척시 대학로 83,0.0,248,32,35.0,0.65
[교동],114995,3,우평아트리움(도시형),2014.01.,54.0,20.36,67.31,12.42,41.06,18,,,,,,,,,3,1,계단식,67,10.0,10.0,https://new.land.naver.com/complexes/114995?tab=detail&rf=Y,강원도 삼척시 교동 659,강원도,삼척시,교동,,,강원도 삼척시 대학로 83,0.0,248,32,35.0,0.65
[교동],114995,4,우평아트리움(도시형),2014.01.,54.0,22.4,74.07,13.62,45.03,9,,,,,,,,,3,1,계단식,74,10.0,10.0,https://new.land.naver.com/complexes/114995?tab=detail&rf=Y,강원도 삼척시 교동 659,강원도,삼척시,교동,,,강원도 삼척시 대학로 83,0.0,248,32,35.0,0.65
[교동],102401,1,교동청솔,2003.11.,490.0,24.67,81.57,18.1,59.85,490,,,,,,,,,2,1,계단식,81,15.0,14.0,https://new.land.naver.com/complexes/102401?tab=detail&rf=Y,강원도 삼척시 교동 757,강원도,삼척시,교동,,,강원도 삼척시 정상로 81,0.0,212,18,391.0,0.8
[교동],110667,1,e편한세상삼척교동,2018.03.,723.0,24.59,81.32,18.11,59.87,242,,,,,,,,,3,2,계단식,81,35.0,7.0,https://new.land.naver.com/complexes/110667?tab=detail&rf=Y,강원도 삼척시 교동 793,강원도,삼척시,교동,,,강원도 삼척시 하실길 72,0.0,267,13,847.0,1.17
[교동],110667,2,e편한세상삼척교동,2018.03.,723.0,30.54,100.99,22.54,74.52,75,,,,,,,,,3,2,계단식,100B,35.0,7.0,https://new.land.naver.com/complexes/110667?tab=detail&rf=Y,강원도 삼척시 교동 793,강원도,삼척시,교동,,,강원도 삼척시 하실길 72,0.0,267,13,847.0,1.17
[교동],110667,3,e편한세상삼척교동,2018.03.,723.0,30.49,100.81,22.53,74.51,71,,,,,,,,,3,2,계단식,100C,35.0,7.0,https://new.land.naver.com/complexes/110667?tab=detail&rf=Y,강원도 삼척시 교동 793,강원도,삼척시,교동,,,강원도 삼척시 하실길 72,0.0,267,13,847.0,1.17
[교동],110667,4,e편한세상삼척교동,2018.03.,723.0,30.59,101.15,22.61,74.77,113,,,,,,,,,3,2,계단식,101A,35.0,7.0,https://new.land.naver.com/complexes/110667?tab=detail&rf=Y,강원도 삼척시 교동 793,강원도,삼척시,교동,,,강원도 삼척시 하실길 72,0.0,267,13,847.0,1.17
[교동],110667,5,e편한세상삼척교동,2018.03.,723.0,30.81,101.88,22.62,74.8,19,,,,,,,,,3,2,계단식,101D,35.0,7.0,https://new.land.naver.com/complexes/110667?tab=detail&rf=Y,강원도 삼척시 교동 793,강원도,삼척시,교동,,,강원도 삼척시 하실길 72,0.0,267,13,847.0,1.17
[교동],110667,6,e편한세상삼척교동,2018.03.,723.0,34.4,113.75,25.6,84.65,168,,,,,,,,,3,2,계단식,113A,35.0,7.0,https://new.land.naver.com/complexes/110667?tab=detail&rf=Y,강원도 삼척시 교동 793,강원도,삼척시,교동,,,강원도 삼척시 하실길 72,0.0,267,13,847.0,1.17
[교동],110667,7,e편한세상삼척교동,2018.03.,723.0,34.38,113.68,25.49,84.29,30,,,,,,,,,3,2,계단식,113B,35.0,7.0,https://new.land.naver.com/complexes/110667?tab=detail&rf=Y,강원도 삼척시 교동 793,강원도,삼척시,교동,,,강원도 삼척시 하실길 72,0.0,267,13,847.0,1.17
[교동],110667,8,e편한세상삼척교동,2018.03.,723.0,34.75,114.89,25.57,84.53,5,,,,,,,,,3,2,계단식,114C,35.0,7.0,https://new.land.naver.com/complexes/110667?tab=detail&rf=Y,강원도 삼척시 교동 793,강원도,삼척시,교동,,,강원도 삼척시 하실길 72,0.0,267,13,847.0,1.17
[교동],6178,1,동부,1996.06.,480.0,23.1,76.38,18.09,59.83,360,,,,,,,,,3,1,계단식,76,15.0,15.0,https://new.land.naver.com/complexes/6178?tab=detail&rf=Y,강원도 삼척시 교동 501-5,강원도,삼척시,교동,,,강원도 삼척시 동해대로 4273,0.0,256,22,0.0,0.0
[교동],6178,2,동부,1996.06.,480.0,31.28,103.43,25.68,84.91,90,,,,,,,,,3,1,계단식,103,15.0,15.0,https://new.land.naver.com/complexes/6178?tab=detail&rf=Y,강원도 삼척시 교동 501-5,강원도,삼척시,교동,,,강원도 삼척시 동해대로 4273,0.0,256,22,0.0,0.0
[교동],6178,3,동부,1996.06.,480.0,42.02,138.91,35.48,117.31,30,,,,,,,,,4,2,계단식,138,15.0,15.0,https://new.land.naver.com/complexes/6178?tab=detail&rf=Y,강원도 삼척시 교동 501-5,강원도,삼척시,교동,,,강원도 삼척시 동해대로 4273,0.0,256,22,0.0,0.0
[교동],104048,1,코아루타워,2014.05.,474.0,24.37,80.57,18.09,59.82,74,,,,,,,,,3,2,계단식,80B,24.0,11.0,https://new.land.naver.com/complexes/104048?tab=detail&rf=Y,강원도 삼척시 교동 781,강원도,삼척시,교동,,,강원도 삼척시 교동로 97,0.0,223,16,581.0,1.23
[교동],104048,2,코아루타워,2014.05.,474.0,24.53,81.11,18.14,59.97,79,,,,,,,,,3,2,계단식,81A,24.0,11.0,https://new.land.naver.com/complexes/104048?tab=detail&rf=Y,강원도 삼척시 교동 781,강원도,삼척시,교동,,,강원도 삼척시 교동로 97,0.0,223,16,581.0,1.23
[교동],104048,3,코아루타워,2014.05.,474.0,34.12,112.82,25.53,84.41,126,,,,,,,,,3,2,계단식,112A,24.0,11.0,https://new.land.naver.com/complexes/104048?tab=detail&rf=Y,강원도 삼척시 교동 781,강원도,삼척시,교동,,,강원도 삼척시 교동로 97,0.0,223,16,581.0,1.23
[교동],104048,4,코아루타워,2014.05.,474.0,34.3,113.41,25.68,84.92,116,,,,,,,,,3,2,계단식,113B,24.0,11.0,https://new.land.naver.com/complexes/104048?tab=detail&rf=Y,강원도 삼척시 교동 781,강원도,삼척시,교동,,,강원도 삼척시 교동로 97,0.0,223,16,581.0,1.23
[교동],104048,5,코아루타워,2014.05.,474.0,38.68,127.88,29.08,96.15,39,,,,,,,,,3,2,계단식,127A,24.0,11.0,https://new.land.naver.com/complexes/104048?tab=detail&rf=Y,강원도 삼척시 교동 781,강원도,삼척시,교동,,,강원도 삼척시 교동로 97,0.0,223,16,581.0,1.23
[교동],104048,6,코아루타워,2014.05.,474.0,38.79,128.25,29.18,96.49,40,,,,,,,,,3,2,계단식,128B,24.0,11.0,https://new.land.naver.com/complexes/104048?tab=detail&rf=Y,강원도 삼척시 교동 781,강원도,삼척시,교동,,,강원도 삼척시 교동로 97,0.0,223,16,581.0,1.23
[교동],101628,1,강부2차,1993.12.,165.0,21.97,72.63,15.06,49.81,165,,,,,,,,,3,1,계단식,72,15.0,15.0,https://new.land.naver.com/complexes/101628?tab=detail&rf=Y,강원도 삼척시 교동 130-2,강원도,삼척시,교동,,,강원도 삼척시 동해대로 4122-27,0.0,168,16,57.0,0.35
[교동],101844,1,현대,1997.03.,120.0,18.97,62.73,15.85,52.42,1,,,,,,,,,3,1,계단식,62,15.0,15.0,https://new.land.naver.com/complexes/101844?tab=detail&rf=Y,강원도 삼척시 교동 555,강원도,삼척시,교동,,,강원도 삼척시 봉황로 147,0.0,205,19,75.0,0.62
[교동],101844,2,현대,1997.03.,120.0,21.58,71.34,18.03,59.62,59,,,,,,,,,3,1,계단식,71,15.0,15.0,https://new.land.naver.com/complexes/101844?tab=detail&rf=Y,강원도 삼척시 교동 555,강원도,삼척시,교동,,,강원도 삼척시 봉황로 147,0.0,205,19,75.0,0.62
[교동],101844,3,현대,1997.03.,120.0,29.5,97.53,25.68,84.91,60,,,,,,,,,3,2,계단식,97,15.0,15.0,https://new.land.naver.com/complexes/101844?tab=detail&rf=Y,강원도 삼척시 교동 555,강원도,삼척시,교동,,,강원도 삼척시 봉황로 147,0.0,205,19,75.0,0.62
[교동],123168,1,두원3차,2015.09.,6.0,20.79,68.76,17.84,58.99,2,,,,,,,,,3,1,복도식,68,7.0,7.0,https://new.land.naver.com/complexes/123168?tab=detail&rf=Y,강원도 삼척시 교동 697-2,강원도,삼척시,교동,,,강원도 삼척시 월계안1길 1-8,0.0,173,30,7.0,1.17
[교동],123168,2,두원3차,2015.09.,6.0,23.93,79.14,20.53,67.89,4,,,,,,,,,3,1,복도식,79,7.0,7.0,https://new.land.naver.com/complexes/123168?tab=detail&rf=Y,강원도 삼척시 교동 697-2,강원도,삼척시,교동,,,강원도 삼척시 월계안1길 1-8,0.0,173,30,7.0,1.17
[교동],14430,1,신동아,1998.12.,360.0,22.04,72.87,18.11,59.89,360,,,,,,,,,3,1,계단식,72,15.0,15.0,https://new.land.naver.com/complexes/14430?tab=detail&rf=Y,강원도 삼척시 교동 745-1,강원도,삼척시,교동,,,강원도 삼척시 정상로 90,0.0,219,21,240.0,0.67
[교동],19692,1,교동코아루,2005.08.,757.0,24.59,81.3,18.15,60.0,380,,,,,,,,,2,1,계단식,81,15.0,14.0,https://new.land.naver.com/complexes/19692?tab=detail&rf=Y,강원도 삼척시 교동 733-1,강원도,삼척시,교동,,,강원도 삼척시 교동로 133,0.0,205,18,680.0,0.9
[교동],19692,2,교동코아루,2005.08.,757.0,33.89,112.04,25.68,84.92,377,,,,,,,,,3,2,계단식,112,15.0,14.0,https://new.land.naver.com/complexes/19692?tab=detail&rf=Y,강원도 삼척시 교동 733-1,강원도,삼척시,교동,,,강원도 삼척시 교동로 133,0.0,205,18,680.0,0.9
[근덕면],141280,1,동산,1992.06.,70.0,23.78,78.64,18.08,59.79,50,,,,,,,,,3,1,계단식,78B,5.0,5.0,https://new.land.naver.com/complexes/141280?tab=detail&rf=Y,강원도 삼척시 근덕면 교가리 361-4,강원도,삼척시,근덕면,,,강원도 삼척시 교가길 38,0.0,112,24,29.0,0.41
[근덕면],141280,2,동산,1992.06.,70.0,23.84,78.82,18.14,59.97,10,,,,,,,,,3,1,계단식,78D,5.0,5.0,https://new.land.naver.com/complexes/141280?tab=detail&rf=Y,강원도 삼척시 근덕면 교가리 361-4,강원도,삼척시,근덕면,,,강원도 삼척시 교가길 38,0.0,112,24,29.0,0.41
[근덕면],141280,3,동산,1992.06.,70.0,23.7,78.37,18.0,59.52,5,,,,,,,,,3,1,계단식,78A,5.0,5.0,https://new.land.naver.com/complexes/141280?tab=detail&rf=Y,강원도 삼척시 근덕면 교가리 361-4,강원도,삼척시,근덕면,,,강원도 삼척시 교가길 38,0.0,112,24,29.0,0.41
[근덕면],141280,4,동산,1992.06.,70.0,23.83,78.79,18.13,59.94,5,,,,,,,,,3,1,계단식,78C,5.0,5.0,https://new.land.naver.com/complexes/141280?tab=detail&rf=Y,강원도 삼척시 근덕면 교가리 361-4,강원도,삼척시,근덕면,,,강원도 삼척시 교가길 38,0.0,112,24,29.0,0.41
[근덕면],141301,1,행남,1995.10.,60.0,12.84,42.46,11.13,36.8,12,,,,,,,,,1,1,계단식,42,6.0,6.0,https://new.land.naver.com/complexes/141301?tab=detail&rf=Y,강원도 삼척시 근덕면 교가리 378-1,강원도,삼척시,근덕면,,,강원도 삼척시 교가2길 19,0.0,157,32,25.0,0.42
[근덕면],141301,2,행남,1995.10.,60.0,14.06,46.51,12.19,40.31,12,,,,,,,,,1,1,계단식,46,6.0,6.0,https://new.land.naver.com/complexes/141301?tab=detail&rf=Y,강원도 삼척시 근덕면 교가리 378-1,강원도,삼척시,근덕면,,,강원도 삼척시 교가2길 19,0.0,157,32,25.0,0.42
[근덕면],141301,3,행남,1995.10.,60.0,16.14,53.38,13.99,46.27,6,,,,,,,,,2,1,계단식,53,6.0,6.0,https://new.land.naver.com/complexes/141301?tab=detail&rf=Y,강원도 삼척시 근덕면 교가리 378-1,강원도,삼척시,근덕면,,,강원도 삼척시 교가2길 19,0.0,157,32,25.0,0.42
[근덕면],141301,4,행남,1995.10.,60.0,20.89,69.08,18.1,59.85,24,,,,,,,,,3,1,계단식,69,6.0,6.0,https://new.land.naver.com/complexes/141301?tab=detail&rf=Y,강원도 삼척시 근덕면 교가리 378-1,강원도,삼척시,근덕면,,,강원도 삼척시 교가2길 19,0.0,157,32,25.0,0.42
[근덕면],141301,5,행남,1995.10.,60.0,27.86,92.13,24.14,79.83,6,,,,,,,,,3,2,계단식,92,6.0,6.0,https://new.land.naver.com/complexes/141301?tab=detail&rf=Y,강원도 삼척시 근덕면 교가리 378-1,강원도,삼척시,근덕면,,,강원도 삼척시 교가2길 19,0.0,157,32,25.0,0.42
[남양동],144842,1,현대백조맨션2차,1989.01.,20.0,27.77,91.83,25.6,84.63,15,,,,,,,,,3,2,계단식,91,5.0,5.0,https://new.land.naver.com/complexes/144842?tab=detail&rf=Y,강원도 삼척시 남양동 337-1,강원도,삼척시,남양동,,,강원도 삼척시 남양길 13-54,0.0,0,0,0.0,0.0
[남양동],144842,2,현대백조맨션2차,1989.01.,20.0,30.43,100.62,28.25,93.42,5,,,,,,,,,3,2,계단식,100,5.0,5.0,https://new.land.naver.com/complexes/144842?tab=detail&rf=Y,강원도 삼척시 남양동 337-1,강원도,삼척시,남양동,,,강원도 삼척시 남양길 13-54,0.0,0,0,0.0,0.0
[남양동],141642,1,동원파크2차,1993.11.,13.0,24.96,82.54,20.44,67.59,1,,,,,,,,,3,2,계단식,82,7.0,6.0,https://new.land.naver.com/complexes/141642?tab=detail&rf=Y,강원도 삼척시 남양동 346,강원도,삼척시,남양동,,,강원도 삼척시 남양길 46,0.0,219,39,8.0,0.62
[남양동],141642,2,동원파크2차,1993.11.,13.0,26.68,88.21,21.84,72.23,1,,,,,,,,,3,2,계단식,88,7.0,6.0,https://new.land.naver.com/complexes/141642?tab=detail&rf=Y,강원도 삼척시 남양동 346,강원도,삼척시,남양동,,,강원도 삼척시 남양길 46,0.0,219,39,8.0,0.62
[남양동],141642,3,동원파크2차,1993.11.,13.0,30.02,99.26,24.58,81.28,2,,,,,,,,,3,2,계단식,99,7.0,6.0,https://new.land.naver.com/complexes/141642?tab=detail&rf=Y,강원도 삼척시 남양동 346,강원도,삼척시,남양동,,,강원도 삼척시 남양길 46,0.0,219,39,8.0,0.62
[남양동],141642,4,동원파크2차,1993.11.,13.0,31.39,103.79,25.7,84.99,8,,,,,,,,,3,2,계단식,103,7.0,6.0,https://new.land.naver.com/complexes/141642?tab=detail&rf=Y,강원도 삼척시 남양동 346,강원도,삼척시,남양동,,,강원도 삼척시 남양길 46,0.0,219,39,8.0,0.62
[남양동],141642,5,동원파크2차,1993.11.,13.0,51.65,170.76,42.29,139.82,1,,,,,,,,,4,2,계단식,170,7.0,6.0,https://new.land.naver.com/complexes/141642?tab=detail&rf=Y,강원도 삼척시 남양동 346,강원도,삼척시,남양동,,,강원도 삼척시 남양길 46,0.0,219,39,8.0,0.62
[남양동],143453,1,세연상가,1995.05.,95.0,18.37,60.74,15.91,52.6,12,,,,,,,,,2,1,계단식,60,8.0,7.0,https://new.land.naver.com/complexes/143453?tab=detail&rf=Y,강원도 삼척시 남양동 52,강원도,삼척시,남양동,,,강원도 삼척시 중앙시장1길 22-23,0.0,372,54,55.0,0.58
[남양동],143453,2,세연상가,1995.05.,95.0,18.57,61.4,16.1,53.25,28,,,,,,,,,2,1,계단식,61,8.0,7.0,https://new.land.naver.com/complexes/143453?tab=detail&rf=Y,강원도 삼척시 남양동 52,강원도,삼척시,남양동,,,강원도 삼척시 중앙시장1길 22-23,0.0,372,54,55.0,0.58
[남양동],143453,3,세연상가,1995.05.,95.0,24.55,81.19,21.28,70.35,49,,,,,,,,,3,2,계단식,81,8.0,7.0,https://new.land.naver.com/complexes/143453?tab=detail&rf=Y,강원도 삼척시 남양동 52,강원도,삼척시,남양동,,,강원도 삼척시 중앙시장1길 22-23,0.0,372,54,55.0,0.58
[남양동],143453,4,세연상가,1995.05.,95.0,36.57,120.9,31.64,104.6,6,,,,,,,,,3,2,계단식,120,8.0,7.0,https://new.land.naver.com/complexes/143453?tab=detail&rf=Y,강원도 삼척시 남양동 52,강원도,삼척시,남양동,,,강원도 삼척시 중앙시장1길 22-23,0.0,372,54,55.0,0.58
[남양동],144889,1,진주,1991.07.,50.0,16.71,55.26,14.86,49.14,30,,,,,,,,,2,1,계단식,55,5.0,5.0,https://new.land.naver.com/complexes/144889?tab=detail&rf=Y,강원도 삼척시 남양동 344-2,강원도,삼척시,남양동,,,강원도 삼척시 남양안길 52,0.0,0,0,0.0,0.0
[남양동],144889,2,진주,1991.07.,50.0,17.71,58.55,15.06,49.8,10,,,,,,,,,2,1,계단식,58A,5.0,5.0,https://new.land.naver.com/complexes/144889?tab=detail&rf=Y,강원도 삼척시 남양동 344-2,강원도,삼척시,남양동,,,강원도 삼척시 남양안길 52,0.0,0,0,0.0,0.0
[남양동],144889,3,진주,1991.07.,50.0,17.76,58.73,15.11,49.98,10,,,,,,,,,2,1,계단식,58B,5.0,5.0,https://new.land.naver.com/complexes/144889?tab=detail&rf=Y,강원도 삼척시 남양동 344-2,강원도,삼척시,남양동,,,강원도 삼척시 남양안길 52,0.0,0,0,0.0,0.0
[남양동],143717,1,한흥2차,1986.11.,40.0,12.03,39.78,10.18,33.66,5,,,,,,,,,2,1,계단식,39,5.0,5.0,https://new.land.naver.com/complexes/143717?tab=detail&rf=Y,강원도 삼척시 남양동 347-10,강원도,삼척시,남양동,,,강원도 삼척시 남양안길 63-14,0.0,0,0,0.0,0.0
[남양동],143717,2,한흥2차,1986.11.,40.0,12.9,42.66,11.05,36.54,5,,,,,,,,,2,1,계단식,42,5.0,5.0,https://new.land.naver.com/complexes/143717?tab=detail&rf=Y,강원도 삼척시 남양동 347-10,강원도,삼척시,남양동,,,강원도 삼척시 남양안길 63-14,0.0,0,0,0.0,0.0
[남양동],143717,3,한흥2차,1986.11.,40.0,15.19,50.22,13.44,44.46,20,,,,,,,,,2,1,계단식,50,5.0,5.0,https://new.land.naver.com/complexes/143717?tab=detail&rf=Y,강원도 삼척시 남양동 347-10,강원도,삼척시,남양동,,,강원도 삼척시 남양안길 63-14,0.0,0,0,0.0,0.0
[남양동],143717,4,한흥2차,1986.11.,40.0,17.2,56.88,15.46,51.12,10,,,,,,,,,2,1,계단식,56,5.0,5.0,https://new.land.naver.com/complexes/143717?tab=detail&rf=Y,강원도 삼척시 남양동 347-10,강원도,삼척시,남양동,,,강원도 삼척시 남양안길 63-14,0.0,0,0,0.0,0.0
[남양동],101651,1,동화3차,1994.09.,137.0,21.37,70.65,17.95,59.34,43,,,,,,,,,3,1,계단식,70,11.0,10.0,https://new.land.naver.com/complexes/101651?tab=detail&rf=Y,강원도 삼척시 남양동 338,강원도,삼척시,남양동,,,강원도 삼척시 남양길 14-17,0.0,340,34,92.0,0.67
[남양동],101651,2,동화3차,1994.09.,137.0,29.1,96.21,25.68,84.9,84,,,,,,,,,3,2,계단식,96,11.0,10.0,https://new.land.naver.com/complexes/101651?tab=detail&rf=Y,강원도 삼척시 남양동 338,강원도,삼척시,남양동,,,강원도 삼척시 남양길 14-17,0.0,340,34,92.0,0.67
[남양동],101651,3,동화3차,1994.09.,137.0,41.28,136.47,37.86,125.16,10,,,,,,,,,3,2,계단식,136,11.0,10.0,https://new.land.naver.com/complexes/101651?tab=detail&rf=Y,강원도 삼척시 남양동 338,강원도,삼척시,남양동,,,강원도 삼척시 남양길 14-17,0.0,340,34,92.0,0.67
[남양동],141653,1,선경1차,1990.01.,15.0,24.61,81.36,22.27,73.62,10,,,,,,,,,3,2,계단식,81,5.0,5.0,https://new.land.naver.com/complexes/141653?tab=detail&rf=Y,강원도 삼척시 남양동 346-3,강원도,삼척시,남양동,,,강원도 삼척시 봉황로 31,0.0,0,0,0.0,0.0
[남양동],141653,2,선경1차,1990.01.,15.0,25.91,85.68,23.57,77.94,5,,,,,,,,,3,2,계단식,85,5.0,5.0,https://new.land.naver.com/complexes/141653?tab=detail&rf=Y,강원도 삼척시 남양동 346-3,강원도,삼척시,남양동,,,강원도 삼척시 봉황로 31,0.0,0,0,0.0,0.0
[남양동],130370,1,신한상가,1995.03.,20.0,28.41,93.92,22.36,73.94,4,,,,,,,,,3,2,복도식,93,7.0,7.0,https://new.land.naver.com/complexes/130370?tab=detail&rf=Y,강원도 삼척시 남양동 55-80,강원도,삼척시,남양동,,,강원도 삼척시 중앙로 199,0.0,383,69,13.0,0.65
[남양동],130370,2,신한상가,1995.03.,20.0,29.36,97.09,23.12,76.43,8,,,,,,,,,3,2,복도식,97,7.0,7.0,https://new.land.naver.com/complexes/130370?tab=detail&rf=Y,강원도 삼척시 남양동 55-80,강원도,삼척시,남양동,,,강원도 삼척시 중앙로 199,0.0,383,69,13.0,0.65
[남양동],130370,3,신한상가,1995.03.,20.0,30.99,102.46,24.4,80.67,8,,,,,,,,,3,2,계단식,102,7.0,7.0,https://new.land.naver.com/complexes/130370?tab=detail&rf=Y,강원도 삼척시 남양동 55-80,강원도,삼척시,남양동,,,강원도 삼척시 중앙로 199,0.0,383,69,13.0,0.65
[남양동],144997,1,백조(345-2),1986.11.,246.0,11.65,38.53,10.79,35.7,50,,,,,,,,,2,1,계단식,38,5.0,4.0,https://new.land.naver.com/complexes/144997?tab=detail&rf=Y,강원도 삼척시 남양동 345-2,강원도,삼척시,남양동,,,강원도 삼척시 남양길 63-17,0.0,0,0,0.0,0.0
[남양동],144997,2,백조(345-2),1986.11.,246.0,13.53,44.76,11.65,38.52,28,,,,,,,,,2,1,계단식,44,5.0,4.0,https://new.land.naver.com/complexes/144997?tab=detail&rf=Y,강원도 삼척시 남양동 345-2,강원도,삼척시,남양동,,,강원도 삼척시 남양길 63-17,0.0,0,0,0.0,0.0
[남양동],144997,3,백조(345-2),1986.11.,246.0,15.79,52.22,14.91,49.3,25,,,,,,,,,2,1,계단식,52,5.0,4.0,https://new.land.naver.com/complexes/144997?tab=detail&rf=Y,강원도 삼척시 남양동 345-2,강원도,삼척시,남양동,,,강원도 삼척시 남양길 63-17,0.0,0,0,0.0,0.0
[남양동],144997,4,백조(345-2),1986.11.,246.0,16.84,55.68,14.95,49.44,30,,,,,,,,,2,1,계단식,55A,5.0,4.0,https://new.land.naver.com/complexes/144997?tab=detail&rf=Y,강원도 삼척시 남양동 345-2,강원도,삼척시,남양동,,,강원도 삼척시 남양길 63-17,0.0,0,0,0.0,0.0
[남양동],144997,5,백조(345-2),1986.11.,246.0,16.95,56.04,15.06,49.8,44,,,,,,,,,2,1,계단식,56B,5.0,4.0,https://new.land.naver.com/complexes/144997?tab=detail&rf=Y,강원도 삼척시 남양동 345-2,강원도,삼척시,남양동,,,강원도 삼척시 남양길 63-17,0.0,0,0,0.0,0.0
[남양동],144997,6,백조(345-2),1986.11.,246.0,17.81,58.89,15.92,52.65,16,,,,,,,,,3,1,계단식,58,5.0,4.0,https://new.land.naver.com/complexes/144997?tab=detail&rf=Y,강원도 삼척시 남양동 345-2,강원도,삼척시,남양동,,,강원도 삼척시 남양길 63-17,0.0,0,0,0.0,0.0
[남양동],144997,7,백조(345-2),1986.11.,246.0,18.56,61.38,16.67,55.14,8,,,,,,,,,3,1,계단식,61A,5.0,4.0,https://new.land.naver.com/complexes/144997?tab=detail&rf=Y,강원도 삼척시 남양동 345-2,강원도,삼척시,남양동,,,강원도 삼척시 남양길 63-17,0.0,0,0,0.0,0.0
[남양동],144997,8,백조(345-2),1986.11.,246.0,19.36,64.03,17.36,57.39,30,,,,,,,,,3,1,계단식,64B,5.0,4.0,https://new.land.naver.com/complexes/144997?tab=detail&rf=Y,강원도 삼척시 남양동 345-2,강원도,삼척시,남양동,,,강원도 삼척시 남양길 63-17,0.0,0,0,0.0,0.0
[남양동],144997,9,백조(345-2),1986.11.,246.0,20.12,66.53,18.09,59.81,10,,,,,,,,,3,1,계단식,66A,5.0,4.0,https://new.land.naver.com/complexes/144997?tab=detail&rf=Y,강원도 삼척시 남양동 345-2,강원도,삼척시,남양동,,,강원도 삼척시 남양길 63-17,0.0,0,0,0.0,0.0
[남양동],144997,10,백조(345-2),1986.11.,246.0,22.04,72.87,18.12,59.91,5,,,,,,,,,3,1,계단식,72B,5.0,4.0,https://new.land.naver.com/complexes/144997?tab=detail&rf=Y,강원도 삼척시 남양동 345-2,강원도,삼척시,남양동,,,강원도 삼척시 남양길 63-17,0.0,0,0,0.0,0.0
[남양동],144317,1,백조상가,1989.11.,11.0,23.61,78.06,19.46,64.35,2,,,,,,,,,3,1,계단식,78,5.0,4.0,https://new.land.naver.com/complexes/144317?tab=detail&rf=Y,강원도 삼척시 남양동 344-4,강원도,삼척시,남양동,,,강원도 삼척시 남양길 41-80,0.0,212,55,0.0,0.0
[남양동],144317,2,백조상가,1989.11.,11.0,25.54,84.44,21.05,69.6,6,,,,,,,,,3,2,계단식,84A,5.0,4.0,https://new.land.naver.com/complexes/144317?tab=detail&rf=Y,강원도 삼척시 남양동 344-4,강원도,삼척시,남양동,,,강원도 삼척시 남양길 41-80,0.0,212,55,0.0,0.0
[남양동],144317,3,백조상가,1989.11.,11.0,25.76,85.16,21.23,70.2,3,,,,,,,,,3,2,계단식,85B,5.0,4.0,https://new.land.naver.com/complexes/144317?tab=detail&rf=Y,강원도 삼척시 남양동 344-4,강원도,삼척시,남양동,,,강원도 삼척시 남양길 41-80,0.0,212,55,0.0,0.0
[남양동],142643,1,현대타운,1985.12.,18.0,21.55,71.25,18.05,59.7,3,,,,,,,,,3,1,계단식,71,5.0,5.0,https://new.land.naver.com/complexes/142643?tab=detail&rf=Y,강원도 삼척시 남양동 17-56,강원도,삼척시,남양동,,,강원도 삼척시 진주로 15,0.0,252,67,0.0,0.0
[남양동],142643,2,현대타운,1985.12.,18.0,25.08,82.93,21.09,69.72,15,,,,,,,,,3,2,계단식,82,5.0,5.0,https://new.land.naver.com/complexes/142643?tab=detail&rf=Y,강원도 삼척시 남양동 17-56,강원도,삼척시,남양동,,,강원도 삼척시 진주로 15,0.0,252,67,0.0,0.0
[남양동],141985,1,드림팰리스,2017.07.,26.0,34.0,112.42,25.68,84.9,26,,,,,,,,,3,2,계단식,112,14.0,14.0,https://new.land.naver.com/complexes/141985?tab=detail&rf=Y,강원도 삼척시 남양동 131-16,강원도,삼척시,남양동,,,강원도 삼척시 중앙로 173-21,0.0,456,57,26.0,1.0
[남양동],139959,1,동화,1990.09.,38.0,25.67,84.88,19.42,64.2,5,,,,,,,,,3,2,계단식,84,5.0,5.0,https://new.land.naver.com/complexes/139959?tab=detail&rf=Y,강원도 삼척시 남양동 343,강원도,삼척시,남양동,,,강원도 삼척시 남양안길 41-24,0.0,192,41,0.0,0.0
[남양동],139959,2,동화,1990.09.,38.0,29.13,96.31,22.03,72.84,20,,,,,,,,,3,2,계단식,96,5.0,5.0,https://new.land.naver.com/complexes/139959?tab=detail&rf=Y,강원도 삼척시 남양동 343,강원도,삼척시,남양동,,,강원도 삼척시 남양안길 41-24,0.0,192,41,0.0,0.0
[남양동],139959,3,동화,1990.09.,38.0,33.17,109.67,25.31,83.7,13,,,,,,,,,3,2,계단식,109,5.0,5.0,https://new.land.naver.com/complexes/139959?tab=detail&rf=Y,강원도 삼척시 남양동 343,강원도,삼척시,남양동,,,강원도 삼척시 남양안길 41-24,0.0,192,41,0.0,0.0
[남양동],101652,1,강부맨션,1991.05.,160.0,24.79,81.96,19.43,64.25,79,,,,,,,,,3,1,계단식,81A,12.0,11.0,https://new.land.naver.com/complexes/101652?tab=detail&rf=Y,강원도 삼척시 남양동 5-6,강원도,삼척시,남양동,,,강원도 삼척시 봉황로 91-36,0.0,267,26,60.0,0.38
[남양동],101652,2,강부맨션,1991.05.,160.0,25.82,85.37,20.24,66.92,33,,,,,,,,,3,1,계단식,85B,12.0,11.0,https://new.land.naver.com/complexes/101652?tab=detail&rf=Y,강원도 삼척시 남양동 5-6,강원도,삼척시,남양동,,,강원도 삼척시 봉황로 91-36,0.0,267,26,60.0,0.38
[남양동],101652,3,강부맨션,1991.05.,160.0,32.55,107.63,25.52,84.37,48,,,,,,,,,3,1,계단식,107,12.0,11.0,https://new.land.naver.com/complexes/101652?tab=detail&rf=Y,강원도 삼척시 남양동 5-6,강원도,삼척시,남양동,,,강원도 삼척시 봉황로 91-36,0.0,267,26,60.0,0.38
[당저동],141626,1,두원밸리,2013.06.,24.0,16.24,53.71,14.21,47.0,12,,,,,,,,,2,1,계단식,53,4.0,4.0,https://new.land.naver.com/complexes/141626?tab=detail&rf=Y,강원도 삼척시 당저동 10-1,강원도,삼척시,당저동,,,강원도 삼척시 사대1길 35-30,0.0,0,0,17.0,0.71
[당저동],141626,2,두원밸리,2013.06.,24.0,16.91,55.92,14.8,48.93,12,,,,,,,,,2,1,계단식,55,4.0,4.0,https://new.land.naver.com/complexes/141626?tab=detail&rf=Y,강원도 삼척시 당저동 10-1,강원도,삼척시,당저동,,,강원도 삼척시 사대1길 35-30,0.0,0,0,17.0,0.71
[당저동],142561,1,경남타운,1991.12.,42.0,20.45,67.63,12.75,42.16,1,,,,,,,,,3,1,계단식,67,12.0,8.0,https://new.land.naver.com/complexes/142561?tab=detail&rf=Y,강원도 삼척시 당저동 144-2,강원도,삼척시,당저동,,,강원도 삼척시 대학로 39,0.0,398,58,27.0,0.64
[당저동],142561,2,경남타운,1991.12.,42.0,23.06,76.26,16.5,54.56,14,,,,,,,,,3,1,계단식,76,12.0,8.0,https://new.land.naver.com/complexes/142561?tab=detail&rf=Y,강원도 삼척시 당저동 144-2,강원도,삼척시,당저동,,,강원도 삼척시 대학로 39,0.0,398,58,27.0,0.64
[당저동],142561,3,경남타운,1991.12.,42.0,25.95,85.79,16.87,55.8,2,,,,,,,,,3,2,계단식,85B,12.0,8.0,https://new.land.naver.com/complexes/142561?tab=detail&rf=Y,강원도 삼척시 당저동 144-2,강원도,삼척시,당저동,,,강원도 삼척시 대학로 39,0.0,398,58,27.0,0.64
[당저동],142561,4,경남타운,1991.12.,42.0,26.39,87.26,16.45,54.4,1,,,,,,,,,3,2,계단식,87A,12.0,8.0,https://new.land.naver.com/complexes/142561?tab=detail&rf=Y,강원도 삼척시 당저동 144-2,강원도,삼척시,당저동,,,강원도 삼척시 대학로 39,0.0,398,58,27.0,0.64
[당저동],142561,5,경남타운,1991.12.,42.0,31.01,102.52,19.33,63.92,1,,,,,,,,,3,2,계단식,102,12.0,8.0,https://new.land.naver.com/complexes/142561?tab=detail&rf=Y,강원도 삼척시 당저동 144-2,강원도,삼척시,당저동,,,강원도 삼척시 대학로 39,0.0,398,58,27.0,0.64
[당저동],142561,6,경남타운,1991.12.,42.0,32.29,106.75,21.0,69.44,1,,,,,,,,,3,2,계단식,106,12.0,8.0,https://new.land.naver.com/complexes/142561?tab=detail&rf=Y,강원도 삼척시 당저동 144-2,강원도,삼척시,당저동,,,강원도 삼척시 대학로 39,0.0,398,58,27.0,0.64
[당저동],142561,7,경남타운,1991.12.,42.0,34.97,115.61,25.02,82.72,18,,,,,,,,,3,2,계단식,115,12.0,8.0,https://new.land.naver.com/complexes/142561?tab=detail&rf=Y,강원도 삼척시 당저동 144-2,강원도,삼척시,당저동,,,강원도 삼척시 대학로 39,0.0,398,58,27.0,0.64
[당저동],142561,8,경남타운,1991.12.,42.0,36.98,122.28,24.06,79.54,2,,,,,,,,,3,2,계단식,122,12.0,8.0,https://new.land.naver.com/complexes/142561?tab=detail&rf=Y,강원도 삼척시 당저동 144-2,강원도,삼척시,당저동,,,강원도 삼척시 대학로 39,0.0,398,58,27.0,0.64
[당저동],142561,9,경남타운,1991.12.,42.0,40.45,133.75,26.81,88.66,2,,,,,,,,,3,2,계단식,133,12.0,8.0,https://new.land.naver.com/complexes/142561?tab=detail&rf=Y,강원도 삼척시 당저동 144-2,강원도,삼척시,당저동,,,강원도 삼척시 대학로 39,0.0,398,58,27.0,0.64
[당저동],119886,1,JG1차,2013.05.,14.0,8.5,28.11,5.62,18.61,2,,,,,,,,,1,1,계단식,28A,5.0,5.0,https://new.land.naver.com/complexes/119886?tab=detail&rf=Y,강원도 삼척시 당저동 125-4,강원도,삼척시,당저동,,,강원도 삼척시 당저길 35-5,0.0,241,60,4.0,0.29
[당저동],119886,2,JG1차,2013.05.,14.0,9.14,30.23,6.31,20.89,2,,,,,,,,,1,1,계단식,30C,5.0,5.0,https://new.land.naver.com/complexes/119886?tab=detail&rf=Y,강원도 삼척시 당저동 125-4,강원도,삼척시,당저동,,,강원도 삼척시 당저길 35-5,0.0,241,60,4.0,0.29
[당저동],119886,3,JG1차,2013.05.,14.0,9.14,30.23,6.31,20.88,1,,,,,,,,,1,1,계단식,30B,5.0,5.0,https://new.land.naver.com/complexes/119886?tab=detail&rf=Y,강원도 삼척시 당저동 125-4,강원도,삼척시,당저동,,,강원도 삼척시 당저길 35-5,0.0,241,60,4.0,0.29
[당저동],119886,4,JG1차,2013.05.,14.0,9.75,32.26,6.73,22.28,1,,,,,,,,,1,1,계단식,32A,5.0,5.0,https://new.land.naver.com/complexes/119886?tab=detail&rf=Y,강원도 삼척시 당저동 125-4,강원도,삼척시,당저동,,,강원도 삼척시 당저길 35-5,0.0,241,60,4.0,0.29
[당저동],119886,5,JG1차,2013.05.,14.0,10.46,34.59,7.28,24.09,4,,,,,,,,,1,1,계단식,34B,5.0,5.0,https://new.land.naver.com/complexes/119886?tab=detail&rf=Y,강원도 삼척시 당저동 125-4,강원도,삼척시,당저동,,,강원도 삼척시 당저길 35-5,0.0,241,60,4.0,0.29
[당저동],119886,6,JG1차,2013.05.,14.0,11.97,39.58,8.37,27.7,2,,,,,,,,,1,1,계단식,39,5.0,5.0,https://new.land.naver.com/complexes/119886?tab=detail&rf=Y,강원도 삼척시 당저동 125-4,강원도,삼척시,당저동,,,강원도 삼척시 당저길 35-5,0.0,241,60,4.0,0.29
[당저동],119886,7,JG1차,2013.05.,14.0,13.6,44.96,9.68,32.0,2,,,,,,,,,1,1,계단식,44,5.0,5.0,https://new.land.naver.com/complexes/119886?tab=detail&rf=Y,강원도 삼척시 당저동 125-4,강원도,삼척시,당저동,,,강원도 삼척시 당저길 35-5,0.0,241,60,4.0,0.29
[당저동],119899,1,JG2차(도시형),2015.03.,16.0,7.12,23.57,5.29,17.51,4,,,,,,,,,1,1,복도식,23,5.0,5.0,https://new.land.naver.com/complexes/119899?tab=detail&rf=Y,강원도 삼척시 당저동 125-3,강원도,삼척시,당저동,,,강원도 삼척시 당저길 29,0.0,216,60,8.0,0.5
[당저동],119899,2,JG2차(도시형),2015.03.,16.0,7.59,25.11,5.63,18.64,4,,,,,,,,,1,1,복도식,25A,5.0,5.0,https://new.land.naver.com/complexes/119899?tab=detail&rf=Y,강원도 삼척시 당저동 125-3,강원도,삼척시,당저동,,,강원도 삼척시 당저길 29,0.0,216,60,8.0,0.5
[당저동],119899,3,JG2차(도시형),2015.03.,16.0,8.32,27.51,6.17,20.4,4,,,,,,,,,1,1,복도식,27B,5.0,5.0,https://new.land.naver.com/complexes/119899?tab=detail&rf=Y,강원도 삼척시 당저동 125-3,강원도,삼척시,당저동,,,강원도 삼척시 당저길 29,0.0,216,60,8.0,0.5
[당저동],119899,4,JG2차(도시형),2015.03.,16.0,11.79,38.98,8.78,29.05,4,,,,,,,,,1,1,복도식,38,5.0,5.0,https://new.land.naver.com/complexes/119899?tab=detail&rf=Y,강원도 삼척시 당저동 125-3,강원도,삼척시,당저동,,,강원도 삼척시 당저길 29,0.0,216,60,8.0,0.5
[도계읍],142949,1,한림,1989.07.,100.0,13.26,43.86,11.38,37.62,50,,,,,,,,,1,1,계단식,43,5.0,5.0,https://new.land.naver.com/complexes/142949?tab=detail&rf=Y,강원도 삼척시 도계읍 도계리 325-1,강원도,삼척시,도계읍,,,강원도 삼척시 도계대한길 93,0.0,0,0,0.0,0.0
[도계읍],142949,2,한림,1989.07.,100.0,16.18,53.49,14.29,47.25,30,,,,,,,,,2,1,계단식,53,5.0,5.0,https://new.land.naver.com/complexes/142949?tab=detail&rf=Y,강원도 삼척시 도계읍 도계리 325-1,강원도,삼척시,도계읍,,,강원도 삼척시 도계대한길 93,0.0,0,0,0.0,0.0
[도계읍],142949,3,한림,1989.07.,100.0,19.03,62.94,17.15,56.7,20,,,,,,,,,2,1,계단식,62,5.0,5.0,https://new.land.naver.com/complexes/142949?tab=detail&rf=Y,강원도 삼척시 도계읍 도계리 325-1,강원도,삼척시,도계읍,,,강원도 삼척시 도계대한길 93,0.0,0,0,0.0,0.0
[마달동],14431,1,혜진1,1992.06.,80.0,21.13,69.86,16.01,52.94,30,,,,,,,,,3,1,계단식,69,5.0,5.0,https://new.land.naver.com/complexes/14431?tab=detail&rf=Y,강원도 삼척시 마달동 124,강원도,삼척시,마달동,,,강원도 삼척시 마달길 220,0.0,125,28,0.0,0.0
[마달동],14431,2,혜진1,1992.06.,80.0,23.5,77.7,17.88,59.14,50,,,,,,,,,3,1,계단식,77,5.0,5.0,https://new.land.naver.com/complexes/14431?tab=detail&rf=Y,강원도 삼척시 마달동 124,강원도,삼척시,마달동,,,강원도 삼척시 마달길 220,0.0,125,28,0.0,0.0
[마달동],119147,1,누가,1995.05.,156.0,10.3,34.07,9.0,29.76,1,,,,,,,,,1,1,복도식,34,6.0,6.0,https://new.land.naver.com/complexes/119147?tab=detail&rf=Y,강원도 삼척시 마달동 53-4,강원도,삼척시,마달동,,,강원도 삼척시 마달1길 75,0.0,29,29,36.0,0.23
[마달동],119147,2,누가,1995.05.,156.0,11.44,37.82,8.22,27.18,132,,,,,,,,,1,1,복도식,37,6.0,6.0,https://new.land.naver.com/complexes/119147?tab=detail&rf=Y,강원도 삼척시 마달동 53-4,강원도,삼척시,마달동,,,강원도 삼척시 마달1길 75,0.0,29,29,36.0,0.23
[마달동],119147,3,누가,1995.05.,156.0,12.52,41.41,9.0,29.76,23,,,,,,,,,1,1,복도식,41,6.0,6.0,https://new.land.naver.com/complexes/119147?tab=detail&rf=Y,강원도 삼척시 마달동 53-4,강원도,삼척시,마달동,,,강원도 삼척시 마달1길 75,0.0,29,29,36.0,0.23
[마달동],114996,1,삼척마달세영리첼,2017.12.,418.0,27.83,92.0,18.94,62.64,219,,,,,,,,,3,2,계단식,92,28.0,18.0,https://new.land.naver.com/complexes/114996?tab=detail&rf=Y,강원도 삼척시 마달동 179,강원도,삼척시,마달동,,,강원도 삼척시 마달길 215,0.0,238,14,519.0,1.24
[마달동],114996,2,삼척마달세영리첼,2017.12.,418.0,30.83,101.92,21.93,72.52,90,,,,,,,,,3,2,계단식,101,28.0,18.0,https://new.land.naver.com/complexes/114996?tab=detail&rf=Y,강원도 삼척시 마달동 179,강원도,삼척시,마달동,,,강원도 삼척시 마달길 215,0.0,238,14,519.0,1.24
[마달동],114996,3,삼척마달세영리첼,2017.12.,418.0,34.11,112.78,25.7,84.98,109,,,,,,,,,3,2,계단식,112,28.0,18.0,https://new.land.naver.com/complexes/114996?tab=detail&rf=Y,강원도 삼척시 마달동 179,강원도,삼척시,마달동,,,강원도 삼척시 마달길 215,0.0,238,14,519.0,1.24
[마달동],103221,1,혜진3차,1993.05.,15.0,23.72,78.42,17.88,59.14,15,,,,,,,,,3,1,계단식,78,5.0,5.0,https://new.land.naver.com/complexes/103221?tab=detail&rf=Y,강원도 삼척시 마달동 108-1,강원도,삼척시,마달동,,,강원도 삼척시 마달길 212,0.0,135,34,9.0,0.6
[사직동],108665,1,원조,1997.12.,256.0,19.84,65.59,13.74,45.43,37,,,,,,,,,2,1,계단식,65,14.0,8.0,https://new.land.naver.com/complexes/108665?tab=detail&rf=Y,강원도 삼척시 사직동 319-1,강원도,삼척시,사직동,,,강원도 삼척시 사직로4길 40-11,88.0,0,0,155.0,0.61
[사직동],108665,2,원조,1997.12.,256.0,25.21,83.36,18.11,59.88,75,,,,,,,,,3,1,계단식,83,14.0,8.0,https://new.land.naver.com/complexes/108665?tab=detail&rf=Y,강원도 삼척시 사직동 319-1,강원도,삼척시,사직동,,,강원도 삼척시 사직로4길 40-11,88.0,0,0,155.0,0.61
[사직동],108665,3,원조,1997.12.,256.0,25.99,85.94,18.0,59.52,56,,,,,,,,,3,1,계단식,85,14.0,8.0,https://new.land.naver.com/complexes/108665?tab=detail&rf=Y,강원도 삼척시 사직동 319-1,강원도,삼척시,사직동,,,강원도 삼척시 사직로4길 40-11,88.0,0,0,155.0,0.61
[원당동],6180,1,원당현대,1998.08.,306.0,21.97,72.63,18.09,59.81,136,,,,,,,,,3,1,계단식,72,17.0,17.0,https://new.land.naver.com/complexes/6180?tab=detail&rf=Y,강원도 삼척시 원당동 122-3,강원도,삼척시,원당동,,,강원도 삼척시 오십천로 301-30,0.0,191,17,250.0,0.82
[원당동],6180,2,원당현대,1998.08.,306.0,31.19,103.14,25.69,84.93,170,,,,,,,,,3,2,계단식,103,17.0,17.0,https://new.land.naver.com/complexes/6180?tab=detail&rf=Y,강원도 삼척시 원당동 122-3,강원도,삼척시,원당동,,,강원도 삼척시 오십천로 301-30,0.0,191,17,250.0,0.82
[원당동],106304,1,삼척원당주공,1992.10.,130.0,15.98,52.83,14.21,46.98,80,,,,,,,,,2,1,복도식,52A,5.0,5.0,https://new.land.naver.com/complexes/106304?tab=detail&rf=Y,강원도 삼척시 원당동 170,강원도,삼척시,원당동,,,강원도 삼척시 원당로2길 20,0.0,92,20,122.0,0.94
[원당동],106304,2,삼척원당주공,1992.10.,130.0,16.08,53.16,14.31,47.31,50,,,,,,,,,2,1,복도식,53B,5.0,5.0,https://new.land.naver.com/complexes/106304?tab=detail&rf=Y,강원도 삼척시 원당동 170,강원도,삼척시,원당동,,,강원도 삼척시 원당로2길 20,0.0,92,20,122.0,0.94
[원당동],6183,1,한양,1991.07.,281.0,27.73,91.69,22.16,73.26,104,,,,,,,,,3,1,계단식,91,15.0,9.0,https://new.land.naver.com/complexes/6183?tab=detail&rf=Y,강원도 삼척시 원당동 117,강원도,삼척시,원당동,,,강원도 삼척시 오십천로 295-7,0.0,227,20,0.0,0.0
[원당동],6183,2,한양,1991.07.,281.0,31.76,105.01,25.57,84.54,177,,,,,,,,,3,2,계단식,105,15.0,9.0,https://new.land.naver.com/complexes/6183?tab=detail&rf=Y,강원도 삼척시 원당동 117,강원도,삼척시,원당동,,,강원도 삼척시 오십천로 295-7,0.0,227,20,0.0,0.0
[원당동],119890,1,뉴월드,2015.05.,16.0,26.37,87.19,21.74,71.9,12,,,,,,,,,3,2,복도식,87,5.0,5.0,https://new.land.naver.com/complexes/119890?tab=detail&rf=Y,강원도 삼척시 원당동 71,강원도,삼척시,원당동,,,강원도 삼척시 원당로2길 37,0.0,220,30,16.0,1.0
[원당동],119890,2,뉴월드,2015.05.,16.0,29.32,96.93,24.2,80.0,4,,,,,,,,,3,2,복도식,96,5.0,5.0,https://new.land.naver.com/complexes/119890?tab=detail&rf=Y,강원도 삼척시 원당동 71,강원도,삼척시,원당동,,,강원도 삼척시 원당로2길 37,0.0,220,30,16.0,1.0
[원덕읍],112907,1,시크릿캐슬(도시형),2014.10.,96.0,8.79,29.06,5.72,18.94,4,,,,,,,,,1,1,계단식,29B,10.0,9.0,https://new.land.naver.com/complexes/112907?tab=detail&rf=Y,강원도 삼척시 원덕읍 호산리 499,강원도,삼척시,원덕읍,,,강원도 삼척시 삼척로 446-23,0.0,242,29,0.0,0.0
[원덕읍],112907,2,시크릿캐슬(도시형),2014.10.,96.0,8.82,29.16,5.68,18.8,1,,,,,,,,,1,1,계단식,29A,10.0,9.0,https://new.land.naver.com/complexes/112907?tab=detail&rf=Y,강원도 삼척시 원덕읍 호산리 499,강원도,삼척시,원덕읍,,,강원도 삼척시 삼척로 446-23,0.0,242,29,0.0,0.0
[원덕읍],112907,3,시크릿캐슬(도시형),2014.10.,96.0,9.31,30.8,6.05,20.03,28,,,,,,,,,1,1,계단식,30D,10.0,9.0,https://new.land.naver.com/complexes/112907?tab=detail&rf=Y,강원도 삼척시 원덕읍 호산리 499,강원도,삼척시,원덕읍,,,강원도 삼척시 삼척로 446-23,0.0,242,29,0.0,0.0
[원덕읍],112907,4,시크릿캐슬(도시형),2014.10.,96.0,9.34,30.9,6.01,19.89,7,,,,,,,,,1,1,계단식,30C,10.0,9.0,https://new.land.naver.com/complexes/112907?tab=detail&rf=Y,강원도 삼척시 원덕읍 호산리 499,강원도,삼척시,원덕읍,,,강원도 삼척시 삼척로 446-23,0.0,242,29,0.0,0.0
[원덕읍],112907,5,시크릿캐슬(도시형),2014.10.,96.0,10.07,33.32,6.58,21.77,52,,,,,,,,,1,1,계단식,33A,10.0,9.0,https://new.land.naver.com/complexes/112907?tab=detail&rf=Y,강원도 삼척시 원덕읍 호산리 499,강원도,삼척시,원덕읍,,,강원도 삼척시 삼척로 446-23,0.0,242,29,0.0,0.0
[원덕읍],112907,6,시크릿캐슬(도시형),2014.10.,96.0,10.27,33.98,6.65,22.01,1,,,,,,,,,1,1,계단식,33B,10.0,9.0,https://new.land.naver.com/complexes/112907?tab=detail&rf=Y,강원도 삼척시 원덕읍 호산리 499,강원도,삼척시,원덕읍,,,강원도 삼척시 삼척로 446-23,0.0,242,29,0.0,0.0
[원덕읍],112907,7,시크릿캐슬(도시형),2014.10.,96.0,10.34,34.2,6.72,22.24,1,,,,,,,,,1,1,계단식,34C,10.0,9.0,https://new.land.naver.com/complexes/112907?tab=detail&rf=Y,강원도 삼척시 원덕읍 호산리 499,강원도,삼척시,원덕읍,,,강원도 삼척시 삼척로 446-23,0.0,242,29,0.0,0.0
[원덕읍],112907,8,시크릿캐슬(도시형),2014.10.,96.0,13.83,45.73,9.08,30.02,1,,,,,,,,,1,1,계단식,45,10.0,9.0,https://new.land.naver.com/complexes/112907?tab=detail&rf=Y,강원도 삼척시 원덕읍 호산리 499,강원도,삼척시,원덕읍,,,강원도 삼척시 삼척로 446-23,0.0,242,29,0.0,0.0
[원덕읍],112907,9,시크릿캐슬(도시형),2014.10.,96.0,15.43,51.03,10.21,33.78,1,,,,,,,,,1,1,계단식,51,10.0,9.0,https://new.land.naver.com/complexes/112907?tab=detail&rf=Y,강원도 삼척시 원덕읍 호산리 499,강원도,삼척시,원덕읍,,,강원도 삼척시 삼척로 446-23,0.0,242,29,0.0,0.0
[정상동],9604,1,강부3차,1995.01.,423.0,11.1,36.7,8.27,27.36,280,,,,,,,,,1,1,복도식,36,15.0,11.0,https://new.land.naver.com/complexes/9604?tab=detail&rf=Y,강원도 삼척시 정상동 356-2,강원도,삼척시,정상동,,,강원도 삼척시 동해대로 4122-20,0.0,205,18,125.0,0.3
[정상동],9604,2,강부3차,1995.01.,423.0,24.98,82.61,17.75,58.71,143,,,,,,,,,3,1,복도식,82,15.0,11.0,https://new.land.naver.com/complexes/9604?tab=detail&rf=Y,강원도 삼척시 정상동 356-2,강원도,삼척시,정상동,,,강원도 삼척시 동해대로 4122-20,0.0,205,18,125.0,0.3
[정상동],140486,1,삼척센트럴두산위브,2024.02.,736.0,29.79,98.5,22.63,74.82,167,,,,,,,,,3,2,계단식,98A,36.0,22.0,https://new.land.naver.com/complexes/140486?tab=detail&rf=Y,강원도 삼척시 정상동 351번지 일원,강원도,삼척시,정상동,,,강원도 삼척시,0.0,328,17,1241.0,1.69
[정상동],140486,2,삼척센트럴두산위브,2024.02.,736.0,29.88,98.8,22.54,74.52,51,,,,,,,,,4,2,계단식,98B,36.0,22.0,https://new.land.naver.com/complexes/140486?tab=detail&rf=Y,강원도 삼척시 정상동 351번지 일원,강원도,삼척시,정상동,,,강원도 삼척시,0.0,328,17,1241.0,1.69
[정상동],140486,3,삼척센트럴두산위브,2024.02.,736.0,33.54,110.9,25.57,84.55,171,,,,,,,,,4,2,계단식,110A,36.0,22.0,https://new.land.naver.com/complexes/140486?tab=detail&rf=Y,강원도 삼척시 정상동 351번지 일원,강원도,삼척시,정상동,,,강원도 삼척시,0.0,328,17,1241.0,1.69
[정상동],140486,4,삼척센트럴두산위브,2024.02.,736.0,33.76,111.63,25.54,84.46,149,,,,,,,,,4,2,계단식,111B,36.0,22.0,https://new.land.naver.com/complexes/140486?tab=detail&rf=Y,강원도 삼척시 정상동 351번지 일원,강원도,삼척시,정상동,,,강원도 삼척시,0.0,328,17,1241.0,1.69
[정상동],140486,5,삼척센트럴두산위브,2024.02.,736.0,39.16,129.47,30.05,99.35,128,,,,,,,,,4,2,계단식,129,36.0,22.0,https://new.land.naver.com/complexes/140486?tab=detail&rf=Y,강원도 삼척시 정상동 351번지 일원,강원도,삼척시,정상동,,,강원도 삼척시,0.0,328,17,1241.0,1.69
[정상동],140486,6,삼척센트럴두산위브,2024.02.,736.0,44.93,148.54,34.67,114.62,70,,,,,,,,,4,2,계단식,148,36.0,22.0,https://new.land.naver.com/complexes/140486?tab=detail&rf=Y,강원도 삼척시 정상동 351번지 일원,강원도,삼척시,정상동,,,강원도 삼척시,0.0,328,17,1241.0,1.69
[정상동],15818,1,석미한아름,1998.06.,675.0,15.49,51.21,12.06,39.87,225,,,,,,,,,2,1,계단식,51,15.0,15.0,https://new.land.naver.com/complexes/15818?tab=detail&rf=Y,강원도 삼척시 정상동 457-3,강원도,삼척시,정상동,,,강원도 삼척시 청석로 78,0.0,0,0,0.0,0.0
[정상동],15818,2,석미한아름,1998.06.,675.0,22.13,73.17,17.23,56.97,450,,,,,,,,,3,1,계단식,73,15.0,15.0,https://new.land.naver.com/complexes/15818?tab=detail&rf=Y,강원도 삼척시 정상동 457-3,강원도,삼척시,정상동,,,강원도 삼척시 청석로 78,0.0,0,0,0.0,0.0
[정상동],107993,1,정상청솔1차,2002.09.,500.0,25.1,82.98,18.1,59.85,500,,,,,,,,,2,1,계단식,82,15.0,12.0,https://new.land.naver.com/complexes/107993?tab=detail&rf=Y,강원도 삼척시 정상동 457-1,강원도,삼척시,정상동,,,강원도 삼척시 청석로 64,0.0,0,0,0.0,0.0
[정상동],144737,1,영진,1987.12.,128.0,17.15,56.7,15.1,49.94,30,,,,,,,,,2,1,계단식,56A,5.0,3.0,https://new.land.naver.com/complexes/144737?tab=detail&rf=Y,강원도 삼척시 정상동 455,강원도,삼척시,정상동,,,강원도 삼척시 동해대로 4025-10,0.0,0,0,0.0,0.0
[정상동],144737,2,영진,1987.12.,128.0,17.34,57.33,15.45,51.09,48,,,,,,,,,2,1,계단식,57B,5.0,3.0,https://new.land.naver.com/complexes/144737?tab=detail&rf=Y,강원도 삼척시 정상동 455,강원도,삼척시,정상동,,,강원도 삼척시 동해대로 4025-10,0.0,0,0,0.0,0.0
[정상동],144737,3,영진,1987.12.,128.0,17.42,57.59,15.45,51.09,30,,,,,,,,,2,1,계단식,57B,5.0,3.0,https://new.land.naver.com/complexes/144737?tab=detail&rf=Y,강원도 삼척시 정상동 455,강원도,삼척시,정상동,,,강원도 삼척시 동해대로 4025-10,0.0,0,0,0.0,0.0
[정상동],144737,4,영진,1987.12.,128.0,18.33,60.6,15.02,49.68,20,,,,,,,,,2,1,계단식,60A,5.0,3.0,https://new.land.naver.com/complexes/144737?tab=detail&rf=Y,강원도 삼척시 정상동 455,강원도,삼척시,정상동,,,강원도 삼척시 동해대로 4025-10,0.0,0,0,0.0,0.0
[정상동],17331,1,현진에버빌,2005.07.,455.0,26.22,86.68,19.52,64.56,140,,,,,,,,,3,2,계단식,86,15.0,10.0,https://new.land.naver.com/complexes/17331?tab=detail&rf=Y,강원도 삼척시 정상동 473,강원도,삼척시,정상동,,,강원도 삼척시 정상로 35,0.0,215,20,473.0,1.04
[정상동],17331,2,현진에버빌,2005.07.,455.0,32.67,108.03,24.32,80.42,140,,,,,,,,,3,2,계단식,108,15.0,10.0,https://new.land.naver.com/complexes/17331?tab=detail&rf=Y,강원도 삼척시 정상동 473,강원도,삼척시,정상동,,,강원도 삼척시 정상로 35,0.0,215,20,473.0,1.04
[정상동],17331,3,현진에버빌,2005.07.,455.0,35.69,118.01,25.69,84.95,55,,,,,,,,,3,2,계단식,118,15.0,10.0,https://new.land.naver.com/complexes/17331?tab=detail&rf=Y,강원도 삼척시 정상동 473,강원도,삼척시,정상동,,,강원도 삼척시 정상로 35,0.0,215,20,473.0,1.04
[정상동],17331,4,현진에버빌,2005.07.,455.0,38.76,128.14,25.7,84.99,120,,,,,,,,,3,2,계단식,128,15.0,10.0,https://new.land.naver.com/complexes/17331?tab=detail&rf=Y,강원도 삼척시 정상동 473,강원도,삼척시,정상동,,,강원도 삼척시 정상로 35,0.0,215,20,473.0,1.04
[정상동],102160,1,주공,1988.08.,300.0,8.94,29.58,7.6,25.14,12,,,,,,,,,2,1,계단식,29,5.0,5.0,https://new.land.naver.com/complexes/102160?tab=detail&rf=Y,강원도 삼척시 정상동 454,강원도,삼척시,정상동,,,강원도 삼척시 척주로 128,0.0,0,0,0.0,0.0
[정상동],102160,2,주공,1988.08.,300.0,11.54,38.16,9.81,32.43,98,,,,,,,,,2,1,계단식,38,5.0,5.0,https://new.land.naver.com/complexes/102160?tab=detail&rf=Y,강원도 삼척시 정상동 454,강원도,삼척시,정상동,,,강원도 삼척시 척주로 128,0.0,0,0,0.0,0.0
[정상동],102160,3,주공,1988.08.,300.0,14.1,46.63,11.98,39.63,110,,,,,,,,,2,1,계단식,46,5.0,5.0,https://new.land.naver.com/complexes/102160?tab=detail&rf=Y,강원도 삼척시 정상동 454,강원도,삼척시,정상동,,,강원도 삼척시 척주로 128,0.0,0,0,0.0,0.0
[정상동],102160,4,주공,1988.08.,300.0,15.99,52.86,14.22,47.01,80,,,,,,,,,2,1,계단식,52,5.0,5.0,https://new.land.naver.com/complexes/102160?tab=detail&rf=Y,강원도 삼척시 정상동 454,강원도,삼척시,정상동,,,강원도 삼척시 척주로 128,0.0,0,0,0.0,0.0
[정상동],106308,1,유성,1999.01.,478.0,16.09,53.2,11.94,39.48,63,,,,,,,,,2,1,복도식,53,15.0,9.0,https://new.land.naver.com/complexes/106308?tab=detail&rf=Y,강원도 삼척시 정상동 316-3,강원도,삼척시,정상동,,,강원도 삼척시 동해대로 4044-13,0.0,225,20,323.0,0.68
[정상동],106308,2,유성,1999.01.,478.0,19.57,64.72,14.52,48.03,195,,,,,,,,,2,1,계단식,64,15.0,9.0,https://new.land.naver.com/complexes/106308?tab=detail&rf=Y,강원도 삼척시 정상동 316-3,강원도,삼척시,정상동,,,강원도 삼척시 동해대로 4044-13,0.0,225,20,323.0,0.68
[정상동],106308,3,유성,1999.01.,478.0,24.22,80.08,17.97,59.43,220,,,,,,,,,3,1,계단식,80,15.0,9.0,https://new.land.naver.com/complexes/106308?tab=detail&rf=Y,강원도 삼척시 정상동 316-3,강원도,삼척시,정상동,,,강원도 삼척시 동해대로 4044-13,0.0,225,20,323.0,0.68
[정상동],124246,1,동원파크1차,1993.05.,43.0,31.29,103.47,24.42,80.74,37,,,,,,,,,3,2,계단식,103,6.0,3.0,https://new.land.naver.com/complexes/124246?tab=detail&rf=Y,강원도 삼척시 정상동 275-11,강원도,삼척시,정상동,,,강원도 삼척시 정라사거리길 54,0.0,172,36,28.0,0.65
[정상동],124246,2,동원파크1차,1993.05.,43.0,31.6,104.48,24.4,80.67,1,,,,,,,,,3,2,계단식,104,6.0,3.0,https://new.land.naver.com/complexes/124246?tab=detail&rf=Y,강원도 삼척시 정상동 275-11,강원도,삼척시,정상동,,,강원도 삼척시 정라사거리길 54,0.0,172,36,28.0,0.65
[정상동],124246,3,동원파크1차,1993.05.,43.0,42.71,141.21,33.38,110.36,5,,,,,,,,,4,2,계단식,141,6.0,3.0,https://new.land.naver.com/complexes/124246?tab=detail&rf=Y,강원도 삼척시 정상동 275-11,강원도,삼척시,정상동,,,강원도 삼척시 정라사거리길 54,0.0,172,36,28.0,0.65
[정상동],15817,1,경림한아름,2003.06.,196.0,24.73,81.78,18.11,59.87,112,,,,,,,,,3,1,계단식,81,14.0,14.0,https://new.land.naver.com/complexes/15817?tab=detail&rf=Y,강원도 삼척시 정상동 475,강원도,삼척시,정상동,,,강원도 삼척시 정상로 23,0.0,0,0,0.0,0.0
[정상동],15817,2,경림한아름,2003.06.,196.0,34.24,113.22,25.61,84.68,84,,,,,,,,,3,2,계단식,113,14.0,14.0,https://new.land.naver.com/complexes/15817?tab=detail&rf=Y,강원도 삼척시 정상동 475,강원도,삼척시,정상동,,,강원도 삼척시 정상로 23,0.0,0,0,0.0,0.0
[정상동],143578,1,삼도청솔빌라트,1995.01.,19.0,19.72,65.2,17.48,57.81,5,,,,,,,,,3,1,계단식,65A,5.0,4.0,https://new.land.naver.com/complexes/143578?tab=detail&rf=Y,강원도 삼척시 정상동 328,강원도,삼척시,정상동,,,강원도 삼척시 척주로 118,0.0,162,39,10.0,0.53
[정상동],143578,2,삼도청솔빌라트,1995.01.,19.0,20.42,67.53,18.11,59.88,10,,,,,,,,,3,1,계단식,67B,5.0,4.0,https://new.land.naver.com/complexes/143578?tab=detail&rf=Y,강원도 삼척시 정상동 328,강원도,삼척시,정상동,,,강원도 삼척시 척주로 118,0.0,162,39,10.0,0.53
[정상동],143578,3,삼도청솔빌라트,1995.01.,19.0,22.81,75.42,20.22,66.87,3,,,,,,,,,3,1,계단식,75,5.0,4.0,https://new.land.naver.com/complexes/143578?tab=detail&rf=Y,강원도 삼척시 정상동 328,강원도,삼척시,정상동,,,강원도 삼척시 척주로 118,0.0,162,39,10.0,0.53
[정상동],143578,4,삼도청솔빌라트,1995.01.,19.0,43.41,143.53,38.49,127.26,1,,,,,,,,,3,1,계단식,143,5.0,4.0,https://new.land.naver.com/complexes/143578?tab=detail&rf=Y,강원도 삼척시 정상동 328,강원도,삼척시,정상동,,,강원도 삼척시 척주로 118,0.0,162,39,10.0,0.53
